Order_ID,Customer_ID,Customer_Name,Gender,Product_Category,Quantity,Price,Payment_Method,Order_Status,City,Customer_Rating
2997,16078,Rahul,Male,Books,5,1518.62,Net Banking,Delivered,Hyderabad,3
3443,17002,Priya,Female,Books,7,1570.93,UPI,Pending,Bangalore,3
1681,17494,Ravi,Male,Electronics,4,3522.85,Cash,Delivered,Delhi,4
3400,11658,,Male,Furniture,8,158.79,Card,Delivered,Pune,4
3914,10969,,Female,Clothing,4,2016.41,UPI,Delivered,Hyderabad,4
2409,17550,Neha,Male,Electronics,6,3103.52,Cash,Delivered,Chennai,5
1950,10777,Rahul,Male,Grocery,1,3971.31,Card,Delivered,Bangalore,3
4741,13044,Priya,Female,Furniture,2,2092.73,Net Banking,Delivered,Kolkata,4
2999,14482,Ravi,Female,Electronics,9,2814.83,Cash,Pending,Pune,3
3342,16048,Amit,Female,Books,2,812.41,Net Banking,Pending,Hyderabad,2
1186,17327,Sneha,Male,Electronics,3,1347.08,UPI,Delivered,Delhi,4
2932,15643,Pooja,Male,Furniture,6,,UPI,Delivered,,5
2826,17017,Anuja,Male,Electronics,5,4363.42,Net Banking,Pending,Mumbai,3
1341,16461,Sneha,Female,Grocery,5,2777.45,Cash,Pending,Pune,3
2980,12431,Amit,Male,Clothing,5,742.77,Net Banking,Pending,Chennai,3
3331,11036,Neha,Female,Clothing,2,196.16,Net Banking,Delivered,Chennai,4
2049,16193,Rahul,Male,Clothing,8,1590.77,Net Banking,Delivered,Bangalore,4
4156,19819,Priya,Female,Grocery,3,4690.39,,Delivered,Mumbai,3
1470,17532,Ravi,Male,Clothing,2,2056.82,Net Banking,Delivered,Bangalore,5
3358,19908,Pooja,Male,Clothing,7,4921.01,Card,Delivered,Bangalore,4
2050,15821,Amit,Male,Clothing,3,3857.6,,Delivered,Delhi,4
3392,19065,Neha,Female,Books,5,2330.03,Cash,Pending,Chennai,3
2317,13206,Sneha,Female,Grocery,9,4084.03,,Delivered,Hyderabad,3
4339,13951,Rahul,Female,Grocery,7,3089.5,,Delivered,Delhi,5
3645,12358,Neha,Male,Furniture,5,4157.38,Cash,Delivered,Hyderabad,4
1082,11184,Sneha,Male,Books,3,4119.39,Net Banking,Delivered,Mumbai,4
1673,17169,Ravi,Male,Books,1,2342.87,Net Banking,Delivered,Delhi,4
4113,16124,Arjun,Female,Books,5,2850.31,UPI,Cancelled,Kolkata,3
4700,14416,Rahul,Female,Clothing,1,1107.57,Net Banking,Delivered,Hyderabad,4
3160,19744,Sneha,Female,Electronics,9,3587.7,Card,Pending,Hyderabad,3
2848,19241,Pooja,Male,Furniture,5,3532.92,Cash,Pending,Delhi,3
3232,10839,Arjun,Female,Furniture,1,4191.94,Net Banking,Delivered,Pune,4
1197,15696,Amit,Female,Electronics,3,3756.73,,Delivered,Bangalore,3
4644,12049,Kiran,Female,Electronics,7,3938.12,Cash,Cancelled,Kolkata,2
2189,10700,Arjun,Male,Electronics,3,965.72,Net Banking,Delivered,,5
4230,18989,Ravi,Female,Furniture,5,1599.48,Net Banking,Delivered,Bangalore,3
3449,17630,Ravi,Female,Clothing,7,2356.42,Net Banking,Delivered,Hyderabad,5
4164,19238,Neha,Female,Electronics,6,2513.07,Cash,Cancelled,Pune,3
1452,15470,Rahul,Female,Furniture,6,3964.28,Cash,Cancelled,,2
3190,15430,Anuja,Female,Furniture,2,1623.53,Cash,Delivered,Delhi,4
2621,15002,Anuja,Male,Grocery,6,4485.86,Net Banking,Delivered,Pune,3
1972,17073,Arjun,Male,Furniture,9,1358.74,UPI,Delivered,Kolkata,4
1597,12282,Rahul,Male,Furniture,8,2238.32,UPI,Delivered,Chennai,4
1178,13462,Rahul,Male,Furniture,2,1173.23,Card,Delivered,Pune,4
1768,14647,Sneha,Female,Clothing,9,4353.63,Card,Delivered,Chennai,3
4868,17181,Neha,Male,Electronics,3,,Cash,Delivered,Chennai,5
4269,18961,Arjun,Female,Clothing,9,636.06,Cash,Returned,Bangalore,2
2293,12363,Neha,Male,Grocery,1,1802.67,UPI,Pending,Delhi,4
1071,13177,Priya,Male,Clothing,6,2023.05,Net Banking,Delivered,Mumbai,4
3606,15491,Ravi,Female,Furniture,5,1210.41,Card,Delivered,Chennai,4
4800,11787,Kiran,Male,Electronics,5,2866.28,Cash,Delivered,Pune,4
4791,11210,Amit,Male,Grocery,8,3633.49,Net Banking,Delivered,Delhi,3
2015,11653,Amit,Female,Electronics,6,1600.14,Net Banking,Delivered,Kolkata,4
2233,13680,Ravi,Female,Furniture,8,3466.91,Card,Delivered,Kolkata,4
1167,13729,Amit,Female,Books,7,914.38,UPI,Pending,Chennai,3
1419,15156,Arjun,Male,Furniture,6,2050.8,UPI,Delivered,,3
3537,14816,,Female,Electronics,1,4250.21,UPI,Delivered,Bangalore,4
4025,14382,Rahul,Female,Books,7,2660.19,Net Banking,Pending,Mumbai,2
4896,19467,Amit,Male,Electronics,4,1033.52,Card,Delivered,Kolkata,4
2466,19721,Amit,Female,Clothing,8,3049.85,Cash,Delivered,Delhi,4
3073,13079,Arjun,Female,Books,1,,UPI,Delivered,Mumbai,5
4071,16927,Pooja,Female,Clothing,7,2807.05,UPI,Returned,Delhi,2
2531,14636,Amit,Male,Grocery,8,3819.18,Net Banking,Cancelled,Kolkata,2
4220,14635,Amit,Other,Clothing,5,,Card,Delivered,Chennai,5
2546,16820,Sneha,Female,Electronics,5,1294.25,Card,Delivered,Mumbai,4
4818,15660,Amit,Male,Clothing,6,4349.64,Cash,Pending,Chennai,3
3307,18733,,Female,Clothing,6,1610.98,Net Banking,Returned,Delhi,3
3841,16085,Sneha,Male,Grocery,4,3755.78,Card,Delivered,Pune,4
3148,13370,Arjun,Male,Furniture,7,976.68,Net Banking,Delivered,Bangalore,3
3453,16081,Rahul,Male,Furniture,7,2505.04,Card,Delivered,Pune,4
3352,18261,Ravi,Male,Furniture,7,1370.49,UPI,Delivered,,4
2040,19965,Rahul,Male,Electronics,7,293.65,UPI,Delivered,Delhi,3
4342,18167,Pooja,Female,Clothing,3,,Card,Pending,Bangalore,3
2551,13247,Priya,Male,Electronics,8,998.22,,Returned,Hyderabad,1
4858,16505,Rahul,Male,Grocery,2,178.02,Net Banking,Cancelled,Hyderabad,2
2351,17959,Priya,Male,Furniture,7,569.96,Card,Pending,Kolkata,3
1960,18945,Kiran,Male,Furniture,7,2450.74,Net Banking,Delivered,Pune,4
1305,14281,Pooja,Other,Electronics,1,2452.86,Cash,Delivered,Kolkata,4
2301,19861,Pooja,Female,Electronics,5,2588.58,Net Banking,Delivered,Chennai,4
3535,15366,Arjun,Female,Books,8,2269.14,Cash,Delivered,Delhi,4
2495,18102,Arjun,Male,Clothing,6,3752.38,Cash,Delivered,Bangalore,5
2549,10752,Anuja,Female,Grocery,9,484.47,Cash,Delivered,Hyderabad,4
4451,13469,Ravi,Male,Electronics,4,2916.79,UPI,Delivered,Delhi,3
1162,19965,Kiran,Female,Electronics,4,1497.35,Card,Delivered,Mumbai,5
4633,15024,Priya,Male,Clothing,5,2479,Net Banking,Delivered,Delhi,4
1262,17371,Kiran,Male,Furniture,3,1260.34,Net Banking,Delivered,Pune,4
1514,13290,Neha,Female,Books,9,3191.97,UPI,Returned,,1
2428,14408,Anuja,Female,Clothing,3,544.09,UPI,Delivered,Kolkata,4
4749,14962,Ravi,Male,Books,3,2273.6,Card,Delivered,Pune,4
1201,14277,Priya,Female,Clothing,2,510,Net Banking,Pending,Chennai,4
3324,18598,Ravi,Male,Grocery,8,3178.33,,Delivered,Chennai,4
1133,14264,Ravi,Male,Electronics,1,1314.26,Net Banking,Cancelled,Bangalore,3
4377,15968,Neha,Female,Clothing,2,3906.62,UPI,Pending,Bangalore,4
3894,12526,Priya,Female,Grocery,5,1227.38,Card,Delivered,Bangalore,4
4289,16851,Rahul,Male,Electronics,9,3416.75,Net Banking,Returned,Chennai,3
1469,13144,Arjun,Female,Electronics,1,3041.84,Card,Delivered,Hyderabad,4
2937,16229,Arjun,Female,Clothing,6,2646.32,Cash,Delivered,Delhi,4
3756,15594,Anuja,Female,Clothing,4,3714.15,UPI,Delivered,Delhi,4
3790,10364,Rahul,Female,Books,6,1358.08,Net Banking,Delivered,Delhi,4
3734,17615,Priya,Female,Books,3,2891.2,UPI,Delivered,,3
1680,11787,Rahul,Female,Grocery,8,1653.76,UPI,Pending,Bangalore,4
4636,16713,Sneha,Male,Grocery,9,467.93,UPI,Delivered,Kolkata,3
2875,14390,Neha,Female,Grocery,9,,UPI,Delivered,Kolkata,5
3169,11927,Priya,Male,Electronics,6,1771.49,UPI,Returned,Mumbai,1
1278,10773,Arjun,Female,Grocery,4,4915.05,Net Banking,Pending,Mumbai,3
4420,11545,Neha,Female,Grocery,9,3192.8,Card,Delivered,Hyderabad,4
1253,11126,Pooja,Male,Furniture,8,1261.88,Cash,Delivered,Kolkata,4
1526,10798,Anuja,Female,Books,7,,,Cancelled,,2
1335,18490,Pooja,Female,Grocery,8,3818.38,Net Banking,Pending,Mumbai,3
2572,15695,Anuja,Male,Clothing,7,2809.22,Card,Delivered,Chennai,4
3989,12333,Sneha,Female,Electronics,9,2902.47,Card,Delivered,Mumbai,4
4533,14310,,Male,Grocery,7,1252.71,Net Banking,Cancelled,Chennai,2
1277,18520,Ravi,Female,Grocery,8,2236.85,Net Banking,Pending,Bangalore,3
2599,15260,Priya,Male,Clothing,6,3691.84,UPI,Pending,Bangalore,3
4226,12490,Anuja,Female,Clothing,9,1934.04,Net Banking,Cancelled,Mumbai,2
1129,15794,Priya,Female,Books,7,1104,Card,Delivered,Hyderabad,4
2211,17034,Rahul,Male,Furniture,4,389.84,UPI,Delivered,Mumbai,3
1984,19230,,Female,Furniture,7,3022.43,Net Banking,Delivered,Chennai,3
1862,11803,Amit,Male,Grocery,8,4048.93,Net Banking,Cancelled,Delhi,2
4287,14415,Anuja,Female,Books,1,3589.45,Card,Cancelled,Hyderabad,1
4954,11164,Arjun,Female,Grocery,2,4213.64,UPI,Delivered,Mumbai,4
3799,12460,Rahul,Male,Electronics,8,3278.38,Cash,Delivered,Pune,4
4641,19475,Ravi,Male,Grocery,7,746.74,Card,Pending,Delhi,3
3851,11196,Neha,Female,Grocery,3,3195.85,Card,Pending,Bangalore,3
3121,19203,Arjun,Female,Furniture,8,1094.92,UPI,Delivered,Chennai,5
4122,14439,,Male,Grocery,1,2444.67,UPI,Delivered,Kolkata,4
4431,15957,Rahul,Male,Electronics,6,,UPI,Delivered,Pune,3
2548,15218,Pooja,Female,Clothing,2,494.57,Card,Pending,Pune,3
3971,10045,Neha,Female,Books,9,3386.76,Cash,Returned,Chennai,2
2477,15362,Rahul,Female,Electronics,6,3656.52,UPI,Pending,Kolkata,3
1964,11699,Sneha,Male,Books,8,4168.77,Card,Delivered,,4
3036,17894,Neha,Male,Furniture,8,320.94,Cash,Returned,Delhi,2
1790,10605,Sneha,Male,Grocery,9,1295.13,Card,Delivered,Hyderabad,3
3159,19883,Amit,Female,Clothing,4,422.88,Card,Delivered,Hyderabad,4
2030,18812,Neha,Male,Electronics,9,1856.07,UPI,Delivered,Chennai,4
4884,10883,Neha,Other,Books,3,4708.7,Card,Delivered,Chennai,4
1992,11630,Arjun,Female,Books,7,3719.23,Cash,Delivered,Pune,4
1578,19058,Neha,Female,Grocery,7,3264.2,Net Banking,Cancelled,Kolkata,1
1473,18328,Sneha,Male,Books,3,1557,UPI,Delivered,Hyderabad,4
1993,10753,Neha,Male,Electronics,2,2782.56,Cash,Delivered,Chennai,4
3279,10672,Rahul,Male,Electronics,6,4502.71,,Delivered,Hyderabad,5
4562,11996,Amit,Male,Clothing,6,4414.99,UPI,Delivered,Bangalore,4
4705,16744,Priya,Male,Grocery,6,4543.28,Cash,Delivered,Mumbai,4
4096,14157,Priya,Female,Grocery,4,3001.71,Card,Pending,Pune,3
1256,12774,Priya,Female,Books,8,,UPI,Delivered,Chennai,5
4034,19204,Arjun,Female,Furniture,3,,Cash,Delivered,Delhi,5
4005,11054,Amit,Male,Books,3,3057.51,Cash,Delivered,Delhi,3
4530,13677,Amit,Male,Clothing,6,4863.07,Card,Delivered,Hyderabad,4
3924,13006,Sneha,Male,Furniture,8,1634.19,Card,Delivered,Pune,5
1366,15938,Arjun,Male,Furniture,4,4390.81,Card,Pending,Mumbai,2
1051,17564,Sneha,Male,Furniture,3,3075.64,Net Banking,Delivered,Delhi,5
1993,18801,Rahul,Female,Books,1,1314.9,UPI,Pending,Pune,3
2711,19711,Priya,Female,Furniture,6,4472.49,Card,Delivered,Kolkata,5
4175,14995,Pooja,Male,Grocery,7,606.64,Net Banking,Pending,Bangalore,3
1214,14090,Rahul,Female,Furniture,8,297.83,UPI,Delivered,,4
4747,10952,,Male,Books,6,4679.82,Cash,Delivered,Hyderabad,4
3267,19184,Anuja,Male,Grocery,7,1727.27,Card,Delivered,Delhi,3
4193,16752,Kiran,Male,Furniture,7,4719.64,Card,Delivered,Kolkata,4
2749,15736,Neha,Other,Clothing,6,4842.9,Cash,Pending,Mumbai,3
1552,14529,Priya,Other,Clothing,8,4505.71,Cash,Delivered,Bangalore,4
1382,16558,Anuja,Female,Electronics,3,894.72,Cash,Delivered,Pune,5
1273,12720,Rahul,Male,Clothing,9,3016.65,Net Banking,Pending,Delhi,3
3946,10730,Anuja,Female,Clothing,4,567.08,Net Banking,Pending,Mumbai,3
2648,18771,Kiran,Female,Grocery,7,3982.23,UPI,Delivered,Chennai,4
3353,11156,Neha,Female,Furniture,7,776.5,Cash,Delivered,Chennai,4
3679,19143,Kiran,Male,Electronics,9,1866.61,Card,Pending,Delhi,4
4005,18053,Pooja,Male,Books,6,2503.49,Cash,Delivered,Chennai,4
1967,12200,Sneha,Male,Electronics,6,2934.71,UPI,Delivered,Hyderabad,3
1689,10834,Priya,Male,Electronics,2,2402.65,UPI,Pending,Bangalore,3
1127,11198,Kiran,Female,Clothing,7,1326.05,Card,Delivered,Hyderabad,3
4590,19907,Rahul,Male,Books,3,3338.04,Cash,Delivered,Chennai,3
1855,18861,Anuja,Male,Electronics,9,4471.52,Net Banking,Returned,Hyderabad,1
2462,17167,Priya,Female,Electronics,1,4281.38,UPI,Delivered,Chennai,4
2391,13775,Arjun,Female,Grocery,6,2479.65,Cash,Pending,Bangalore,3
4702,11806,,Male,Clothing,5,3507.53,UPI,Delivered,Chennai,4
1944,15632,Ravi,Female,Grocery,9,3811.75,Card,Pending,Bangalore,3
2462,15083,Rahul,Female,Grocery,7,3373.35,Cash,Pending,Delhi,3
2028,13989,,Male,Grocery,1,2191.7,UPI,Delivered,Hyderabad,3
3587,19481,Kiran,Male,Books,8,1586.59,Card,Cancelled,,3
2079,18216,Neha,Female,Furniture,6,3446.18,UPI,Delivered,Mumbai,4
3101,19983,Sneha,Male,Clothing,3,1897.91,Net Banking,Delivered,Kolkata,5
4171,12663,Anuja,Male,Grocery,3,3391.73,Card,Delivered,Pune,3
4653,16590,Pooja,Other,Clothing,9,2670.72,,Delivered,Delhi,4
3470,18352,Kiran,Female,Clothing,3,1777.13,Net Banking,Delivered,Bangalore,4
4503,17743,Anuja,Male,Clothing,2,1623.42,UPI,Delivered,Kolkata,4
2418,14323,Priya,Female,Grocery,3,2176.32,UPI,Cancelled,Bangalore,2
1698,19917,Rahul,Male,Furniture,8,4400.74,UPI,Delivered,Kolkata,3
2344,12413,Ravi,Female,Furniture,9,3374.46,UPI,Pending,Mumbai,3
2645,16671,Sneha,Female,Furniture,3,1423.17,Net Banking,Pending,Pune,3
1154,18273,Neha,Male,Books,4,2003.08,Cash,Pending,,3
4984,16828,Anuja,Female,Furniture,3,671.36,UPI,Pending,Delhi,3
4769,10528,Neha,Female,Electronics,7,4781.96,UPI,Pending,Delhi,3
1868,19736,Kiran,Female,Clothing,3,3252.66,Card,Delivered,,4
4211,15594,Anuja,Female,Clothing,5,3361.15,Cash,Delivered,Pune,4
4839,13932,Ravi,Female,Electronics,3,1715.41,Cash,Pending,Bangalore,4
3575,19234,Pooja,Female,Clothing,8,480.79,UPI,Cancelled,Mumbai,1
2384,19544,Amit,Female,Furniture,3,4549.52,Cash,Delivered,Kolkata,4
3001,16454,Ravi,Female,Clothing,2,4115.12,Cash,Returned,Pune,1
2366,16012,Ravi,Female,Clothing,1,3051.17,Net Banking,Cancelled,Mumbai,2
4952,17823,Kiran,Female,Furniture,4,1446.07,UPI,Delivered,Kolkata,5
2668,15809,Kiran,Male,Clothing,5,,UPI,Cancelled,,2
4420,14690,Rahul,Female,Books,8,,UPI,Delivered,Delhi,5
4897,14060,Priya,Male,Furniture,3,3174.9,Card,Pending,Mumbai,3
2561,13196,Pooja,Male,Books,4,1807.59,,Delivered,,4
2735,10938,Amit,Female,Electronics,9,2206.11,Card,Pending,Hyderabad,3
4012,14134,Anuja,Male,Grocery,4,1066.01,,Delivered,Mumbai,4
2250,17872,Pooja,Female,Electronics,5,647.69,Net Banking,Delivered,Mumbai,4
2985,18007,Neha,Female,Electronics,6,1741.46,UPI,Pending,Hyderabad,4
2338,19451,Anuja,Female,Clothing,9,643.97,UPI,Delivered,Chennai,4
1171,14811,Pooja,Male,Furniture,7,2632.95,Card,Delivered,Chennai,4
2710,19617,Neha,Female,Electronics,9,2129.33,Cash,Returned,,2
3411,18948,Amit,Male,Electronics,5,1128.96,Card,Delivered,Chennai,4
4667,15487,Priya,Female,Clothing,5,2161.01,UPI,Returned,Delhi,2
1632,10292,Neha,Male,Books,1,3789.76,UPI,Delivered,Pune,4
3591,12530,Rahul,Female,Furniture,4,3883.53,Net Banking,Delivered,Mumbai,4
1689,18772,Ravi,Male,Furniture,7,4646.2,Card,Delivered,,4
1559,16157,Arjun,Female,Books,3,424.11,UPI,Delivered,,3
4097,13279,Kiran,Male,Grocery,8,787.97,Card,Delivered,Mumbai,3
3582,18814,Sneha,Male,Furniture,9,,Card,Delivered,Pune,4
3224,17213,Pooja,Male,Books,5,3819.94,Card,Delivered,Delhi,5
2500,17013,Sneha,Male,Grocery,8,4700.75,UPI,Delivered,,3
2705,18605,Priya,Female,Furniture,7,2223.42,UPI,Delivered,Delhi,4
3660,18712,Neha,Female,Electronics,7,1570.24,Cash,Delivered,Chennai,4
3830,17249,Amit,Male,Clothing,7,2586.99,Cash,Pending,Chennai,3
3797,10354,Neha,Female,Furniture,7,3665.75,UPI,Pending,,3
2731,11334,Ravi,Male,Electronics,7,4870.52,UPI,Delivered,Hyderabad,4
4891,14297,Anuja,Male,Clothing,7,158.8,Net Banking,Cancelled,Kolkata,3
3571,11506,Priya,Female,Electronics,4,2606.65,Card,Cancelled,Delhi,2
1880,16060,Priya,Other,Clothing,1,,Card,Delivered,Bangalore,4
4864,12665,Arjun,Female,Furniture,6,,Cash,Delivered,Hyderabad,3
4348,14526,Amit,Male,Clothing,4,3869.21,Cash,Pending,Mumbai,3
2565,10268,Pooja,Male,Grocery,5,449.33,Cash,Delivered,Hyderabad,5
2045,13283,Anuja,Female,Grocery,2,2606.4,UPI,Delivered,Pune,3
3884,15563,Amit,Female,Books,5,2587.01,Card,Delivered,Kolkata,4
1282,13146,Arjun,Male,Furniture,4,1317.13,Cash,Delivered,Mumbai,4
3300,15210,Ravi,Female,Grocery,2,4137.49,UPI,Delivered,Bangalore,4
4136,10559,Rahul,Male,Grocery,7,1525.12,UPI,Cancelled,,2
4198,14176,,Female,Electronics,4,2384.57,Card,Delivered,Chennai,4
4871,18667,Rahul,Male,Clothing,9,3152.81,Card,Delivered,Bangalore,4
2271,18353,Sneha,Male,Clothing,6,1442.37,,Returned,Bangalore,2
1780,10171,Pooja,Male,Electronics,4,4952.09,UPI,Delivered,Chennai,3
4795,10357,Sneha,Male,Grocery,3,3477.2,UPI,Returned,Delhi,2
1389,12924,Ravi,Male,Furniture,5,4816.04,Card,Delivered,Chennai,3
4178,14663,,Male,Clothing,7,4764.68,,Delivered,Mumbai,4
3682,12465,Kiran,Male,Clothing,4,572.45,Cash,Delivered,Chennai,4
3037,19457,Sneha,Male,Books,3,3573.69,Card,Delivered,Delhi,3
1882,11817,Anuja,Female,Clothing,1,2406.01,,Pending,Kolkata,3
2191,18488,Anuja,Female,Furniture,1,3725.54,Card,Delivered,Chennai,4
4495,10686,Sneha,Female,Grocery,3,3514.2,Net Banking,Delivered,Hyderabad,4
2801,11509,Anuja,Male,Books,4,2574.85,Net Banking,Delivered,Chennai,3
4754,11145,Ravi,Female,Grocery,4,4622.57,Cash,Delivered,Mumbai,3
1155,15856,Rahul,Female,Grocery,2,2974.07,Net Banking,Delivered,Delhi,4
2355,10747,Anuja,Female,Clothing,8,190.63,Card,Cancelled,Delhi,1
4490,10173,Priya,Female,Electronics,1,3929.48,Card,Delivered,Kolkata,4
1537,16023,Amit,Female,Furniture,5,3647.95,UPI,Pending,Kolkata,3
1112,19377,Kiran,Male,Clothing,4,4384.35,Net Banking,Delivered,Mumbai,3
4572,10618,Rahul,Female,Grocery,7,3273.35,,Delivered,Bangalore,4
1255,13395,Kiran,Female,Books,6,371.21,Net Banking,Cancelled,Hyderabad,1
1638,17795,Priya,Female,Grocery,8,1184.17,Cash,Delivered,Kolkata,3
4925,11906,Arjun,Male,Furniture,7,990.32,Cash,Pending,,3
3745,14234,Kiran,Male,Electronics,5,485.38,Net Banking,Pending,Bangalore,3
4401,11734,Kiran,Male,Books,3,3532.02,Card,Delivered,Pune,3
3849,12198,Rahul,Male,Grocery,6,2215.69,UPI,Delivered,Chennai,4
2932,17420,Pooja,Male,Clothing,4,999.03,UPI,Delivered,Bangalore,5
3186,11885,Kiran,Male,Electronics,1,3884.39,Net Banking,Delivered,Delhi,5
2910,11844,,Male,Grocery,9,924.72,Cash,Delivered,Mumbai,4
4902,13534,Anuja,Male,Clothing,5,4793.69,Net Banking,Delivered,Chennai,4
3257,19408,Neha,Female,Electronics,2,308.19,Cash,Delivered,Pune,4
4583,17730,Kiran,Male,Clothing,2,841.57,UPI,Returned,Hyderabad,2
1236,13523,Ravi,Male,Clothing,1,3259.51,,Cancelled,Kolkata,2
3386,19637,Anuja,Male,Grocery,6,3137.82,Card,Pending,Bangalore,3
4426,15949,Pooja,Male,Furniture,5,2626.47,UPI,Delivered,Mumbai,3
4016,13540,Amit,Female,Clothing,4,2713.76,Net Banking,Cancelled,Pune,1
3218,18893,Amit,Male,Clothing,4,3577.41,Net Banking,Delivered,Delhi,5
4974,11600,Arjun,Male,Electronics,2,2808.99,Net Banking,Delivered,Pune,4
1824,11157,Pooja,Female,Grocery,3,2207.76,Net Banking,Delivered,Chennai,4
1795,13516,Rahul,Female,Electronics,2,4524.75,Cash,Delivered,Mumbai,4
3555,15037,Anuja,Male,Grocery,4,1448.18,Net Banking,Returned,Pune,2
3886,19628,Neha,Female,Furniture,6,,Net Banking,Delivered,Hyderabad,3
1938,16558,Rahul,Male,Furniture,4,1628.27,Card,Returned,Kolkata,1
4235,18759,Pooja,Male,Clothing,8,2071.85,Card,Delivered,Mumbai,4
3982,14615,Ravi,Male,Books,3,2076.44,Net Banking,Pending,Mumbai,3
4860,11245,Priya,Female,Books,4,788.41,Net Banking,Delivered,Hyderabad,4
1545,13878,Pooja,Male,Clothing,9,2795.29,Net Banking,Delivered,Hyderabad,4
2258,15491,Amit,Female,Furniture,2,1636.25,Net Banking,Delivered,Delhi,4
4595,19196,Kiran,Other,Furniture,8,994.51,Net Banking,Delivered,Delhi,5
1874,17973,Priya,Female,Grocery,5,2026.29,Card,Cancelled,Mumbai,1
3320,11161,Anuja,Other,Books,5,267.45,UPI,Pending,Chennai,3
2909,12639,Pooja,Male,Furniture,7,4668.62,Net Banking,Delivered,Delhi,4
3870,18420,Sneha,Female,Grocery,3,2195.88,Card,Pending,Pune,3
2207,12655,Sneha,Female,Books,8,4504.07,Net Banking,Cancelled,Delhi,3
2750,10104,Neha,Other,Furniture,3,4522.73,Net Banking,Delivered,Kolkata,4
2085,14646,Pooja,Male,Furniture,9,4008.53,Net Banking,Delivered,Hyderabad,5
4512,15905,Rahul,Male,Grocery,5,3960.63,Net Banking,Pending,Pune,3
2996,12873,Neha,Male,Clothing,9,727.48,,Delivered,Hyderabad,4
2212,19272,Rahul,Other,Clothing,4,2404.77,Cash,Returned,Kolkata,2
4333,15633,Priya,Male,Furniture,7,3728.57,Net Banking,Returned,Delhi,3
3282,14860,Arjun,Female,Grocery,1,2870.95,Cash,Delivered,Delhi,4
4028,19236,Priya,Male,Electronics,6,4387.2,UPI,Pending,Delhi,3
3987,17485,Amit,Male,Books,4,2130.93,Net Banking,Delivered,Delhi,3
2289,17535,Neha,Female,Clothing,3,2413.24,Cash,Delivered,,4
2847,18776,Rahul,Male,Books,3,4875.92,UPI,Delivered,Hyderabad,5
4258,11499,Ravi,Female,Clothing,7,2489.98,Net Banking,Pending,Kolkata,2
1684,17776,Rahul,Male,Books,7,4939.71,UPI,Delivered,Kolkata,5
3492,13717,Amit,Male,Books,3,4228.54,Cash,Delivered,Delhi,4
2243,14350,Anuja,Male,Furniture,8,2189.27,UPI,Returned,Kolkata,1
2552,16679,Ravi,Male,Books,7,2403.68,,Delivered,Hyderabad,4
3085,12024,Neha,Male,Books,2,2573.81,UPI,Delivered,Bangalore,4
2121,16513,Arjun,Male,Clothing,4,3976.24,UPI,Delivered,Pune,4
4608,18837,Anuja,Male,Grocery,2,2393.37,,Delivered,Kolkata,3
1646,19411,Pooja,Female,Books,9,1816.99,UPI,Pending,Bangalore,3
2252,10834,Kiran,Female,Clothing,7,2649.89,Cash,Delivered,Hyderabad,4
3015,15558,Pooja,Male,Electronics,9,966.11,Card,Delivered,Mumbai,3
2810,16841,Arjun,Male,Grocery,8,2769.97,UPI,Delivered,Kolkata,4
2320,19869,Neha,Male,Clothing,7,2651.16,,Delivered,Hyderabad,4
1220,16560,Priya,Other,Clothing,4,4707.59,UPI,Pending,Kolkata,3
3050,13403,Pooja,Female,Furniture,3,1556.42,Net Banking,Delivered,Chennai,4
3486,15185,Pooja,Female,Grocery,8,4995.47,Net Banking,Pending,Hyderabad,3
1975,11369,Neha,Other,Electronics,7,4017.19,Net Banking,Pending,Pune,4
1954,10845,Priya,Male,Furniture,5,2282.54,Net Banking,Delivered,Kolkata,4
1498,17279,Rahul,Female,Grocery,3,3458.14,UPI,Delivered,Mumbai,4
1674,11111,Arjun,Male,Furniture,4,,Cash,Delivered,Delhi,3
3965,18014,Kiran,Female,Books,9,801.02,UPI,Delivered,Pune,4
2142,19475,Arjun,Male,Books,9,3014.18,Net Banking,Returned,Mumbai,3
2798,19399,Priya,Male,Books,5,4442.05,UPI,Cancelled,Kolkata,3
1519,11143,Priya,Male,Clothing,1,695.51,UPI,Delivered,Chennai,4
2353,13257,Arjun,Male,Furniture,2,3794.7,UPI,Delivered,Mumbai,4
2682,16799,Kiran,Male,Grocery,7,3044.22,Card,Pending,Chennai,2
2701,14644,Arjun,Female,Books,2,2861.03,Cash,Pending,Mumbai,2
4961,18581,Pooja,Male,Books,8,3807.01,Cash,Pending,Mumbai,3
4681,17034,Ravi,Male,Clothing,4,3592.65,Net Banking,Cancelled,Mumbai,2
4780,14244,Pooja,Male,Electronics,1,,Cash,Cancelled,Chennai,2
1174,17203,Sneha,Male,Furniture,7,2364.4,Net Banking,Delivered,Pune,4
2339,13659,Anuja,Male,Electronics,4,1165.18,Card,Cancelled,,3
3197,18792,Anuja,Male,Clothing,3,3035.06,,Cancelled,Delhi,2
4959,12211,Arjun,Male,Grocery,8,2151.52,Card,Pending,Bangalore,4
1488,18712,Rahul,Female,Electronics,7,1496.56,Cash,Delivered,Delhi,5
2092,18825,Anuja,Female,Books,9,3378.69,,Delivered,Chennai,4
4374,19388,Kiran,Female,Furniture,4,3640.06,,Pending,Delhi,3
4561,15264,Sneha,Male,Furniture,3,1673.86,UPI,Delivered,Hyderabad,5
2596,13495,Sneha,Male,Books,1,4421.5,UPI,Delivered,Mumbai,4
1725,13949,Kiran,Male,Grocery,1,3051.44,Net Banking,Cancelled,Kolkata,2
4808,10671,Amit,Male,Clothing,2,3627.93,Cash,Delivered,Bangalore,4
4109,12586,Arjun,Female,Grocery,3,330.29,Card,Delivered,Mumbai,4
3587,19228,,Male,Furniture,4,,,Delivered,Kolkata,5
4079,16121,Amit,Male,Clothing,9,1316.01,Cash,Pending,Bangalore,3
2976,15302,Ravi,Male,Furniture,8,1877.9,UPI,Delivered,Delhi,5
1928,12178,Priya,Male,Furniture,8,1135.43,,Delivered,Pune,5
2506,17616,Sneha,Male,Books,4,832.65,Net Banking,Delivered,Bangalore,3
2140,17867,Arjun,Male,Furniture,2,1795.36,Card,Delivered,Bangalore,3
3372,10356,Ravi,Male,Clothing,8,2077.09,,Returned,,2
1523,18106,Amit,Male,Furniture,7,3297.6,Cash,Delivered,Mumbai,3
4893,19398,Kiran,Female,Clothing,9,3231.99,Cash,Delivered,Delhi,4
3343,11777,Neha,Female,Furniture,7,2660.7,Net Banking,Delivered,Chennai,4
4865,12064,Rahul,Female,Electronics,1,2107.94,Card,Cancelled,Delhi,3
1588,18568,Priya,Female,Electronics,8,3192.62,UPI,Cancelled,Kolkata,3
4288,16389,Sneha,Male,Electronics,8,982.89,Net Banking,Delivered,Pune,3
4384,12963,,Male,Books,7,1095.99,UPI,Delivered,Pune,5
3938,11248,Sneha,Female,Books,6,2044.85,UPI,Delivered,Chennai,3
1038,15677,Rahul,Female,Furniture,9,2715.31,Cash,Cancelled,Chennai,2
3477,16330,Rahul,Female,Furniture,8,260.45,Card,Delivered,Delhi,5
2686,16250,Priya,Other,Furniture,9,2407.11,Card,Delivered,Pune,5
3928,16645,Anuja,Male,Clothing,6,4471.35,Card,Delivered,Delhi,4
2858,17520,Neha,Female,Grocery,7,272.23,Net Banking,Delivered,Hyderabad,5
3135,11003,Neha,Female,Books,1,3255.59,UPI,Delivered,Hyderabad,3
4384,17879,Anuja,Female,Clothing,8,760.17,Card,Delivered,,4
1986,16610,Kiran,Female,Electronics,1,,UPI,Cancelled,Pune,2
3125,11540,Kiran,Male,Electronics,6,2385.19,Card,Delivered,Chennai,4
4709,12428,Amit,Male,Clothing,8,2221.02,Card,Delivered,Hyderabad,3
1213,17436,Priya,Female,Electronics,7,2035.62,UPI,Delivered,Pune,4
2391,19267,Amit,Female,Grocery,1,3502.73,UPI,Delivered,Pune,4
4413,14433,Pooja,Female,Furniture,8,3416.9,UPI,Delivered,Hyderabad,4
2171,12867,Pooja,Male,Furniture,6,4464.39,Cash,Delivered,Hyderabad,4
1187,17260,Amit,Female,Grocery,4,776.99,Card,Delivered,Bangalore,4
3944,15861,Kiran,Male,Furniture,5,3462.35,Net Banking,Delivered,Mumbai,5
2347,16000,Neha,Female,Grocery,2,,UPI,Delivered,Mumbai,3
3657,15751,Ravi,Male,Clothing,3,3623.28,Card,Delivered,Delhi,4
4067,15065,Anuja,Female,Furniture,5,611.59,Cash,Delivered,Kolkata,4
3772,13770,Amit,Male,Grocery,3,827.13,Net Banking,Delivered,Delhi,4
1282,14250,Anuja,Female,Furniture,3,3619.46,UPI,Delivered,Kolkata,4
4662,12745,Amit,Female,Electronics,7,3142.77,Net Banking,Delivered,Pune,3
2062,14099,Kiran,Male,Books,3,1682.44,Net Banking,Pending,Pune,4
3700,16413,Ravi,Male,Clothing,7,823.71,Card,Cancelled,Bangalore,3
3583,16461,Amit,Male,Electronics,1,2702.4,Cash,Delivered,Delhi,4
2215,11283,Neha,Male,Books,4,2640.01,Card,Delivered,Chennai,3
4183,14893,Kiran,Male,Books,4,4201.47,UPI,Delivered,Hyderabad,3
2445,18479,Sneha,Male,Clothing,2,3340.11,Cash,Pending,Hyderabad,2
1190,19763,Pooja,Female,Books,6,,Card,Delivered,Kolkata,5
2456,11263,Kiran,Female,Furniture,7,557.5,Card,Delivered,Chennai,5
1125,12666,Kiran,Male,Books,4,1588.33,UPI,Delivered,Hyderabad,3
3963,19491,,Female,Clothing,2,137.31,,Delivered,Hyderabad,4
3309,11613,Neha,Female,Furniture,3,3242.72,Card,Delivered,Bangalore,3
1507,13033,Kiran,Female,Grocery,2,4337.67,Net Banking,Cancelled,Pune,2
4289,16763,Pooja,Female,Grocery,6,3837.2,,Cancelled,Hyderabad,2
2274,14092,Priya,Female,Clothing,1,605.73,,Returned,Hyderabad,2
4514,11148,Rahul,Female,Furniture,3,4186.55,Card,Pending,Kolkata,4
1171,10675,Amit,Other,Electronics,6,2906.34,Card,Pending,Pune,2
3696,17120,Anuja,Female,Grocery,9,2660.08,Card,Delivered,Delhi,3
2505,19749,Ravi,Female,Clothing,1,1288.82,UPI,Delivered,Delhi,4
3545,12888,Ravi,Female,Grocery,9,4427.13,,Delivered,Mumbai,4
3854,11548,Neha,Female,Books,3,3488.21,Cash,Delivered,Hyderabad,5
2410,17398,Pooja,Male,Grocery,9,2451.45,UPI,Delivered,Bangalore,4
1205,17226,Amit,Female,Electronics,2,3933.04,UPI,Delivered,Bangalore,4
2113,13536,Pooja,Male,Books,5,263.24,Net Banking,Delivered,Kolkata,5
1337,14752,,Female,Electronics,5,526.13,Card,Delivered,Chennai,4
2967,13598,Amit,Female,Furniture,3,2588.8,UPI,Delivered,Pune,4
3092,17110,Arjun,Female,Electronics,9,3269.68,UPI,Cancelled,Mumbai,2
3451,16321,Kiran,Female,Electronics,7,3275.98,Net Banking,Delivered,Hyderabad,3
1482,17018,Neha,Female,Books,3,2069.88,Cash,Pending,Mumbai,4
3220,15311,Rahul,Male,Grocery,2,3213.19,Card,Cancelled,Bangalore,1
3452,14686,Anuja,Female,Furniture,2,387.64,Cash,Returned,Delhi,1
1082,10244,Pooja,Female,Electronics,5,1438.27,Net Banking,Pending,Hyderabad,3
2184,18294,Priya,Male,Grocery,5,255.24,Card,Delivered,Mumbai,4
1563,10848,Kiran,Female,Electronics,4,,Cash,Delivered,Kolkata,3
3048,14310,Sneha,Male,Clothing,9,3937.05,Cash,Delivered,Bangalore,3
3779,11164,Anuja,Male,Electronics,8,3108.3,Cash,Delivered,Kolkata,4
3658,15267,Ravi,Male,Furniture,1,2983.26,Cash,Cancelled,Hyderabad,3
3160,13680,,Male,Grocery,4,4850.67,UPI,Delivered,Kolkata,3
4577,13221,Amit,Male,Electronics,5,4794.78,UPI,Delivered,Hyderabad,4
1142,12669,Priya,Female,Furniture,4,1131.08,Card,Delivered,Bangalore,4
1583,16118,Priya,Female,Grocery,7,4751.26,Card,Delivered,Kolkata,5
2441,10256,Anuja,Female,Furniture,8,3087.92,UPI,Delivered,Delhi,4
3542,15899,Anuja,Male,Clothing,7,4685.56,Card,Delivered,Kolkata,4
4149,13229,Neha,Other,Grocery,8,3096.79,Card,Delivered,Pune,4
2379,14833,Arjun,Male,Grocery,6,4353.23,Net Banking,Delivered,Delhi,4
4453,13196,Anuja,Male,Clothing,7,4344.79,UPI,Delivered,Chennai,3
4675,14958,Arjun,Female,Clothing,8,4672.07,UPI,Delivered,Kolkata,5
3395,17797,Pooja,Male,Furniture,3,2837.56,Card,Delivered,Mumbai,5
3338,10184,,Female,Electronics,8,373.91,Card,Delivered,Mumbai,3
1483,10730,Amit,Female,Books,5,4519.54,Card,Pending,Pune,3
2673,15769,Anuja,Female,Books,2,3507.66,UPI,Delivered,Hyderabad,3
2698,19176,Sneha,Male,Electronics,5,,Net Banking,Delivered,Pune,4
3119,14766,Sneha,Male,Books,3,3184.65,UPI,Pending,Chennai,4
4003,14253,Rahul,Female,Clothing,2,4449.99,Cash,Delivered,Kolkata,3
3918,12945,Amit,Male,Clothing,9,3237.1,Cash,Delivered,Pune,4
4344,14445,Neha,Female,Clothing,7,3997.4,Card,Delivered,Bangalore,3
3587,19748,Priya,Female,Grocery,1,3492.82,Cash,Delivered,Delhi,4
2249,18186,Sneha,Male,Furniture,4,1560.08,Net Banking,Delivered,Kolkata,5
1787,19661,Rahul,Female,Electronics,2,3173.06,Cash,Delivered,Kolkata,3
4057,14357,Amit,Male,Clothing,5,2125.38,Cash,Delivered,Bangalore,4
3780,17854,Sneha,Other,Clothing,8,1447.77,Cash,Delivered,Delhi,5
1979,14473,Rahul,Female,Grocery,6,4284.28,Net Banking,Delivered,Kolkata,4
2552,14307,Ravi,Male,Clothing,5,1261.59,UPI,Pending,Bangalore,2
3462,17393,Amit,Female,Grocery,2,1842.49,Cash,Delivered,Delhi,4
2722,14120,Sneha,Female,Furniture,5,2333.37,UPI,Cancelled,Chennai,2
2745,15987,Rahul,Other,Electronics,5,3953.95,Net Banking,Delivered,Pune,4
1719,12852,Sneha,Female,Grocery,1,1561.35,Net Banking,Delivered,Mumbai,4
4888,11057,Ravi,Male,Grocery,5,249.84,UPI,Returned,Mumbai,3
3268,12481,Sneha,Male,Books,9,297.23,Card,Delivered,Bangalore,4
1672,13983,Kiran,Female,Furniture,8,3469.52,Net Banking,Delivered,Hyderabad,4
3626,13758,Priya,Male,Grocery,7,2869.31,UPI,Delivered,Hyderabad,5
4797,11531,Sneha,Female,Books,4,3596.63,Net Banking,Delivered,Hyderabad,5
2284,11660,Pooja,Male,Electronics,9,1194.78,Card,Delivered,Mumbai,4
2657,10254,Neha,Male,Grocery,8,1490.74,UPI,Pending,Delhi,2
4267,14402,Pooja,Male,Grocery,6,2138.54,Card,Delivered,Delhi,4
2159,14389,Neha,Female,Grocery,3,3933.7,Cash,Pending,Bangalore,3
4482,15002,Pooja,Male,Clothing,1,4752.52,Net Banking,Delivered,,3
3400,19173,Priya,Male,Clothing,5,4128.44,Card,Returned,Hyderabad,2
3134,14761,Pooja,Female,Clothing,9,4319.67,Card,Delivered,Kolkata,5
1458,15587,Kiran,Female,Grocery,1,,Cash,Delivered,Mumbai,3
4637,12417,Arjun,Male,Electronics,9,4923.53,Card,Delivered,Bangalore,4
2682,16766,Rahul,Female,Books,2,4321.35,Net Banking,Delivered,Delhi,3
2457,16200,Kiran,Male,Clothing,6,,Card,Pending,Pune,3
3180,19764,Neha,Male,Clothing,8,2848.21,Card,Delivered,Delhi,4
1169,15255,Sneha,Female,Grocery,5,4921.66,Cash,Delivered,Kolkata,3
3444,11909,Rahul,Female,Books,6,4488.85,Cash,Delivered,Delhi,5
2358,18169,Pooja,Female,Electronics,7,2541.83,Net Banking,Delivered,Chennai,3
4907,16403,Pooja,Female,Books,3,2243.89,Card,Delivered,Delhi,4
4088,16007,Arjun,Male,Electronics,1,2101.21,Card,Delivered,Pune,3
4633,17002,Neha,Female,Grocery,7,4351.12,,Delivered,Bangalore,5
3587,11145,Neha,Male,Books,9,2405.28,Card,Delivered,Bangalore,4
2960,13201,Neha,Female,Clothing,4,2061.47,Net Banking,Delivered,,5
3017,12818,Rahul,Male,Electronics,5,2211.14,Net Banking,Delivered,,4
3977,16063,Sneha,Male,Electronics,7,1594.99,Cash,Delivered,Bangalore,4
2629,13793,Ravi,Male,Books,1,3402.7,UPI,Delivered,,4
4380,14763,Kiran,Male,Furniture,7,471.16,Card,Delivered,Delhi,4
4921,15067,Ravi,Male,Books,6,1966.74,Card,Cancelled,Hyderabad,3
4499,16980,Anuja,Female,Furniture,2,886.11,Cash,Delivered,Chennai,3
1820,18539,Rahul,Female,Clothing,8,1781.92,Net Banking,Delivered,Pune,4
2462,17121,Sneha,Female,Furniture,1,3634.5,Cash,Delivered,Bangalore,3
4208,15008,Ravi,Male,Grocery,1,4050.88,Card,Pending,Hyderabad,3
2256,10939,,Male,Clothing,4,2357.75,Cash,Pending,Chennai,4
2105,15230,,Male,Clothing,9,2526.27,Card,Delivered,Delhi,4
3575,12170,Kiran,Male,Grocery,2,345.62,Card,Pending,Delhi,3
2932,13275,Pooja,Female,Grocery,2,3819.47,Card,Returned,Kolkata,2
2023,13460,Ravi,Male,Furniture,8,245.95,Net Banking,Delivered,Mumbai,4
1558,15020,Arjun,Male,Furniture,4,4331.46,Cash,Pending,Hyderabad,3
2423,14383,,Male,Furniture,5,1570.12,Cash,Delivered,Kolkata,4
1525,19581,Anuja,Male,Books,6,3277.61,Cash,Delivered,Hyderabad,4
2124,19877,Neha,Male,Furniture,4,3702.77,Cash,Cancelled,Mumbai,2
2411,18934,Amit,Female,Books,7,2957.12,Net Banking,Delivered,Mumbai,5
1452,11081,Kiran,Male,Clothing,1,2291.12,Cash,Cancelled,Bangalore,3
1164,10614,Amit,Male,Clothing,1,4302.07,Cash,Delivered,Mumbai,4
2890,13933,Priya,Male,Grocery,4,556.52,Net Banking,Pending,Chennai,3
1405,15697,Ravi,Female,Grocery,3,2017.13,Net Banking,Pending,Pune,3
3449,12446,Neha,Female,Clothing,1,3910.84,Card,Pending,Delhi,3
3390,10595,Ravi,Female,Grocery,3,,Cash,Delivered,Pune,3
2680,14064,,Male,Furniture,9,3223.71,Card,Delivered,Chennai,4
3567,17630,Rahul,Female,Books,3,4045.55,Cash,Returned,Hyderabad,3
1331,19947,,Male,Clothing,7,2867.86,Card,Delivered,Chennai,4
2667,19611,Pooja,Male,Electronics,6,171.1,Card,Pending,Hyderabad,2
3548,19785,Sneha,Male,Clothing,6,3737.89,Cash,Delivered,Bangalore,4
1304,12037,Neha,Male,Electronics,3,4149.24,Card,Delivered,,5
4756,17174,,Female,Clothing,3,3512.04,Net Banking,Pending,Mumbai,4
3231,18978,Neha,Female,Electronics,8,1478.26,Card,Delivered,Hyderabad,4
2524,12711,Sneha,Female,Furniture,9,1059.74,UPI,Delivered,Chennai,4
2714,11896,Rahul,Female,Books,2,1962.68,UPI,Delivered,Kolkata,4
1194,15443,Neha,Male,Grocery,3,3961.93,UPI,Delivered,Kolkata,4
3670,15039,Neha,Male,Clothing,6,3616.29,Net Banking,Delivered,Kolkata,4
4572,12268,Pooja,Female,Electronics,1,4603.87,Net Banking,Delivered,Bangalore,4
4744,14756,Amit,Female,Clothing,2,2851.67,Net Banking,Delivered,Bangalore,5
1185,17600,Neha,Female,Clothing,9,963.61,Cash,Pending,Hyderabad,3
2716,12960,Ravi,Male,Books,4,2176.77,UPI,Delivered,Mumbai,5
3048,19677,Anuja,Female,Clothing,9,3412.63,Net Banking,Delivered,Mumbai,5
4081,14568,Ravi,Female,Clothing,7,2219.44,Cash,Cancelled,Bangalore,3
3896,17810,Priya,Male,Furniture,1,426.67,Net Banking,Delivered,Bangalore,3
3381,12285,Ravi,Female,Electronics,6,4914.83,Net Banking,Cancelled,Hyderabad,3
2535,15833,Priya,Female,Books,6,2472.78,Cash,Pending,Bangalore,2
1246,18498,Arjun,Female,Grocery,8,4998.82,Card,Delivered,Mumbai,4
1303,14876,Kiran,Female,Grocery,6,989.75,UPI,Delivered,Chennai,4
4626,16525,Rahul,Male,Clothing,2,505.02,UPI,Delivered,Kolkata,4
1953,16041,Pooja,Male,Clothing,1,4956.23,UPI,Delivered,Hyderabad,3
2582,14460,Ravi,Male,Clothing,6,4613.84,Card,Delivered,Mumbai,3
3266,15913,Amit,Female,Furniture,1,2777.28,Card,Delivered,Chennai,5
2647,14636,Kiran,Female,Clothing,4,3234.32,Cash,Delivered,Chennai,4
3681,15073,Pooja,Female,Grocery,5,1658.99,,Delivered,Kolkata,4
1895,18084,Kiran,Male,Furniture,2,4767.3,Card,Delivered,Delhi,5
4272,17378,Neha,Female,Furniture,1,500.91,Cash,Cancelled,Chennai,1
2612,18472,,Male,Grocery,5,,Net Banking,Delivered,Bangalore,5
1474,18401,Rahul,Female,Books,6,3099.14,Card,Returned,Hyderabad,3
4288,16389,Sneha,Male,Electronics,8,982.89,Net Banking,Delivered,Pune,4
1886,17530,Priya,Female,Grocery,7,3366.45,Cash,Delivered,Chennai,3
2312,10066,Anuja,Male,Books,7,4812.53,Card,Delivered,Pune,3
1153,19666,Priya,Female,Clothing,9,2959.34,Net Banking,Delivered,Delhi,4
3904,11916,Pooja,Female,Clothing,5,808.19,UPI,Delivered,Kolkata,4
1028,13790,Anuja,Male,Electronics,4,568.61,Net Banking,Pending,Chennai,2
4188,19441,Anuja,Male,Furniture,6,4440.39,Cash,Pending,Hyderabad,3
1343,13120,Neha,Female,Electronics,5,1186.28,UPI,Delivered,Kolkata,3
3871,15643,Sneha,Female,Books,7,4731.32,Net Banking,Cancelled,Pune,2
4168,18583,Arjun,Male,Grocery,4,1725.81,Cash,Pending,Hyderabad,2
1513,18672,Anuja,Female,Clothing,2,744.19,UPI,Delivered,Hyderabad,4
1545,17034,Anuja,Female,Furniture,4,3763.67,Cash,Pending,Delhi,2
4473,16172,Pooja,Female,Clothing,1,1555.56,Card,Pending,Chennai,2
2122,14766,Amit,Male,Furniture,6,643.89,Cash,Delivered,Mumbai,3
3081,16597,Amit,Female,Electronics,2,4616.63,Cash,Delivered,Hyderabad,5
1087,14414,Ravi,Male,Grocery,5,3372.62,UPI,Pending,Mumbai,2
2895,10706,Neha,Male,Furniture,3,1085.94,Cash,Delivered,Bangalore,4
3234,11007,Rahul,Female,Electronics,1,4072.64,Net Banking,Pending,,3
3143,12780,Amit,Male,Furniture,9,870.44,Card,Delivered,Delhi,4
3956,12901,Anuja,Male,Furniture,4,3981.11,Cash,Delivered,Chennai,4
1104,18998,Amit,Male,Clothing,2,4541.76,Card,Delivered,Bangalore,5
4974,11600,Arjun,Male,Electronics,2,2808.99,Net Banking,Delivered,Pune,4
3514,10788,Neha,Male,Grocery,8,3267.66,,Delivered,Mumbai,5
3429,16201,Pooja,Female,Clothing,8,2333.71,Net Banking,Delivered,Mumbai,4
2806,16154,Priya,Female,Furniture,8,1985.38,Card,Pending,Bangalore,4
3677,10197,Rahul,Male,Books,5,2005.98,,Delivered,Bangalore,4
1974,18701,Anuja,Female,Books,6,1504.85,Net Banking,Delivered,Pune,4
3895,14671,Neha,Male,Clothing,4,2647.03,Card,Pending,Hyderabad,4
4120,16639,Ravi,Male,Books,5,3536.48,UPI,Pending,Pune,3
1109,19215,Ravi,Male,Books,5,2037.92,Card,Delivered,Kolkata,5
4362,14963,Arjun,Female,Electronics,9,1207.86,Cash,Returned,Hyderabad,2
2756,15190,,Male,Books,9,1100.89,UPI,Delivered,Delhi,3
1007,10289,Sneha,Other,Grocery,8,2478.43,Cash,Delivered,Chennai,4
3675,13443,Rahul,Female,Electronics,9,1419.67,,Cancelled,Pune,1
1526,15543,Pooja,Male,Clothing,3,4533.41,Cash,Delivered,Delhi,5
4921,11438,Rahul,Male,Furniture,4,3669.95,Net Banking,Cancelled,Delhi,2
2677,14359,Priya,Male,Books,7,4937.51,Net Banking,Delivered,Kolkata,4
4294,14674,Neha,Female,Electronics,5,4081.86,UPI,Delivered,Hyderabad,4
2385,16618,Priya,Female,Books,3,4236.88,UPI,Delivered,Pune,4
3108,17240,Neha,Male,Furniture,8,3871.76,UPI,Cancelled,Chennai,2
2333,18705,,Male,Clothing,6,2907.49,UPI,Delivered,Kolkata,5
1338,18384,Anuja,Male,Electronics,1,4046.7,Cash,Delivered,Mumbai,4
2898,19583,Amit,Male,Books,4,2747.87,Cash,Pending,Kolkata,3
4409,13800,Priya,Male,Books,6,1768.81,Cash,Delivered,Mumbai,3
2528,14314,Sneha,Female,Furniture,7,2507.81,UPI,Delivered,Delhi,3
3476,10073,Priya,Female,Clothing,7,3130.19,Card,Delivered,Delhi,4
4054,19638,Neha,Male,Books,8,3859.41,Cash,Pending,Bangalore,4
2659,18289,,Male,Clothing,5,3598.93,Cash,Delivered,,4
4205,11953,,Male,Furniture,7,1955.07,Cash,Pending,Kolkata,4
2692,11745,Amit,Male,Books,6,306.05,Cash,Delivered,Kolkata,3
4481,11823,Pooja,Female,Books,2,2480.31,Card,Delivered,Bangalore,3
2177,13556,Ravi,Male,Grocery,8,4573.04,Net Banking,Delivered,Kolkata,5
3632,10583,Arjun,Female,Books,6,503.91,Net Banking,Delivered,Chennai,3
4141,13897,Sneha,Female,Books,3,4299.37,Card,Delivered,Bangalore,3
1197,13406,Sneha,Female,Clothing,5,3120.28,Cash,Delivered,Bangalore,4
4006,11209,Amit,Female,Electronics,1,1849.14,Card,Delivered,Pune,5
4548,15851,Priya,Female,Furniture,4,4663.02,UPI,Delivered,Mumbai,4
2996,19243,Amit,Female,Books,3,138.96,Net Banking,Pending,Chennai,2
3708,11521,Kiran,Male,Books,7,4188.88,Cash,Delivered,Bangalore,5
1955,13597,Amit,Female,Clothing,5,1501.63,Card,Pending,Hyderabad,4
3959,19037,Anuja,Female,Furniture,2,748.76,Card,Delivered,Pune,5
3146,10909,Rahul,Male,Electronics,9,819.48,Cash,Delivered,Mumbai,5
4854,15577,Kiran,Female,Grocery,5,353.62,Net Banking,Delivered,Delhi,4
1956,13747,Arjun,Male,Clothing,9,3377.36,Net Banking,Cancelled,Bangalore,3
3756,19592,Priya,Male,Electronics,4,2759.76,UPI,Delivered,Chennai,4
2597,10799,Priya,Male,Books,5,734.74,Net Banking,Delivered,Hyderabad,5
4577,13690,Neha,Female,Electronics,8,3983.78,UPI,Delivered,Kolkata,4
2209,13876,Sneha,Female,Electronics,3,2969.99,UPI,Returned,Chennai,2
3989,10634,Kiran,Male,Furniture,3,1847.26,Net Banking,Delivered,Delhi,4
2160,13959,Rahul,Male,Electronics,6,1764.84,Net Banking,Pending,Mumbai,3
3044,19164,Rahul,Male,Clothing,9,2251.02,Net Banking,Delivered,Hyderabad,4
3920,15006,Arjun,Male,Furniture,1,4497.76,Cash,Delivered,Kolkata,4
4760,15173,,Female,Clothing,2,3898.41,Net Banking,Delivered,Pune,4
1900,16227,Rahul,Female,Grocery,7,1348.25,UPI,Returned,Bangalore,1
4067,10106,Priya,Female,Books,4,4171.19,UPI,Delivered,Hyderabad,5
1417,13727,,Male,Furniture,6,1913.96,UPI,Delivered,Hyderabad,4
2794,12303,Sneha,Male,Furniture,5,2060.43,UPI,Delivered,Chennai,4
3752,16265,Priya,Other,Electronics,9,4743.53,UPI,Pending,Pune,3
2810,19394,Pooja,Male,Clothing,1,479.98,UPI,Cancelled,Hyderabad,3
1435,14629,Rahul,Male,Books,6,2045.18,Net Banking,Delivered,Pune,5
4629,15866,Neha,Female,Books,7,4563.01,Net Banking,Delivered,Kolkata,5
2846,17963,,Male,Electronics,6,2228.3,UPI,Cancelled,Delhi,2
3951,11281,Pooja,Male,Grocery,9,3470.21,Net Banking,Delivered,Kolkata,4
4327,14095,Priya,Female,Books,3,1822.37,Card,Pending,Bangalore,3
1284,17219,Pooja,Male,Books,4,1060.21,UPI,Delivered,Hyderabad,4
1529,13107,Sneha,Female,Grocery,6,1158.16,Net Banking,Delivered,Hyderabad,4
4731,15298,Pooja,Female,Grocery,9,2063.07,,Delivered,Mumbai,4
4675,19573,Anuja,Male,Furniture,2,,UPI,Delivered,Pune,4
4278,14929,Sneha,Female,Clothing,5,558.3,Cash,Delivered,Mumbai,3
2573,16881,Kiran,Female,Books,1,1991.56,UPI,Pending,Pune,2
4233,10756,Amit,Female,Grocery,6,677.64,Net Banking,Delivered,Hyderabad,4
1798,11783,Ravi,Male,Clothing,5,554.28,Card,Pending,Bangalore,3
2081,18677,Arjun,Female,Electronics,9,,Cash,Delivered,,3
1153,11331,Pooja,Female,Books,8,674.85,Cash,Delivered,Bangalore,4
3009,18123,Amit,Male,Furniture,5,,Card,Delivered,Delhi,4
3930,13247,Ravi,Female,Grocery,2,1861.18,UPI,Delivered,Kolkata,4
1703,13909,Neha,Female,Clothing,8,545.97,UPI,Delivered,Pune,4
1431,10349,Pooja,Female,Clothing,5,4943.49,Card,Cancelled,Mumbai,2
3976,11425,Pooja,Male,Furniture,4,702.27,Net Banking,Cancelled,Bangalore,2
2180,17795,Pooja,Male,Electronics,4,4120.99,UPI,Pending,,3
2723,10811,Pooja,Male,Electronics,5,2965.2,Card,Cancelled,Delhi,2
1249,12786,Anuja,Female,Books,3,3149.47,UPI,Delivered,Delhi,4
2370,18707,Amit,Female,Grocery,5,1569.72,UPI,Delivered,Kolkata,4
4726,19988,Ravi,Female,Furniture,5,3891.94,Net Banking,Delivered,Kolkata,4
3584,12808,Sneha,Male,Furniture,7,2477.55,Net Banking,Delivered,Hyderabad,3
3154,11150,Pooja,Male,Clothing,8,596.46,Cash,Delivered,Pune,4
3972,15190,Priya,Male,Books,2,1332.14,,Delivered,Delhi,4
4324,15350,Neha,Female,Grocery,7,609.94,Card,Delivered,Hyderabad,4
1824,10191,Kiran,Male,Grocery,4,3641.84,Card,Delivered,Mumbai,4
3520,19883,Ravi,Female,Grocery,6,4363.31,Cash,Delivered,Hyderabad,5
4613,12304,Arjun,Female,Clothing,4,1663.8,Net Banking,Delivered,Pune,4
4891,13052,Kiran,Female,Electronics,4,897.61,,Cancelled,Bangalore,3
1439,16566,Rahul,Female,Books,4,3055.89,Net Banking,Delivered,Pune,5
2256,15824,Neha,Female,Furniture,8,4033.84,UPI,Delivered,Kolkata,4
3748,14746,Neha,Female,Clothing,1,4155.04,UPI,Delivered,Pune,4
4002,15053,Ravi,Female,Grocery,2,2951.38,Card,Cancelled,Kolkata,2
4737,15531,Amit,Male,Grocery,6,3944.64,UPI,Delivered,Pune,4
4061,15539,Priya,Female,Grocery,7,593.13,Card,Delivered,Hyderabad,4
2200,16444,Rahul,Female,Electronics,2,1854.57,Cash,Delivered,Bangalore,5
1920,18303,Kiran,Female,Clothing,1,484.92,Net Banking,Delivered,Kolkata,5
2751,16856,Arjun,Female,Clothing,9,3625.51,Cash,Delivered,Kolkata,4
4588,15942,Pooja,Male,Grocery,2,3089.28,Card,Cancelled,Bangalore,2
2065,11772,Arjun,Male,Grocery,4,2133.04,Cash,Cancelled,Pune,2
1272,17289,Anuja,Female,Grocery,6,3858.3,Net Banking,Delivered,Kolkata,5
1158,11744,Sneha,Male,Furniture,4,3568.82,Cash,Delivered,Mumbai,4
3584,19438,,Female,Clothing,4,2707.22,Net Banking,Pending,Mumbai,3
2958,17282,Kiran,Other,Furniture,9,177.86,UPI,Returned,,2
3482,12263,Neha,Male,Clothing,2,2373.95,UPI,Cancelled,Delhi,2
2462,11403,Anuja,Male,Electronics,8,2468.91,Cash,Delivered,Mumbai,3
4611,11967,Priya,Female,Grocery,5,2695.69,UPI,Delivered,Delhi,4
2739,15807,Kiran,Male,Clothing,6,1056.45,Card,Delivered,Pune,3
1155,16057,Rahul,Male,Furniture,3,3851.25,Cash,Delivered,Mumbai,4
1572,15880,Arjun,Male,Electronics,7,144.15,UPI,Delivered,Hyderabad,3
1715,15328,Sneha,Female,Clothing,9,1226.83,UPI,Delivered,Hyderabad,4
2505,14491,Amit,Male,Clothing,6,4006.4,Net Banking,Delivered,Chennai,4
2000,19566,Rahul,Female,Grocery,5,1072.79,Card,Cancelled,Mumbai,2
4376,19903,Kiran,Female,Clothing,5,2101.45,Card,Cancelled,Delhi,2
1936,10974,Amit,Male,Books,7,2028.68,Cash,Delivered,,5
2763,16811,Arjun,Female,Clothing,9,3868.81,Net Banking,Delivered,Hyderabad,5
2746,13626,Anuja,Female,Electronics,4,557.38,Cash,Delivered,Pune,3
2037,11437,Neha,Female,Clothing,3,167.38,Cash,Delivered,Bangalore,5
2778,16629,Priya,Female,Clothing,1,2164.85,Cash,Delivered,Chennai,4
3422,12398,Arjun,Male,Furniture,9,3374.19,Card,Returned,Chennai,2
3298,14426,Priya,Male,Furniture,3,725.98,Cash,Pending,,2
1024,11308,Arjun,Female,Electronics,5,3258.51,Net Banking,Delivered,Bangalore,4
3504,16127,,Female,Books,5,2935.3,Card,Delivered,Hyderabad,4
1815,14838,Pooja,Male,Clothing,8,4242.7,Net Banking,Delivered,,4
4397,10912,Anuja,Female,Grocery,9,3881.33,Net Banking,Delivered,Kolkata,3
2635,18631,Kiran,Male,Grocery,8,4412.82,,Delivered,Chennai,4
1141,14799,Anuja,Male,Grocery,2,3063.61,Cash,Returned,Bangalore,3
2982,16207,Ravi,Male,Grocery,8,984.3,Cash,Delivered,Mumbai,4
4397,12772,Arjun,Female,Clothing,3,2246.64,Net Banking,Delivered,,3
4993,18598,Ravi,Male,Furniture,1,2963.89,Card,Delivered,Pune,5
2901,11108,,Female,Furniture,1,541.89,Card,Delivered,Bangalore,5
4752,12588,Anuja,Female,Grocery,3,4641.77,Net Banking,Delivered,Kolkata,3
1178,18411,Amit,Male,Clothing,9,2204.67,Net Banking,Pending,Chennai,4
3328,19840,Arjun,Female,Furniture,8,1141.6,UPI,Cancelled,Delhi,2
3463,13005,Ravi,Male,Furniture,9,2898.18,UPI,Pending,Bangalore,3
3414,12062,Ravi,Male,Electronics,6,2044.99,Net Banking,Delivered,Pune,4
4446,18548,Rahul,Male,Electronics,8,3313.29,Cash,Delivered,Pune,4
4292,11245,Neha,Male,Grocery,4,1735.32,UPI,Delivered,Pune,5
4308,11910,Neha,Female,Grocery,2,149.16,Net Banking,Delivered,Kolkata,4
3832,15083,Ravi,Female,Books,9,,Cash,Pending,Hyderabad,4
3551,15011,Amit,Male,Electronics,9,227.29,Card,Pending,Bangalore,4
2966,15000,Amit,Female,Books,4,2653.76,UPI,Delivered,Bangalore,3
2184,13044,Rahul,Male,Furniture,8,1567.06,Card,Delivered,Chennai,4
3567,18379,Neha,Female,Clothing,4,571.09,UPI,Cancelled,Mumbai,2
2025,10398,Rahul,Female,Electronics,2,2163.61,UPI,Delivered,Hyderabad,4
2445,12696,Ravi,Other,Clothing,1,4043,Card,Delivered,Mumbai,3
3557,18177,Rahul,Male,Furniture,8,,UPI,Delivered,Mumbai,3
1590,17195,Pooja,Female,Electronics,5,2577.17,,Returned,Chennai,2
1593,17856,Amit,Female,Clothing,9,1128.27,Net Banking,Delivered,Bangalore,4
2248,19768,Priya,Male,Furniture,1,1085.86,Net Banking,Cancelled,Delhi,1
2015,16966,Ravi,Female,Furniture,5,2560.27,Card,Delivered,Kolkata,3
3209,17463,Ravi,Female,Furniture,7,4550.15,,Delivered,Mumbai,3
1835,12293,Amit,Male,Electronics,6,2006.96,,Delivered,Bangalore,4
4894,10966,Amit,Female,Furniture,1,1012.6,Cash,Delivered,Bangalore,3
2016,14911,Arjun,Other,Electronics,2,4118.06,Card,Delivered,Chennai,4
1945,13042,Kiran,Female,Furniture,4,4893.04,UPI,Delivered,Pune,4
2291,14151,Kiran,Male,Books,8,,Cash,Delivered,Hyderabad,4
4738,18847,Neha,Female,Electronics,3,3592.21,Card,Delivered,Pune,4
3246,14270,,Male,Grocery,3,2510.16,Net Banking,Delivered,Pune,4
4924,14675,Kiran,Male,Electronics,9,1068.62,Cash,Delivered,Bangalore,4
2475,13553,Neha,Female,Grocery,2,3896.75,,Delivered,Kolkata,4
1232,11186,Amit,Male,Books,6,3418.62,,Cancelled,Kolkata,3
3734,12422,Kiran,Male,Clothing,1,1547.7,Cash,Delivered,Mumbai,4
2540,13727,Amit,Female,Clothing,4,263.91,Cash,Cancelled,Pune,2
2205,17501,Ravi,Male,Electronics,1,444.61,UPI,Pending,Chennai,3
4197,11549,Sneha,Female,Books,1,3149,Cash,Pending,Mumbai,3
4153,19552,Pooja,Male,Furniture,9,2737.56,UPI,Pending,Bangalore,3
2227,18961,Arjun,Female,Electronics,6,4874.41,UPI,Delivered,Pune,3
1888,11803,Kiran,Female,Books,2,1651.67,Net Banking,Pending,Mumbai,4
4254,15906,Sneha,Male,Furniture,3,3179.37,Net Banking,Delivered,Mumbai,5
1541,19488,Kiran,Female,Books,1,1172.16,,Cancelled,Chennai,1
4619,11472,Amit,Male,Furniture,9,491.18,Cash,Delivered,Chennai,4
3994,15247,Arjun,Male,Grocery,6,1906.25,Net Banking,Cancelled,Delhi,1
1929,18339,Ravi,Female,Furniture,7,980.88,UPI,Delivered,Mumbai,4
4113,10746,Rahul,Female,Electronics,9,3267.74,Cash,Delivered,Hyderabad,3
1874,10986,Arjun,Male,Clothing,1,3632.85,UPI,Delivered,Hyderabad,4
3005,11746,Ravi,Female,Electronics,8,3753.64,Card,Delivered,,4
4268,19097,Priya,Male,Electronics,7,2494.27,UPI,Delivered,Pune,4
3371,10191,Kiran,Female,Furniture,1,1166.61,UPI,Delivered,Hyderabad,4
3593,13869,,Female,Electronics,4,1744.36,UPI,Pending,Kolkata,4
4016,13403,Rahul,Male,Furniture,3,3649.89,Card,Delivered,Delhi,4
2532,17493,Neha,Male,Electronics,2,1063.53,Net Banking,Delivered,Hyderabad,4
3384,11392,Priya,Male,Furniture,5,1030.15,Card,Delivered,Kolkata,4
4635,14727,Neha,Female,Furniture,3,2787.62,Card,Delivered,Pune,4
4431,17462,Sneha,Female,Electronics,8,2948.14,Cash,Delivered,Pune,4
3947,17910,Amit,Female,Electronics,7,1355.22,Cash,Delivered,Hyderabad,4
1751,17537,Sneha,Male,Furniture,9,1866.14,UPI,Delivered,Mumbai,5
3500,18530,Priya,Female,Grocery,9,929.19,UPI,Delivered,Delhi,5
3387,14856,Neha,Female,Books,2,984.33,Card,Delivered,Pune,4
1234,17878,Sneha,Male,Furniture,6,3793.24,UPI,Delivered,Mumbai,4
1129,19175,Rahul,Female,Books,7,3520.54,Card,Pending,Chennai,3
2748,18724,Anuja,Male,Clothing,9,1492.34,Cash,Pending,Hyderabad,3
3700,12648,Rahul,Female,Electronics,5,4350.84,Cash,Delivered,Delhi,4
1903,11513,Ravi,Male,Clothing,4,570.03,Card,Delivered,Bangalore,4
1107,16121,Pooja,Male,Grocery,3,1623.44,Card,Delivered,Pune,4
1220,17975,Rahul,Male,Furniture,5,2495.71,Net Banking,Pending,Mumbai,3
4508,17506,Kiran,Female,Grocery,3,446.47,Card,Pending,Bangalore,2
2913,17575,Neha,Male,Grocery,7,1464.69,Net Banking,Delivered,Chennai,5
3010,19376,Ravi,Female,Furniture,4,2280.98,Net Banking,Delivered,Pune,3
1024,15133,Priya,Female,Furniture,1,4708.25,Net Banking,Delivered,Pune,3
3708,15605,Neha,Male,Clothing,5,3107.1,Card,Delivered,Delhi,5
3296,18632,Kiran,Male,Books,6,211.57,UPI,Delivered,Chennai,4
4622,13591,Neha,Male,Books,3,105.53,Card,Cancelled,Mumbai,2
3262,17630,Sneha,Female,Books,8,2388.37,Cash,Cancelled,Delhi,2
1608,10716,Amit,Male,Clothing,6,2942.08,Cash,Delivered,Bangalore,4
4398,14533,Pooja,Female,Electronics,7,738.3,UPI,Cancelled,Chennai,1
4676,17464,Ravi,Male,Grocery,7,1680.54,Cash,Pending,Bangalore,3
3397,19631,Pooja,Male,Electronics,7,1177.04,Net Banking,Delivered,,3
4462,11558,Arjun,Female,Grocery,5,3962.85,Card,Returned,Delhi,2
3196,19464,,Female,Furniture,5,855.91,Net Banking,Delivered,Bangalore,5
2777,15302,Pooja,Male,Furniture,2,2853.25,Cash,Delivered,,5
3672,15919,Amit,Male,Grocery,7,987.33,UPI,Pending,Delhi,3
1470,16985,Neha,Other,Furniture,8,4789.63,Cash,Cancelled,Delhi,2
4191,17419,Rahul,Female,Electronics,2,2105.24,,Delivered,Chennai,4
1651,17607,Rahul,Male,Clothing,5,1014.42,Cash,Delivered,Bangalore,4
3969,10181,Rahul,Male,Furniture,1,494.39,Card,Delivered,Kolkata,3
4843,16450,Priya,Female,Clothing,9,264.95,UPI,Delivered,Bangalore,4
3295,14876,,Male,Grocery,9,2108.25,Net Banking,Delivered,Kolkata,4
4735,17450,Neha,Female,Grocery,6,162.79,UPI,Delivered,Mumbai,5
4402,14522,Anuja,Female,Electronics,6,1793.06,Net Banking,Pending,,2
4701,18766,Kiran,Female,Clothing,3,2851.37,Cash,Delivered,Chennai,4
1514,11116,Pooja,Female,Furniture,4,3292.26,Card,Delivered,Pune,5
4450,16643,Priya,Male,Furniture,3,4038.45,UPI,Delivered,Kolkata,5
3891,17573,Rahul,Female,Furniture,6,2698.07,UPI,Delivered,Delhi,4
1542,15790,Sneha,Male,Grocery,4,,Card,Delivered,Delhi,3
3843,14502,Kiran,Male,Electronics,8,3767.34,Card,Delivered,Delhi,4
3750,19793,Kiran,Male,Furniture,4,3871.66,Net Banking,Pending,Kolkata,4
4915,18767,Sneha,Female,Grocery,9,1128.4,Net Banking,Delivered,Chennai,5
3027,18098,Ravi,Male,Furniture,5,1052.58,Cash,Delivered,Delhi,4
1650,13322,Pooja,Female,Books,3,2701.62,Cash,Delivered,Kolkata,3
2994,17378,Neha,Female,Electronics,1,4243.69,Card,Delivered,Bangalore,3
3410,19114,Amit,Male,Furniture,1,1619.93,Net Banking,Delivered,Hyderabad,4
3796,15232,Ravi,Male,Furniture,8,2107.39,UPI,Pending,Chennai,3
2642,16540,Anuja,Male,Clothing,7,4322.16,Net Banking,Pending,,2
2341,17176,Sneha,Female,Electronics,5,2424.26,UPI,Delivered,Delhi,4
1987,13175,Neha,Female,Electronics,4,4748.3,Net Banking,Delivered,Bangalore,4
4471,18867,Rahul,Male,Clothing,7,,UPI,Delivered,Bangalore,3
1806,14945,Priya,Male,Electronics,3,1822.61,Cash,Delivered,Hyderabad,3
3025,17970,,Female,Grocery,2,1017.17,Card,Pending,Bangalore,3
4522,12653,,Male,Grocery,7,3390.61,UPI,Pending,Hyderabad,3
2283,16208,,Male,Furniture,4,393.91,,Delivered,Chennai,5
1859,15547,Amit,Male,Clothing,5,132.56,Cash,Delivered,Bangalore,4
3708,14578,Rahul,Female,Furniture,9,2730.16,UPI,Delivered,Delhi,4
3551,17248,Sneha,Other,Electronics,7,4590.2,Net Banking,Cancelled,Bangalore,3
1271,16301,Priya,Female,Electronics,3,1703.19,UPI,Delivered,Kolkata,4
4863,13065,Pooja,Male,Electronics,8,4970.05,UPI,Pending,Pune,3
1563,16571,Amit,Male,Grocery,3,2010.23,UPI,Delivered,Pune,4
2887,16766,Ravi,Female,Grocery,2,1010.27,Cash,Delivered,Hyderabad,3
3142,17690,Priya,Male,Books,7,163.2,Cash,Delivered,Hyderabad,4
1510,17669,Pooja,Female,Books,8,4353.56,UPI,Delivered,Hyderabad,4
1143,17400,Anuja,Female,Grocery,7,2856.82,UPI,Delivered,Mumbai,5
1556,12553,Ravi,Female,Clothing,3,290.97,Net Banking,Delivered,Chennai,4
2596,16999,,Male,Books,9,1447.52,UPI,Delivered,Bangalore,4
3746,13936,Arjun,Female,Electronics,6,2319.1,Card,Delivered,Mumbai,4
2858,16123,Sneha,Male,Electronics,5,2514.4,UPI,Cancelled,Mumbai,1
1715,13182,Priya,Female,Books,6,4267.25,Card,Delivered,Delhi,4
2700,15422,Kiran,Male,Clothing,7,3699.58,Cash,Delivered,Mumbai,5
3045,17852,Sneha,Female,Grocery,8,778.64,UPI,Pending,Delhi,2
3656,10061,Rahul,Male,Clothing,3,987.56,Card,Pending,Hyderabad,4
4507,16034,Rahul,Other,Electronics,2,4196.41,UPI,Delivered,Pune,4
2985,14083,Anuja,Male,Electronics,1,,Card,Cancelled,Kolkata,2
3667,17147,Ravi,Male,Furniture,2,4354.87,Net Banking,Delivered,Chennai,4
4310,11942,Kiran,Male,Furniture,6,3083.82,Net Banking,Delivered,Mumbai,5
2733,11992,Sneha,Female,Grocery,8,4962.74,Card,Pending,Hyderabad,2
2511,11373,Sneha,Male,Grocery,7,4893.44,Cash,Delivered,Bangalore,3
2607,15868,Anuja,Male,Electronics,6,4612.74,UPI,Returned,Bangalore,2
1690,17450,Arjun,Male,Clothing,6,3273.48,Card,Pending,Chennai,4
2014,17876,,Female,Books,7,4538.74,Cash,Delivered,Bangalore,3
1213,19349,Arjun,Male,Furniture,4,4621.93,UPI,Returned,Bangalore,2
2452,17855,Rahul,Female,Furniture,9,3354.32,Cash,Delivered,Mumbai,3
1630,13791,Pooja,Male,Furniture,6,4538.49,Card,Delivered,Chennai,4
1024,17632,Kiran,Male,Clothing,1,3907.87,Cash,Delivered,Kolkata,4
4382,17803,Priya,Female,Furniture,8,698.89,UPI,Delivered,Pune,3
4722,19424,Amit,Female,Clothing,3,,UPI,Cancelled,Hyderabad,2
3444,15130,Pooja,Female,Furniture,8,2144.44,Net Banking,Delivered,Mumbai,5
4664,11562,Priya,Female,Books,7,1835.59,UPI,Delivered,Delhi,5
4046,10253,Rahul,Male,Furniture,8,3317.41,Cash,Delivered,Delhi,3
3556,14129,Neha,Male,Books,8,2890.26,Card,Delivered,Kolkata,4
2680,12825,Priya,Female,Clothing,8,4525.02,UPI,Cancelled,Mumbai,2
4642,12180,Rahul,Male,Furniture,9,479.08,UPI,Delivered,Bangalore,4
2364,19335,Anuja,Female,Electronics,8,419.51,UPI,Delivered,Kolkata,3
2003,17680,Rahul,Female,Furniture,2,1592.73,UPI,Delivered,Mumbai,5
1839,13338,Rahul,Female,Electronics,7,1302.03,Card,Delivered,Bangalore,4
4602,15729,Rahul,Female,Furniture,1,3425.85,Net Banking,Delivered,Pune,5
2271,11508,Priya,Female,Books,4,,Net Banking,Delivered,Pune,3
2837,13751,Pooja,Female,Furniture,8,1025.24,UPI,Delivered,Kolkata,3
3773,10825,Sneha,Male,Books,4,4308.06,Card,Pending,Hyderabad,4
3938,18015,Priya,Male,Books,6,4953.26,Cash,Returned,Hyderabad,2
1903,11010,Anuja,Male,Clothing,3,1583.14,Cash,Delivered,Pune,4
3941,12920,Rahul,Male,Clothing,6,,Net Banking,Pending,Pune,4
1841,12800,Arjun,Male,Clothing,5,2843.91,Card,Delivered,Bangalore,3
2105,18142,Pooja,Male,Furniture,9,3602.66,Card,Delivered,Bangalore,3
4965,14716,Pooja,Female,Clothing,3,433.35,Cash,Delivered,Chennai,3
1875,17127,Sneha,Male,Books,4,,Cash,Cancelled,,1
3072,16704,Sneha,Female,Books,7,2842.9,Net Banking,Pending,Mumbai,2
4177,13190,,Female,Grocery,5,4483.64,Cash,Delivered,Pune,5
3873,10305,Anuja,Female,Books,3,3187.06,Card,Delivered,Mumbai,4
1382,16359,Priya,Male,Electronics,8,333.26,Cash,Delivered,Delhi,5
1551,12175,Anuja,Male,Grocery,2,3711.09,Net Banking,Delivered,Chennai,5
4511,17660,Arjun,Male,Grocery,1,2890.53,UPI,Delivered,Hyderabad,5
1450,14268,Pooja,Male,Electronics,7,2681.67,UPI,Delivered,Mumbai,4
2497,13854,Sneha,Male,Clothing,6,3968.8,Card,Delivered,Mumbai,4
4647,11018,Neha,Female,Books,6,3602.02,Card,Cancelled,Mumbai,3
3986,11607,Pooja,Female,Electronics,8,4723.34,Card,Delivered,Pune,4
1890,14091,Anuja,Male,Clothing,3,4781.3,Cash,Delivered,Chennai,3
1136,16849,Ravi,Female,Grocery,2,1065.28,Cash,Delivered,Delhi,4
2754,11506,Amit,Female,Clothing,5,2720.67,Cash,Cancelled,Mumbai,3
3460,19679,Priya,Male,Furniture,5,1431.52,Card,Delivered,Chennai,5
2410,12402,Anuja,Male,Grocery,6,1825.75,Card,Delivered,,5
1671,16030,Sneha,Female,Clothing,8,4856.95,Net Banking,Cancelled,Hyderabad,1
2942,18369,Anuja,Male,Clothing,6,2867.79,Card,Delivered,Hyderabad,4
3193,19019,Pooja,Male,Books,7,2974.36,,Delivered,Pune,5
2818,19985,Kiran,Male,Books,3,,,Pending,Kolkata,3
2355,14611,Sneha,Male,Clothing,7,3595.96,Net Banking,Pending,Delhi,4
1910,15630,Priya,Female,Furniture,4,164.84,UPI,Returned,Pune,3
3384,14802,Anuja,Male,Furniture,5,2141.07,Card,Returned,Hyderabad,2
2986,16673,Arjun,Female,Furniture,5,,Cash,Returned,Delhi,1
1882,16961,Anuja,Male,Books,8,4450.58,Card,Returned,Hyderabad,2
2239,10918,Pooja,Male,Books,2,2806.83,Card,Delivered,Bangalore,4
4069,17192,Ravi,Male,Furniture,1,1898.54,UPI,Pending,Chennai,2
1148,11079,Sneha,Male,Grocery,3,1855.18,Cash,Returned,Bangalore,1
4812,13083,Pooja,Male,Grocery,4,3687.47,Card,Returned,Kolkata,2
3825,19894,Ravi,Female,Furniture,4,3596.24,Cash,Delivered,,4
2228,11138,Pooja,Male,Furniture,3,4818.67,Cash,Delivered,Chennai,4
2184,17605,Amit,Male,Grocery,7,598.27,Cash,Cancelled,Mumbai,2
2641,18583,Anuja,Male,Clothing,1,,Cash,Delivered,,4
4588,15374,Neha,Male,Electronics,3,429.87,Cash,Delivered,Chennai,4
2186,14200,Arjun,Male,Grocery,6,4315.37,Cash,Delivered,Hyderabad,3
4962,17527,Sneha,Female,Grocery,8,3997.6,Card,Delivered,Pune,5
1754,10625,Arjun,Male,Clothing,4,931.55,Card,Returned,Delhi,2
1886,19266,Arjun,Male,Clothing,3,4190.19,Card,Delivered,Hyderabad,3
1954,13285,Sneha,Male,Electronics,6,132.16,Card,Pending,Chennai,4
3937,12824,Pooja,Female,Clothing,6,3044.97,Net Banking,Returned,Hyderabad,2
1189,17787,Anuja,Female,Furniture,7,340.61,Card,Delivered,Chennai,3
1649,13145,,Female,Grocery,1,2802.67,Net Banking,Delivered,Chennai,3
2538,12941,Amit,Female,Grocery,6,4576.39,Card,Delivered,Delhi,3
4067,15783,Pooja,Male,Grocery,1,4910.08,Card,Delivered,Bangalore,4
3330,10455,Sneha,Male,Electronics,9,4870.55,UPI,Cancelled,Delhi,1
1202,18199,Priya,Female,Grocery,6,1438.7,Net Banking,Delivered,Chennai,4
1758,15759,Priya,Male,Clothing,8,1717.03,Net Banking,Delivered,Bangalore,4
3500,19628,Priya,Male,Furniture,8,3780.09,Card,Delivered,Pune,5
4626,11046,,Female,Furniture,6,1684.3,Cash,Cancelled,Bangalore,2
4569,19353,Ravi,Male,Electronics,6,3444.6,Card,Pending,Pune,3
3597,10590,Pooja,Male,Furniture,9,3727.39,Card,Delivered,Chennai,4
1777,10889,Kiran,Male,Grocery,2,638.14,Card,Delivered,Pune,3
1228,13285,,Female,Electronics,4,2383.09,Cash,Delivered,Mumbai,3
1531,13087,Rahul,Male,Books,1,758.04,Cash,Delivered,Hyderabad,4
4693,18722,Arjun,Female,Books,5,2606.99,Cash,Delivered,Bangalore,3
1156,16991,Pooja,Other,Furniture,5,1711.66,,Cancelled,Hyderabad,1
2811,17700,Pooja,Male,Grocery,1,1542.83,Net Banking,Delivered,Pune,4
4577,13932,Pooja,Male,Electronics,2,,UPI,Delivered,Hyderabad,5
1562,14394,Sneha,Male,Furniture,7,1142.5,UPI,Delivered,Bangalore,4
2644,19959,Sneha,Male,Grocery,8,658.41,Net Banking,Delivered,Hyderabad,4
4319,11848,Anuja,Female,Books,7,4402.18,Net Banking,Delivered,Delhi,4
3327,10343,Amit,Female,Furniture,6,1180.54,Cash,Cancelled,Kolkata,1
4952,17234,Neha,Female,Clothing,7,4202.89,,Delivered,,4
3558,15767,Kiran,Female,Furniture,7,3694.91,,Delivered,Mumbai,3
1512,11982,Priya,Male,Furniture,4,884.42,Cash,Cancelled,Chennai,2
2549,12538,Pooja,Male,Grocery,8,606.34,UPI,Returned,Delhi,1
1834,15901,Pooja,Female,Grocery,8,1884.61,UPI,Delivered,Bangalore,4
3501,10990,Sneha,Male,Furniture,1,1785.5,Card,Delivered,Mumbai,5
4583,14354,Priya,Female,Grocery,9,4398.48,Net Banking,Delivered,Bangalore,4
4020,13491,Sneha,Female,Books,1,1972.8,UPI,Delivered,Pune,4
2424,10506,Ravi,Female,Furniture,2,4005.81,,Returned,Hyderabad,2
1760,12069,Arjun,Male,Furniture,4,2045.42,Cash,Delivered,Pune,4
2753,19281,Kiran,Female,Grocery,2,4340.12,Cash,Delivered,Bangalore,4
3891,18587,Ravi,Male,Furniture,1,3656.25,Card,Delivered,Bangalore,4
2306,11682,Priya,Male,Clothing,7,946.67,UPI,Delivered,Hyderabad,5
1687,16364,Anuja,Female,Grocery,3,1241.25,Cash,Delivered,,4
1128,12657,Anuja,Male,Clothing,4,571.98,UPI,Delivered,Hyderabad,4
1617,17418,Sneha,Male,Clothing,9,2547.53,Card,Delivered,Mumbai,3
2384,18126,Rahul,Male,Books,9,1419.07,Net Banking,Delivered,Hyderabad,4
2674,16274,Arjun,Female,Electronics,1,3763.43,Cash,Delivered,Chennai,5
2277,16169,Pooja,Female,Grocery,2,3693.62,Card,Returned,Delhi,2
3567,14694,Anuja,Female,Books,2,402.55,UPI,Delivered,Delhi,4
2734,17351,Pooja,Female,Books,4,1916.02,Cash,Cancelled,Pune,2
3068,11983,,Male,Grocery,7,1826.97,,Pending,Kolkata,3
2364,19788,,Female,Electronics,1,1895.86,Card,Returned,Chennai,2
3434,18440,Anuja,Male,Clothing,5,294.29,Card,Cancelled,Chennai,2
1855,14717,Arjun,Female,Grocery,7,765.12,Card,Delivered,Mumbai,4
3916,13551,Pooja,Female,Clothing,9,2732.95,Cash,Pending,Mumbai,3
2358,11811,Neha,Female,Books,3,2771.1,UPI,Delivered,Delhi,4
4902,15902,Priya,Female,Grocery,4,3480.93,UPI,Pending,Kolkata,4
3993,18363,Anuja,Male,Books,3,1238.53,Net Banking,Returned,Chennai,1
2439,15879,Priya,Female,Books,6,3602.92,Cash,Delivered,Hyderabad,3
2973,17245,Kiran,Male,Electronics,1,4130.08,UPI,Pending,Bangalore,3
1840,15200,Pooja,Female,Books,9,2482.31,Cash,Delivered,Pune,4
2850,16578,Sneha,Female,Furniture,2,4609.63,Net Banking,Delivered,Hyderabad,4
1883,19118,Sneha,Male,Electronics,4,1487.3,Net Banking,Delivered,Hyderabad,4
2636,12376,Anuja,Female,Books,2,746.86,Card,Delivered,Hyderabad,5
2799,11992,Ravi,Male,Electronics,3,3484.98,Cash,Cancelled,Bangalore,2
4171,10611,Anuja,Male,Clothing,7,1144.58,Net Banking,Delivered,,3
1194,13888,,Female,Clothing,6,,Card,Delivered,Delhi,3
4753,15159,Arjun,Male,Grocery,7,1364.07,Net Banking,Delivered,Delhi,5
4896,13671,Kiran,Male,Clothing,6,3608.96,UPI,Delivered,Kolkata,3
1205,13232,Neha,Female,Grocery,5,4269.26,Cash,Cancelled,Delhi,3
2141,15935,Rahul,Male,Furniture,9,2624.07,UPI,Delivered,Bangalore,4
3541,19292,Arjun,Female,Furniture,4,406.52,Cash,Delivered,Bangalore,3
3729,14144,,Female,Clothing,3,,Cash,Cancelled,Chennai,2
1625,15285,Rahul,Male,Books,7,3625.42,Cash,Delivered,Hyderabad,4
1952,14901,,Female,Furniture,2,4379.92,Cash,Delivered,Bangalore,4
2340,16817,Anuja,Male,Grocery,5,3076.33,Net Banking,Delivered,Pune,4
1110,16264,Ravi,Male,Grocery,9,877.69,Card,Delivered,Kolkata,4
3505,10026,Arjun,Male,Furniture,6,3386.15,Card,Cancelled,Delhi,2
4329,12651,Rahul,Male,Electronics,7,,Card,Delivered,Chennai,4
3900,14323,Arjun,Female,Electronics,1,4201.8,Net Banking,Delivered,Chennai,5
4170,18338,Amit,Male,Grocery,1,2176.21,Net Banking,Delivered,Mumbai,4
1891,10556,Sneha,Male,Electronics,5,3979.34,Cash,Delivered,Chennai,3
2892,11582,Kiran,Female,Grocery,1,4367.43,UPI,Cancelled,Delhi,2
1871,10923,Kiran,Female,Furniture,6,4426.27,UPI,Delivered,Kolkata,5
4886,16295,,Female,Furniture,5,334.12,Net Banking,Cancelled,Delhi,2
1840,13880,Rahul,Female,Clothing,5,1980.61,Card,Returned,Bangalore,3
1507,14880,Kiran,Female,Electronics,3,1478.34,Card,Delivered,Chennai,4
3493,13360,Ravi,Male,Grocery,7,1030.22,Cash,Cancelled,Bangalore,2
3831,12293,Pooja,Female,Furniture,4,,Net Banking,Delivered,Pune,4
2583,10281,,Female,Electronics,2,1529.48,Cash,Delivered,Hyderabad,5
4068,16541,Kiran,Male,Clothing,9,,Card,Delivered,Hyderabad,3
3291,16777,Priya,Male,Books,1,505.07,Net Banking,Cancelled,Kolkata,2
1683,19368,Rahul,Other,Grocery,1,2696.73,UPI,Delivered,Delhi,4
1943,12817,Kiran,Male,Electronics,6,,UPI,Cancelled,Chennai,2
2449,14077,Pooja,Female,Grocery,6,4798.32,Net Banking,Pending,Mumbai,3
1972,12987,Arjun,Female,Books,1,1461.93,UPI,Pending,Chennai,2
2717,11938,Kiran,Female,Clothing,6,2543.67,UPI,Delivered,Mumbai,4
2725,12746,,Male,Clothing,1,3260.16,Cash,Delivered,Pune,3
1226,19789,Priya,Female,Books,2,2409.3,Card,Delivered,Chennai,4
3155,18852,Amit,Male,Grocery,1,1173.62,UPI,Delivered,Chennai,4
4949,15229,Rahul,Male,Grocery,8,2292.24,Cash,Delivered,Bangalore,4
2260,19765,Sneha,Female,Books,9,2909.3,Cash,Delivered,Bangalore,4
1640,17960,,Male,Clothing,9,1382.61,UPI,Delivered,Pune,4
2011,17956,Arjun,Female,Furniture,2,2690.85,UPI,Delivered,Pune,4
3295,13956,Sneha,Male,Electronics,9,930.55,,Delivered,Mumbai,4
1694,15588,Rahul,Male,Grocery,8,1345.66,Card,Pending,Pune,3
2410,15717,,Male,Grocery,4,1556.8,Card,Delivered,Kolkata,4
4577,10665,Sneha,Female,Clothing,4,3344.02,Card,Delivered,Hyderabad,4
4779,15563,Amit,Male,Books,9,440.77,Card,Delivered,Hyderabad,4
4648,19697,Neha,Female,Electronics,7,3607.09,Cash,Delivered,,4
4267,15718,Anuja,Male,Books,5,3121.3,Net Banking,Delivered,Hyderabad,4
1494,12837,Priya,Female,Grocery,5,4920.47,Card,Delivered,Pune,4
1145,16243,,Male,Clothing,1,4739.88,Net Banking,Delivered,Kolkata,4
2397,18973,Sneha,Male,Books,9,1837.71,Cash,Cancelled,Hyderabad,1
2299,10976,Arjun,Female,Books,7,3997.22,Cash,Delivered,Chennai,4
4811,14593,Arjun,Female,Furniture,6,238.66,UPI,Delivered,Hyderabad,4
3094,14864,Amit,Female,Furniture,7,1271.55,Card,Delivered,Pune,4
1194,18790,Pooja,Male,Books,7,2129.13,Net Banking,Delivered,Delhi,4
1050,15188,Sneha,Male,Electronics,2,1404.85,Cash,Delivered,Delhi,4
1696,16942,Anuja,Other,Furniture,7,235.03,Cash,Delivered,Mumbai,5
3699,14848,Priya,Female,Clothing,7,726.93,Card,Delivered,Kolkata,4
4906,14257,Rahul,Male,Books,6,583.29,Net Banking,Delivered,Mumbai,5
4858,15054,Sneha,Male,Electronics,3,4070.63,Net Banking,Delivered,,4
1461,17501,Anuja,Female,Clothing,6,1211.69,Net Banking,Pending,Hyderabad,3
1036,17171,Ravi,Male,Electronics,5,430.01,Cash,Delivered,Delhi,5
2958,11979,Pooja,Female,Electronics,4,4736.28,UPI,Delivered,Kolkata,3
2967,13349,,Female,Books,1,2053.31,Net Banking,Delivered,Mumbai,5
3817,19808,Pooja,Male,Clothing,2,3139.1,UPI,Delivered,Chennai,5
3155,18265,Kiran,Female,Clothing,7,859.14,Cash,Delivered,Delhi,4
2439,12243,Sneha,Female,Clothing,6,3711.32,Card,Delivered,Chennai,4
2572,19543,Amit,Female,Clothing,1,2154.73,UPI,Delivered,Mumbai,4
1956,17785,Pooja,Female,Clothing,2,369.84,Net Banking,Delivered,Chennai,4
1489,11120,Kiran,Female,Books,3,220.31,UPI,Cancelled,Chennai,2
2749,16635,Amit,Male,Books,8,3679,Cash,Delivered,Pune,4
4030,12423,Ravi,Male,Furniture,9,1529.3,UPI,Cancelled,Kolkata,2
1231,11925,,Female,Books,3,3156.71,UPI,Pending,,3
2751,17706,Rahul,Female,Clothing,4,1273.16,Card,Cancelled,Mumbai,3
3671,12269,Rahul,Female,Books,5,4060.13,Card,Delivered,Chennai,4
2317,17436,Amit,Female,Furniture,7,3285.77,Net Banking,Delivered,Delhi,4
2363,15111,Pooja,Male,Books,2,4108.17,,Delivered,Bangalore,3
1446,14383,Anuja,Other,Clothing,2,3417.08,Net Banking,Cancelled,Hyderabad,1
1172,11995,Pooja,Male,Electronics,7,1431.72,Cash,Delivered,Kolkata,3
1737,13569,Neha,Female,Grocery,2,2153.46,Net Banking,Delivered,Chennai,3
1873,17512,Rahul,Female,Clothing,3,2626.52,Card,Delivered,Pune,5
3857,11681,,Female,Grocery,1,2496.58,Net Banking,Delivered,Kolkata,5
4087,15077,,Female,Books,1,2183.36,Card,Delivered,Pune,5
2033,18727,Anuja,Female,Clothing,5,647.12,Cash,Delivered,Pune,3
4956,13730,Anuja,Male,Electronics,8,1711.77,Net Banking,Pending,Hyderabad,2
3949,19039,Sneha,Female,Clothing,4,3614.02,Cash,Pending,Chennai,3
2167,12025,Priya,Male,Clothing,1,4605.05,Cash,Cancelled,Bangalore,2
4291,18953,Rahul,Female,Electronics,5,2239.57,Net Banking,Delivered,Bangalore,4
3773,18722,Rahul,Male,Books,2,1009.25,,Delivered,Hyderabad,4
3026,18683,Kiran,Female,Books,4,2897.9,Cash,Delivered,Chennai,3
2693,11872,Kiran,Female,Grocery,7,1397.84,UPI,Delivered,Bangalore,4
2064,17244,Anuja,Female,Electronics,2,1927.13,Cash,Delivered,Hyderabad,4
4300,15682,Amit,Female,Furniture,6,2086.23,Net Banking,Returned,Kolkata,1
4770,10179,Ravi,Male,Grocery,1,3109.55,Card,Delivered,Chennai,4
2387,11478,Rahul,Male,Electronics,4,4586.36,Net Banking,Pending,Delhi,4
3757,12860,Sneha,Female,Electronics,3,804.47,Card,Delivered,Delhi,3
2716,10128,Ravi,Female,Grocery,1,3460.07,UPI,Delivered,,4
2949,15329,,Male,Books,5,1639.59,UPI,Cancelled,Mumbai,3
1216,19046,Rahul,Female,Furniture,3,2958.4,Net Banking,Delivered,Kolkata,4
2881,15028,Arjun,Female,Books,7,170.43,UPI,Pending,Delhi,4
3428,13593,Pooja,Female,Furniture,3,3981.25,Cash,Delivered,Bangalore,4
2603,16763,Sneha,Male,Electronics,4,756.79,Card,Pending,Mumbai,3
3960,11560,Arjun,Male,Grocery,2,574.8,,Cancelled,Chennai,2
3785,14792,Sneha,Other,Furniture,6,2053.21,Cash,Delivered,Kolkata,3
3777,10203,Neha,Male,Electronics,6,,Net Banking,Returned,Kolkata,2
3241,19850,Neha,Male,Furniture,2,3962.95,Net Banking,Delivered,Chennai,4
2814,11639,Ravi,Female,Electronics,8,2423.78,Net Banking,Delivered,Kolkata,4
2082,11559,Sneha,Male,Books,8,,Cash,Delivered,Pune,3
3843,16115,Neha,Female,Electronics,2,154.72,Net Banking,Delivered,Bangalore,4
4988,13037,Ravi,Female,Furniture,9,4118.15,Card,Delivered,Kolkata,4
2269,13674,Ravi,Female,Electronics,3,4074.16,UPI,Pending,Pune,3
2107,17986,Amit,Male,Grocery,9,2161.84,UPI,Delivered,Delhi,5
2546,13285,Priya,Female,Clothing,1,3088.88,Card,Pending,Pune,2
4365,15271,Rahul,Female,Books,6,1280.85,UPI,Delivered,Hyderabad,5
2239,10765,Priya,Female,Grocery,3,670.42,Cash,Delivered,Chennai,4
3099,12365,Rahul,Female,Furniture,8,1317.59,Net Banking,Delivered,Delhi,4
2256,10271,Priya,Male,Books,3,3693.88,Cash,Pending,Bangalore,3
2925,19404,Anuja,Male,Furniture,2,,Net Banking,Pending,,3
3629,16220,Kiran,Female,Electronics,6,4069.72,Cash,Cancelled,Kolkata,2
2909,12639,Pooja,Male,Furniture,7,4668.62,Net Banking,Delivered,Delhi,4
3326,19643,Amit,Female,Clothing,8,3821.93,Card,Delivered,Hyderabad,3
1294,19543,,Male,Electronics,9,4809.97,Cash,Cancelled,Pune,2
3773,15844,Anuja,Female,Clothing,4,2338.3,UPI,Pending,Bangalore,3
2916,14262,Amit,Female,Books,3,900.22,Card,Delivered,Bangalore,4
3962,10184,Pooja,Female,Electronics,1,3894.08,Cash,Pending,Chennai,4
1558,11480,Amit,Male,Clothing,2,4926.56,Net Banking,Delivered,Chennai,4
1371,11235,Neha,Male,Books,4,4854.28,,Delivered,Kolkata,4
2833,17020,Pooja,Female,Clothing,3,1802.22,,Cancelled,Kolkata,1
4205,10967,Arjun,Female,Books,5,4396.23,Net Banking,Delivered,Kolkata,4
2088,10092,Sneha,Male,Electronics,1,850.04,Net Banking,Delivered,Kolkata,4
2312,19019,Ravi,Male,Grocery,2,1420.58,,Delivered,Delhi,4
3118,13061,Rahul,Male,Electronics,2,2867.68,Cash,Delivered,Mumbai,4
3235,10468,Arjun,Male,Electronics,1,353.97,Card,Delivered,Delhi,4
2036,18559,,Female,Clothing,3,136.63,Cash,Delivered,Hyderabad,3
3325,14053,Anuja,Female,Electronics,3,1163.47,Card,Delivered,Bangalore,4
2813,19404,Priya,Male,Clothing,4,293.7,Cash,Delivered,Chennai,3
1995,12569,Arjun,Male,Electronics,5,2483.61,Card,Delivered,Chennai,4
4273,15266,Anuja,Female,Books,2,4737.67,,Cancelled,Chennai,3
1130,13659,Ravi,Female,Books,3,1305.97,Cash,Delivered,,5
4849,14035,Rahul,Male,Electronics,2,3819.72,UPI,Delivered,Mumbai,5
4797,10567,Ravi,Female,Books,7,2813.2,UPI,Delivered,Delhi,5
2130,19473,Ravi,Female,Furniture,1,990.03,UPI,Delivered,,4
2942,12413,Pooja,Male,Grocery,6,4947.95,Cash,Delivered,,4
4668,12114,Ravi,Male,Furniture,8,3251.23,Card,Pending,Delhi,4
2187,13407,Kiran,Male,Furniture,2,4976.55,UPI,Delivered,Hyderabad,5
3856,13955,,Female,Clothing,3,2937.27,Net Banking,Delivered,Pune,5
2752,16459,Ravi,Female,Books,1,3421.44,Net Banking,Cancelled,Chennai,2
1498,13317,Neha,Male,Books,9,1640.26,UPI,Delivered,Bangalore,3
3011,11887,Priya,Female,Grocery,9,3992.86,Net Banking,Delivered,Pune,4
3667,14735,Rahul,Male,Grocery,7,4557.39,Card,Returned,Kolkata,2
4672,16055,,Female,Books,1,4352.17,UPI,Delivered,Kolkata,5
2301,10375,Rahul,Other,Books,2,2342.91,UPI,Delivered,Chennai,4
3193,17588,Ravi,Female,Grocery,8,4676.91,,Delivered,Hyderabad,4
1475,11291,Arjun,Female,Clothing,1,3186.09,UPI,Delivered,Bangalore,3
4074,14263,Anuja,Male,Grocery,7,1052.16,Cash,Delivered,Pune,5
3182,15287,Sneha,Male,Electronics,9,446.51,Cash,Delivered,Chennai,4
2478,17218,Arjun,Female,Electronics,9,2442.89,Net Banking,Delivered,Bangalore,3
1404,17766,Rahul,Female,Grocery,7,1883.07,Card,Delivered,Kolkata,4
2817,11105,Sneha,Male,Clothing,3,3433.34,UPI,Returned,Mumbai,2
2231,14063,Priya,Male,Furniture,7,788,Cash,Delivered,Chennai,4
2877,12423,Pooja,Female,Books,6,4775.4,Cash,Delivered,Pune,5
3532,11345,Neha,Male,Books,5,2891.12,Net Banking,Cancelled,,1
1459,19434,Amit,Female,Books,9,1936.65,Cash,Delivered,Chennai,4
4203,12164,Neha,Male,Furniture,5,2725.67,Card,Pending,Delhi,2
2808,10129,Anuja,Other,Books,7,1783.21,Net Banking,Delivered,Bangalore,4
1359,16300,Kiran,Female,Electronics,9,1416.75,Cash,Delivered,Hyderabad,5
4582,15819,Anuja,Male,Electronics,5,1998.41,Cash,Delivered,Pune,5
4277,11376,Sneha,Male,Electronics,1,1816.99,UPI,Pending,Hyderabad,2
1382,16485,Rahul,Other,Books,6,1800.65,Cash,Delivered,Chennai,4
4683,13409,Rahul,Male,Furniture,4,1833.88,Cash,Delivered,Mumbai,4
4734,18070,Neha,Male,Furniture,9,3381.04,UPI,Delivered,Kolkata,3
1057,18606,Amit,Male,Clothing,6,,Net Banking,Delivered,Mumbai,4
3775,11778,Rahul,Male,Grocery,4,4092.44,UPI,Delivered,,3
1830,18450,,Male,Clothing,4,896.21,Cash,Delivered,Pune,4
2402,17235,Amit,Male,Electronics,5,3158.89,Net Banking,Delivered,Kolkata,5
1568,10653,Pooja,Female,Books,4,4924.88,Card,Delivered,Pune,4
4144,10446,Arjun,Male,Clothing,4,1699.49,UPI,Pending,Mumbai,3
3553,18163,Kiran,Male,Clothing,5,,Card,Pending,Kolkata,3
3199,11502,Ravi,Female,Furniture,4,168.38,Cash,Delivered,,3
4174,12015,Priya,Female,Furniture,9,1768.28,UPI,Returned,Mumbai,1
4485,15739,Anuja,Male,Electronics,8,3509.32,Card,Delivered,Bangalore,4
1919,12432,Kiran,Other,Furniture,5,1952.68,,Delivered,,4
1166,15674,Anuja,Female,Furniture,6,2850.42,Card,Delivered,,5
3793,16083,Neha,Male,Furniture,4,1291.33,Card,Delivered,Delhi,5
4987,10954,Priya,Other,Books,8,4396.82,Net Banking,Cancelled,Pune,3
4170,12846,Pooja,Male,Electronics,6,1812.98,Cash,Delivered,Chennai,4
4451,10404,Amit,Female,Electronics,6,1755.23,UPI,Delivered,Delhi,4
1001,15692,Neha,Female,Furniture,5,3428.6,Cash,Delivered,Pune,4
2642,15759,Kiran,Female,Clothing,8,,Card,Delivered,Hyderabad,4
4386,13057,Ravi,Male,Grocery,3,4913.15,Card,Cancelled,,2
3430,14349,Kiran,Male,Grocery,5,112.91,Net Banking,Delivered,Pune,4
4810,11653,Amit,Other,Electronics,9,1875.59,Net Banking,Delivered,Mumbai,4
4261,14511,Ravi,Female,Furniture,6,388.06,Net Banking,Returned,Bangalore,2
3849,14631,Priya,Male,Books,3,2682.92,Card,Delivered,Kolkata,3
2403,13037,Neha,Male,Clothing,1,2356.57,Net Banking,Pending,Chennai,3
2287,13160,Pooja,Female,Clothing,5,1320.31,Net Banking,Returned,Pune,2
2658,16792,Kiran,Female,Clothing,7,2780.53,Cash,Delivered,Chennai,4
4783,14055,Kiran,Male,Furniture,3,3799.51,UPI,Delivered,Chennai,4
2899,10073,Kiran,Male,Books,6,4705.61,Net Banking,Pending,Chennai,4
4092,14887,Anuja,Male,Clothing,1,861.47,Cash,Cancelled,Pune,2
3828,10011,Rahul,Other,Furniture,1,4116.73,UPI,Delivered,Bangalore,5
3472,13506,Anuja,Male,Clothing,6,4232.26,Cash,Returned,,3
3938,12421,Pooja,Male,Furniture,7,4275.9,Card,Delivered,Delhi,4
3570,13729,Pooja,Female,Grocery,2,417.67,Cash,Pending,Hyderabad,3
4556,16828,Priya,Male,Grocery,2,1674.48,Cash,Delivered,Pune,4
4338,11218,Rahul,Female,Grocery,2,2184.72,Cash,Delivered,Hyderabad,4
2792,14841,Arjun,Female,Electronics,5,1958.37,Net Banking,Pending,Chennai,3
4737,14018,Sneha,Male,Books,3,897.2,Net Banking,Delivered,Mumbai,5
2111,18160,Arjun,Male,Grocery,2,4074.14,Card,Delivered,Hyderabad,4
3774,13259,Priya,Female,Books,7,4317.08,Net Banking,Delivered,Pune,4
2820,13819,Neha,Female,Electronics,4,660.94,Card,Pending,Delhi,3
3265,11663,,Male,Grocery,7,4136.08,Net Banking,Pending,Bangalore,4
1658,13071,Amit,Female,Books,6,1882.99,Card,Delivered,Bangalore,4
2540,13080,Arjun,Female,Furniture,6,2786.45,Card,Delivered,Chennai,4
1557,19814,Sneha,Male,Books,7,3851.24,Card,Pending,Kolkata,2
2644,13260,Rahul,Male,Grocery,5,3537.31,Net Banking,Delivered,Pune,5
2917,11030,Anuja,Female,Electronics,4,2806.38,Net Banking,Returned,Chennai,2
4110,19834,Rahul,Female,Furniture,4,2067.2,Card,Delivered,Hyderabad,4
1186,15006,Priya,Female,Furniture,3,1640.57,Cash,Delivered,Mumbai,4
4884,14852,Ravi,Male,Clothing,9,1328.94,Net Banking,Delivered,Bangalore,4
1267,18609,Anuja,Male,Electronics,1,1017.27,Card,Delivered,Chennai,5
1587,17972,Arjun,Female,Electronics,4,2298.9,Net Banking,Pending,Hyderabad,3
2946,17064,Arjun,Female,Furniture,6,2609.53,UPI,Delivered,Pune,4
2537,10106,Pooja,Female,Furniture,7,1029.31,Net Banking,Delivered,Delhi,3
4977,16720,Arjun,Male,Grocery,4,872.84,Card,Delivered,Delhi,3
4547,12999,Pooja,Female,Furniture,2,2977.22,UPI,Delivered,Chennai,4
2392,19732,Sneha,Female,Clothing,5,516.63,Card,Delivered,Chennai,5
1488,15027,Ravi,Male,Grocery,4,712.81,UPI,Pending,Chennai,4
1001,14184,Neha,Female,Furniture,7,134.53,UPI,Delivered,Hyderabad,4
4042,10440,Ravi,Other,Electronics,3,1147.24,UPI,Pending,Pune,3
2608,16437,Arjun,Female,Electronics,7,3220.15,Card,Pending,Mumbai,3
3940,18500,Pooja,Female,Clothing,3,1735.19,Cash,Delivered,Chennai,3
1071,15765,Amit,Male,Grocery,3,3983.22,Card,Delivered,,3
1735,12750,Neha,Male,Books,5,4457.12,UPI,Returned,Kolkata,2
3985,17962,Anuja,Female,Grocery,4,2260.64,Net Banking,Pending,Chennai,3
2562,16287,Arjun,Male,Electronics,5,2628.24,Card,Delivered,Pune,3
4135,17990,Neha,Male,Clothing,4,1167.73,Net Banking,Delivered,Pune,4
4221,17857,Kiran,Female,Books,7,4601.44,Card,Delivered,Kolkata,3
2271,13490,Arjun,Female,Clothing,9,1254.29,Card,Delivered,Kolkata,4
4708,18524,,Female,Grocery,2,4202.41,Card,Delivered,Mumbai,5
3878,13371,Neha,Male,Furniture,5,2360.14,UPI,Delivered,Delhi,4
1673,18382,Arjun,Male,Furniture,5,2029.99,Cash,Pending,Chennai,3
1647,11924,Amit,Male,Clothing,2,3450.2,Net Banking,Delivered,Bangalore,4
1714,19878,Neha,Female,Books,1,2870.23,Card,Delivered,Chennai,4
1068,14241,Neha,Female,Furniture,7,3694.16,Cash,Delivered,Kolkata,3
1799,19127,Kiran,Male,Furniture,5,3284.9,Net Banking,Delivered,Bangalore,4
4092,12371,Ravi,Male,Furniture,7,4289.83,Card,Delivered,Kolkata,4
2571,15362,Rahul,Male,Grocery,3,1274.11,Net Banking,Delivered,Hyderabad,3
2923,18000,Kiran,Male,Electronics,9,522.86,Card,Delivered,Hyderabad,4
4662,11115,Anuja,Male,Furniture,1,1938.63,UPI,Delivered,Pune,4
1687,15947,Priya,Male,Grocery,4,3267.57,Cash,Delivered,Kolkata,3
1633,19118,,Male,Grocery,9,1553.69,Net Banking,Delivered,Hyderabad,4
4525,12599,Arjun,Male,Clothing,8,1216.03,Net Banking,Delivered,Kolkata,4
4173,17711,Priya,Male,Grocery,6,2723.19,UPI,Pending,Pune,3
1481,13003,Rahul,Female,Electronics,4,645.3,Card,Delivered,,4
2105,12217,Amit,Male,Clothing,8,3687.16,Cash,Delivered,Delhi,5
3175,14298,Ravi,Male,Grocery,3,3810.21,,Pending,Chennai,4
1780,14867,Rahul,Female,Electronics,4,3941.72,UPI,Delivered,Bangalore,4
4323,15317,Priya,Male,Electronics,9,441,UPI,Delivered,Hyderabad,5
2802,14920,Kiran,Female,Grocery,6,2613.01,Cash,Delivered,Mumbai,4
1555,16473,Anuja,Male,Grocery,7,891.81,Cash,Pending,Mumbai,4
4306,19301,Pooja,Female,Electronics,4,3380.43,Card,Pending,Chennai,3
3985,12679,Amit,Female,Clothing,6,,Cash,Delivered,Bangalore,4
1819,10818,Rahul,Female,Electronics,7,2820.05,Cash,Delivered,Mumbai,5
2566,11697,Anuja,Female,Furniture,1,,Cash,Delivered,Delhi,4
3492,10847,,Male,Grocery,2,616.22,Net Banking,Delivered,Chennai,4
4296,14025,Pooja,Male,Grocery,3,4076.32,Cash,Delivered,Bangalore,4
3041,16021,Arjun,Female,Furniture,6,4464.68,Card,Delivered,,5
1685,14038,Neha,Female,Furniture,5,1780.44,UPI,Pending,Kolkata,3
3033,11067,Rahul,Male,Books,9,127.33,Card,Delivered,Mumbai,4
4775,19089,Priya,Male,Books,9,3482.43,Net Banking,Cancelled,Pune,2
2302,14992,Arjun,Male,Clothing,3,2560.29,UPI,Delivered,Mumbai,5
2834,11620,Ravi,Male,Grocery,2,1870.95,Net Banking,Delivered,Chennai,3
2920,14723,Amit,Female,Grocery,9,1044.11,Card,Returned,Kolkata,1
1696,16942,Anuja,Other,Furniture,7,235.03,Cash,Delivered,Mumbai,4
4296,14372,Arjun,Other,Books,6,4767.48,Net Banking,Returned,Bangalore,2
2874,10533,Pooja,Male,Furniture,3,1454.79,Card,Returned,Chennai,3
3338,19916,,Female,Clothing,4,4985.49,Cash,Delivered,Bangalore,4
2448,16094,Neha,Female,Clothing,7,,Cash,Delivered,Delhi,4
4201,18659,Sneha,Other,Clothing,3,3392.47,Card,Cancelled,Hyderabad,2
3641,16590,Amit,Female,Furniture,2,4216.4,Net Banking,Cancelled,Pune,3
3248,18502,Neha,Male,Books,4,2246.84,Net Banking,Delivered,Bangalore,4
4655,19260,Rahul,Female,Electronics,5,178.98,Cash,Cancelled,Bangalore,2
2517,10582,Rahul,Male,Books,2,4260.73,Card,Delivered,Hyderabad,5
3199,17759,Priya,Male,Grocery,4,3988.98,Net Banking,Delivered,Bangalore,3
4035,14081,Kiran,Male,Electronics,7,2592.84,Cash,Returned,Kolkata,3
3686,17392,Amit,Male,Furniture,8,,UPI,Delivered,Bangalore,3
1515,17432,Sneha,Female,Furniture,1,4069.97,Net Banking,Delivered,Hyderabad,4
1072,12899,Kiran,Male,Electronics,1,3372.86,Net Banking,Pending,Mumbai,4
1854,18134,Anuja,Male,Books,4,4289.08,Card,Delivered,Mumbai,4
2013,15939,Anuja,Male,Books,2,3625.23,UPI,Cancelled,Kolkata,3
2722,15022,Ravi,Female,Books,7,4728.4,Card,Delivered,Mumbai,4
2950,12306,Pooja,Female,Electronics,4,3728.16,Cash,Delivered,Kolkata,4
4141,16269,Anuja,Male,Clothing,5,915.97,UPI,Cancelled,Mumbai,2
2077,14133,Ravi,Male,Furniture,5,2652.7,Net Banking,Delivered,Chennai,3
1028,12956,Sneha,Female,Furniture,5,2037.41,Net Banking,Delivered,Delhi,3
2943,11361,Rahul,Female,Grocery,3,3237.59,Net Banking,Delivered,Chennai,4
4272,11626,Rahul,Male,Electronics,1,955.4,Net Banking,Delivered,Bangalore,3
4031,15424,Anuja,Male,Electronics,6,1293.94,Cash,Pending,Bangalore,3
3783,18747,Amit,Female,Electronics,1,1847.74,Card,Pending,Pune,3
1488,14016,Neha,Female,Books,5,2139.71,Card,Delivered,Hyderabad,5
2041,17270,Pooja,Female,Electronics,3,2821.31,Net Banking,Delivered,Chennai,4
1455,19825,Priya,Female,Electronics,5,3380.07,Card,Delivered,Bangalore,5
2087,15931,Priya,Male,Furniture,1,4959.38,UPI,Delivered,Bangalore,5
2145,10824,Rahul,Male,Books,3,2228.49,UPI,Pending,Hyderabad,4
2389,15247,Kiran,Male,Books,4,2691.29,Card,Delivered,Bangalore,4
2029,17443,Neha,Female,Grocery,5,738.49,UPI,Delivered,Mumbai,4
1421,19447,Anuja,Female,Books,4,4743.68,Card,Delivered,Hyderabad,5
1577,17693,Pooja,Male,Furniture,1,3871.26,Card,Delivered,Kolkata,4
1966,10019,Amit,Male,Electronics,3,2190.21,Cash,Delivered,Delhi,4
1483,17173,Sneha,Male,Clothing,2,4666.65,Card,Delivered,Delhi,3
2492,18353,Priya,Male,Electronics,7,3208.44,Cash,Delivered,,4
3946,17847,Neha,Male,Electronics,6,4885.66,UPI,Cancelled,Hyderabad,2
2336,16158,Amit,Female,Clothing,1,246.77,Net Banking,Pending,Kolkata,2
3037,10296,Ravi,Male,Clothing,6,427.98,Card,Delivered,Bangalore,4
4924,11379,Amit,Female,Books,4,4378.69,UPI,Cancelled,Pune,2
2890,19951,Neha,Female,Furniture,7,2834.2,UPI,Cancelled,Mumbai,2
4523,18784,Kiran,Male,Clothing,6,,UPI,Delivered,Pune,5
1661,13889,Anuja,Male,Furniture,6,3174.08,Card,Delivered,Delhi,4
4747,16957,,Male,Furniture,1,1310.23,UPI,Delivered,Chennai,5
2270,18339,Neha,Female,Furniture,3,2992.5,UPI,Cancelled,Bangalore,2
2367,10446,Pooja,Female,Clothing,1,1636.74,Card,Returned,Kolkata,3
3373,14381,Neha,Male,Electronics,2,4923.56,UPI,Delivered,Hyderabad,4
1490,11359,Rahul,Female,Books,1,3143.24,Net Banking,Delivered,Pune,3
2077,17210,Kiran,Male,Clothing,6,626.49,Net Banking,Delivered,Delhi,3
4670,11283,Sneha,Male,Clothing,8,4080.62,Net Banking,Delivered,Kolkata,4
3077,17595,Amit,Female,Books,9,4755.92,UPI,Cancelled,Hyderabad,3
1778,12955,Arjun,Male,Grocery,6,3532.88,UPI,Pending,Delhi,2
3560,18148,Sneha,Female,Clothing,2,4510.29,UPI,Delivered,Bangalore,4
3096,18243,Ravi,Female,Furniture,2,1055.1,Card,Delivered,Kolkata,3
3007,18718,Arjun,Male,Electronics,8,735.2,UPI,Delivered,,5
2822,18181,Pooja,Female,Electronics,5,1962.24,Cash,Delivered,Kolkata,4
3685,17599,Pooja,Female,Electronics,6,4824.47,Net Banking,Delivered,Delhi,4
1707,17387,Rahul,Male,Clothing,8,1150.07,UPI,Delivered,Pune,4
3717,12576,Pooja,Female,Electronics,3,681.24,UPI,Delivered,Hyderabad,4
1197,17715,Priya,Male,Electronics,3,4852.15,Net Banking,Delivered,Mumbai,4
2853,18564,Ravi,Male,Electronics,3,406.06,Net Banking,Returned,Delhi,1
4140,11054,Anuja,Male,Electronics,6,4983.26,Cash,Delivered,Kolkata,5
4930,16694,Anuja,Male,Grocery,4,1732.63,Net Banking,Delivered,Delhi,4
2354,14133,Ravi,Male,Furniture,4,3390.57,Cash,Returned,Kolkata,2
4548,17008,Pooja,Female,Furniture,8,3942.43,Cash,Cancelled,Hyderabad,2
4009,14777,Kiran,Female,Grocery,8,,Cash,Delivered,Delhi,5
4432,16369,Pooja,Male,Grocery,3,2035.69,Net Banking,Delivered,Hyderabad,4
2598,13835,Priya,Female,Electronics,8,2823.52,,Delivered,Chennai,3
1612,16109,Pooja,Male,Furniture,2,,Cash,Delivered,Pune,5
4291,12515,Anuja,Male,Books,5,3015.49,UPI,Delivered,Mumbai,4
2310,19060,Neha,Male,Furniture,7,4736.81,UPI,Delivered,Chennai,3
2591,12477,Neha,Female,Furniture,6,3232.88,Net Banking,Cancelled,,2
3760,17705,Ravi,Female,Grocery,5,,Card,Delivered,Delhi,4
2371,17361,Arjun,Female,Books,3,4709.66,Card,Delivered,Mumbai,5
1305,14925,Neha,Female,Grocery,3,169.94,Cash,Cancelled,Hyderabad,2
4533,16895,,Female,Electronics,3,125.92,Cash,Pending,Kolkata,2
3944,17630,Neha,Female,Books,3,3985.04,Card,Cancelled,Hyderabad,3
4959,18464,Ravi,Male,Furniture,1,2517.71,Cash,Cancelled,Hyderabad,2
2587,13109,Anuja,Female,Grocery,6,3107.75,Cash,Delivered,Delhi,4
2102,10015,Arjun,Male,Furniture,1,3651.58,Net Banking,Delivered,Mumbai,4
1001,15585,Arjun,Female,Grocery,8,1015.28,Net Banking,Pending,Hyderabad,3
2943,19551,Anuja,Male,Furniture,7,3068.59,Card,Delivered,Mumbai,3
1338,10800,Anuja,Male,Grocery,4,3093.1,UPI,Returned,Delhi,2
2614,16867,Pooja,Female,Books,2,4428.33,Net Banking,Delivered,Mumbai,4
2503,16050,Kiran,Female,Clothing,8,645.79,Net Banking,Delivered,Delhi,4
4762,14157,Arjun,Male,Clothing,9,613.12,Card,Delivered,,5
3808,11044,Anuja,Male,Books,4,1690.25,Cash,Pending,Chennai,3
1581,18060,Anuja,Female,Clothing,2,1934.39,Net Banking,Delivered,Chennai,4
4643,13598,Kiran,Female,Clothing,8,990.12,Cash,Delivered,Pune,4
1752,10370,Sneha,Female,Grocery,7,2873.18,UPI,Pending,Chennai,3
1941,16441,Priya,Female,Clothing,9,676.54,Net Banking,Returned,Pune,2
2184,12646,Amit,Female,Grocery,5,2440.01,Card,Delivered,Bangalore,5
3361,17565,Rahul,Female,Grocery,3,2516.46,Net Banking,Pending,Chennai,3
3158,10949,Amit,Female,Clothing,2,2279.11,UPI,Returned,Pune,2
3550,19752,Priya,Female,Furniture,5,2745.85,Net Banking,Delivered,Hyderabad,4
4713,16212,Amit,Male,Electronics,6,4593.43,Net Banking,Pending,Delhi,4
1636,10432,Anuja,Male,Books,5,4276.08,Card,Pending,Hyderabad,4
3791,14608,Pooja,Male,Books,5,556.97,Net Banking,Pending,Delhi,3
1172,12013,Pooja,Male,Furniture,3,1186.93,Net Banking,Delivered,Chennai,4
4561,12367,Pooja,Male,Books,6,4337.91,Net Banking,Pending,,3
4633,11789,Pooja,Female,Grocery,2,3259.82,Cash,Delivered,Bangalore,4
4937,10949,Kiran,Male,Books,8,1026.8,Cash,Pending,Pune,3
4185,17899,Kiran,Female,Furniture,2,4773.35,UPI,Delivered,Chennai,3
2573,12268,Rahul,Female,Grocery,9,1597.98,Cash,Delivered,Kolkata,4
4008,14370,Amit,Female,Clothing,6,4212.43,Card,Cancelled,Kolkata,2
4075,18135,Rahul,Male,Grocery,6,176.01,Cash,Delivered,Bangalore,5
4854,14721,Ravi,Female,Electronics,9,4958.26,Card,Delivered,Kolkata,5
2028,11847,Priya,Female,Books,7,2206.71,Card,Delivered,Mumbai,3
3773,15933,Anuja,Female,Furniture,2,4528.14,Cash,Delivered,Bangalore,4
2854,17843,Arjun,Female,Furniture,4,3213.32,UPI,Delivered,Hyderabad,3
3981,14987,Kiran,Female,Furniture,2,4824.12,UPI,Returned,Hyderabad,2
3153,11292,Neha,Female,Clothing,5,460.96,Card,Pending,Chennai,3
3702,15062,Pooja,Male,Books,8,1785.61,Card,Pending,Hyderabad,3
2179,15520,Kiran,Female,Furniture,4,1277.35,Net Banking,Pending,Hyderabad,3
2625,14534,Anuja,Male,Grocery,4,1466.7,Net Banking,Delivered,Kolkata,4
4163,12091,Sneha,Male,Grocery,7,3712.82,Card,Delivered,Mumbai,5
4120,11909,Kiran,Female,Grocery,9,2695.72,UPI,Delivered,Hyderabad,4
2903,10540,Rahul,Female,Electronics,6,3156.74,UPI,Delivered,Bangalore,5
2137,18627,Amit,Female,Clothing,5,4568.6,Card,Delivered,Chennai,4
2504,11566,Sneha,Male,Grocery,4,4684.56,Cash,Delivered,Kolkata,4
2587,13550,Rahul,Female,Grocery,2,4917.81,Cash,Returned,Delhi,2
3637,13563,Rahul,Female,Grocery,8,4233.84,Net Banking,Delivered,Bangalore,4
2613,13970,Amit,Female,Grocery,3,,Net Banking,Delivered,Bangalore,4
1293,16905,Neha,Male,Books,1,4803.08,Net Banking,Pending,Kolkata,2
2935,18368,Anuja,Female,Clothing,9,1692.64,Cash,Delivered,Delhi,3
4195,15150,Priya,Female,Grocery,1,1491.05,Card,Delivered,Pune,4
3014,10665,Pooja,Female,Electronics,5,822.64,Net Banking,Delivered,Kolkata,3
1151,12675,Pooja,Male,Clothing,6,4770.09,Card,Delivered,Kolkata,5
4234,14670,Amit,Female,Furniture,2,858.44,UPI,Delivered,Hyderabad,5
2781,19217,Neha,Male,Books,6,1892.64,UPI,Delivered,Mumbai,4
2630,19438,Pooja,Female,Clothing,2,1382.35,Card,Delivered,Mumbai,4
1190,13374,Amit,Female,Clothing,6,444.94,,Cancelled,Chennai,2
1541,17207,Pooja,Female,Electronics,5,1117.91,UPI,Delivered,Hyderabad,3
2080,13660,Rahul,Male,Grocery,1,3499.04,Card,Delivered,Pune,4
3521,19949,Amit,Male,Books,2,3888.13,UPI,Pending,Bangalore,3
2939,12513,Anuja,Female,Clothing,4,1138.37,Card,Delivered,Bangalore,5
4062,18744,Anuja,Female,Electronics,7,2774.43,Cash,Delivered,Hyderabad,4
2855,13056,Sneha,Female,Grocery,8,4004.37,Net Banking,Delivered,Kolkata,4
3072,19918,Anuja,Female,Electronics,3,120.08,Card,Delivered,Delhi,4
3041,15285,Kiran,Male,Clothing,5,4973.97,Card,Delivered,Delhi,3
1560,12030,Priya,Female,Electronics,9,2232.81,Net Banking,Pending,Kolkata,2
2577,11914,Arjun,Male,Clothing,3,3203.84,Net Banking,Delivered,Bangalore,4
4452,17309,Neha,Male,Electronics,5,3324.74,Card,Pending,Delhi,2
1547,12407,Rahul,Female,Books,5,2640.84,Net Banking,Pending,Kolkata,2
3492,13717,Amit,Male,Books,3,4228.54,Cash,Delivered,Delhi,4
4227,19692,Anuja,Male,Grocery,9,2630.44,Net Banking,Pending,Chennai,3
1931,19447,Anuja,Female,Books,9,1614.05,Card,Pending,Delhi,3
4514,10974,Kiran,Female,Electronics,6,3870.59,Cash,Delivered,Bangalore,3
2565,16170,Pooja,Female,Books,5,3916.49,Cash,Delivered,Pune,4
4899,13379,Kiran,Female,Electronics,8,1371.84,Cash,Delivered,Mumbai,4
1287,16265,Ravi,Male,Books,8,3946.48,Net Banking,Delivered,Kolkata,5
4674,16827,Anuja,Male,Grocery,8,1676.57,UPI,Pending,Delhi,3
4956,14597,Ravi,Female,Furniture,4,630.47,Cash,Delivered,Delhi,5
2128,19386,Kiran,Female,Grocery,2,3560.21,Card,Delivered,Bangalore,4
1708,14224,Priya,Male,Furniture,2,2695.93,Net Banking,Delivered,Delhi,4
4447,18378,Rahul,Female,Clothing,5,1518.42,Card,Cancelled,Chennai,2
1027,16658,Anuja,Male,Grocery,9,1877.04,Cash,Returned,Mumbai,3
3902,19665,Amit,Female,Furniture,8,3892.65,UPI,Pending,Pune,4
1886,14076,Kiran,Male,Electronics,1,4191.22,UPI,Delivered,Delhi,5
3200,12261,Neha,Female,Grocery,5,4131.77,Cash,Delivered,Mumbai,4
2523,13951,Pooja,Male,Electronics,7,533.75,UPI,Delivered,Kolkata,4
1376,15582,Rahul,Female,Clothing,7,4872.11,UPI,Delivered,Chennai,4
2259,17028,Ravi,Male,Grocery,8,660.34,Card,Delivered,Kolkata,5
1949,11602,Sneha,Female,Electronics,1,1156.22,Cash,Pending,Delhi,3
3101,11634,Priya,Female,Furniture,5,2428.1,Cash,Delivered,Pune,4
3713,15992,Priya,Male,Clothing,5,3907.85,Card,Pending,Pune,4
2300,15397,Pooja,Female,Furniture,4,3091.69,Cash,Delivered,Delhi,4
3532,13890,Anuja,Female,Clothing,7,1425.08,Net Banking,Delivered,Chennai,4
3460,18182,Ravi,Male,Grocery,9,4144.69,UPI,Delivered,Mumbai,4
2931,14551,Rahul,Male,Books,2,4453.78,Card,Delivered,Bangalore,4
1822,13927,Rahul,Male,Books,2,3191.57,UPI,Delivered,Kolkata,5
3864,16777,Neha,Female,Electronics,7,3795.24,UPI,Cancelled,Delhi,3
1564,15630,Rahul,Female,Furniture,9,2346.29,Card,Delivered,Chennai,4
1731,19993,Ravi,Male,Furniture,2,501.88,Card,Pending,Hyderabad,3
2415,17546,Arjun,Female,Books,7,3985.12,Cash,Cancelled,,3
2828,14549,Sneha,Female,Grocery,1,3760.7,Card,Pending,Bangalore,3
4218,18953,Pooja,Male,Electronics,2,3062.99,Cash,Delivered,Kolkata,4
1580,12484,Neha,Female,Books,7,412.93,UPI,Pending,Hyderabad,3
3660,11074,Pooja,Female,Clothing,5,4811.24,UPI,Delivered,Bangalore,4
4608,18983,Ravi,Female,Clothing,6,3590.24,Net Banking,Returned,Bangalore,2
2792,17280,Anuja,Female,Furniture,4,1368.59,Cash,Delivered,Kolkata,3
3099,18728,Ravi,Male,Furniture,8,3552.12,Card,Delivered,Hyderabad,4
2677,19686,Rahul,Female,Electronics,8,,Net Banking,Delivered,Delhi,5
3869,12731,Rahul,Female,Books,1,3214.18,Cash,Pending,,3
2502,15289,Priya,Male,Furniture,8,1140.72,,Delivered,Hyderabad,4
1223,10968,Anuja,Female,Furniture,5,452.95,Cash,Cancelled,Hyderabad,2
1235,19609,Neha,Female,Grocery,2,2737.34,,Delivered,Pune,3
2363,14703,Amit,Male,Books,5,4949.95,Cash,Returned,Hyderabad,1
4480,16170,Amit,Male,Electronics,8,4613.02,UPI,Delivered,Delhi,4
3109,15507,Arjun,Male,Grocery,2,3244.48,Cash,Delivered,Mumbai,5
2782,19853,Sneha,Female,Books,3,4774.13,Cash,Delivered,Mumbai,3
3810,11536,Amit,Male,Clothing,2,1214.17,Cash,Delivered,Pune,4
2215,18445,Neha,Male,Grocery,6,3117.7,Net Banking,Delivered,Bangalore,3
2503,16094,Priya,Male,Furniture,2,2371.9,Card,Delivered,Hyderabad,4
2937,15118,Neha,Female,Books,2,2230.53,Card,Delivered,Bangalore,4
1963,17083,Neha,Male,Electronics,5,495.61,Net Banking,Delivered,Bangalore,4
4419,18222,Neha,Male,Furniture,9,178.22,Cash,Cancelled,Hyderabad,2
2221,12925,Anuja,Female,Furniture,5,566.02,,Returned,Mumbai,2
4563,16569,Rahul,Male,Books,9,2990.61,Cash,Pending,Kolkata,3
3026,19455,Neha,Male,Clothing,3,269.19,Cash,Delivered,,4
1621,11688,Sneha,Female,Clothing,8,2992.83,Cash,Delivered,Hyderabad,5
1451,10572,Rahul,Female,Electronics,2,,Net Banking,Delivered,Kolkata,4
1942,15273,Rahul,Female,Clothing,3,1361.14,Card,Cancelled,Bangalore,3
4981,10920,Pooja,Female,Electronics,7,731.15,Cash,Delivered,Chennai,5
1816,12902,Rahul,Male,Electronics,9,4370.41,Card,Delivered,Mumbai,4
3535,19833,Sneha,Female,Furniture,4,127.36,Cash,Delivered,Hyderabad,4
4215,14584,Amit,Male,Clothing,3,2654.49,Cash,Delivered,Bangalore,4
4302,10889,Kiran,Female,Furniture,5,3293.41,Cash,Delivered,Hyderabad,5
4628,14299,,Female,Electronics,8,2285.54,UPI,Pending,Delhi,3
3686,16071,Kiran,Male,Furniture,4,2865.94,Cash,Returned,Pune,3
1718,15641,Anuja,Female,Grocery,3,579.25,Card,Delivered,Mumbai,4
1370,17066,Kiran,Male,Furniture,9,2283.8,Cash,Pending,Bangalore,3
4356,19879,Amit,Female,Clothing,8,2254.41,Cash,Cancelled,Kolkata,2
3267,18949,Sneha,Female,Electronics,2,3335.49,UPI,Delivered,Kolkata,3
4562,19856,Priya,Male,Electronics,8,229.4,Cash,Pending,Mumbai,2
4551,16571,Ravi,Female,Grocery,2,1756.95,Card,Returned,Mumbai,2
2390,16604,Sneha,Female,Electronics,5,4469.75,UPI,Delivered,Bangalore,4
2676,11538,Rahul,Male,Electronics,7,4798.81,UPI,Delivered,Bangalore,3
1377,19297,Pooja,Male,Books,7,4117.25,UPI,Delivered,Pune,4
2889,16553,,Female,Books,7,541.64,UPI,Delivered,Kolkata,4
1741,13212,Rahul,Male,Clothing,4,4787.26,Net Banking,Delivered,Mumbai,4
2917,13395,Sneha,Female,Grocery,2,4816.04,UPI,Delivered,Chennai,5
2252,15738,Sneha,Female,Electronics,1,3794.18,Cash,Delivered,Mumbai,4
3923,14939,Rahul,Female,Grocery,8,,Net Banking,Delivered,Chennai,4
2308,12577,Pooja,Male,Clothing,8,3865.67,Cash,Delivered,Pune,5
1419,14729,Kiran,Female,Furniture,8,3372.96,Net Banking,Delivered,Chennai,4
3213,11942,Rahul,Male,Grocery,6,2468.13,Card,Delivered,Delhi,3
4350,15715,Rahul,Male,Grocery,2,4422.39,Card,Delivered,Delhi,3
1138,17273,Ravi,Female,Furniture,7,2452.79,Card,Delivered,,5
1567,10022,Priya,Female,Grocery,6,2531.23,Card,Pending,Mumbai,4
2268,13385,Amit,Male,Books,3,3186.89,UPI,Delivered,Kolkata,4
2016,19635,Rahul,Female,Furniture,5,2905.02,Net Banking,Delivered,Pune,3
2699,15984,Rahul,Male,Furniture,4,1154.44,Card,Pending,Kolkata,3
1140,12841,,Female,Electronics,5,1592.33,UPI,Cancelled,Kolkata,1
2127,14183,Kiran,Male,Furniture,1,3704.74,Net Banking,Delivered,Chennai,3
4927,11550,Pooja,Female,Electronics,4,2668.36,UPI,Delivered,Chennai,4
3853,16159,Neha,Female,Furniture,9,2121.56,Card,Delivered,Kolkata,4
4854,17210,Neha,Male,Grocery,1,4555.75,UPI,Pending,Hyderabad,2
2327,10979,Rahul,Male,Grocery,8,2226.89,Cash,Delivered,Kolkata,5
2627,10908,Ravi,Male,Books,9,4295.7,UPI,Cancelled,Delhi,2
4676,14881,Kiran,Male,Electronics,5,2835.44,Card,Delivered,Bangalore,4
4261,16657,Amit,Male,Electronics,4,3852.09,Cash,Delivered,Bangalore,4
2938,18107,Rahul,Male,Electronics,3,870.98,Net Banking,Delivered,Hyderabad,4
4365,14764,Amit,Female,Grocery,4,989.02,Card,Delivered,Delhi,4
1138,19957,Kiran,Female,Books,1,1984.95,UPI,Delivered,Pune,3
4373,15426,Pooja,Male,Grocery,2,4878.09,Card,Delivered,Mumbai,3
2541,14466,Ravi,Female,Grocery,9,3641.85,Card,Pending,,4
2378,18792,Ravi,Female,Grocery,8,3752.83,Cash,Pending,Delhi,2
3334,17032,Pooja,Male,Books,3,3181,UPI,Delivered,Delhi,4
4304,11076,Pooja,Female,Clothing,1,4837.53,Net Banking,Delivered,Delhi,4
4822,16996,,Female,Furniture,5,1334.04,Net Banking,Delivered,Hyderabad,4
2335,12914,Neha,Female,Grocery,5,2224.46,Net Banking,Returned,Kolkata,1
3931,13055,Pooja,Female,Furniture,1,3339.29,Cash,Returned,Delhi,3
2761,16967,Ravi,Female,Books,9,3814.14,Net Banking,Delivered,Bangalore,4
3172,13280,Anuja,Male,Furniture,6,2785.47,Net Banking,Delivered,Chennai,4
1241,18298,Amit,Female,Furniture,8,714.59,Card,Pending,Mumbai,3
4076,12258,Rahul,Male,Grocery,5,1527.33,Net Banking,Pending,Pune,4
1424,18503,Priya,Male,Clothing,8,484.84,UPI,Returned,,2
3597,10329,,Male,Clothing,9,2047.76,UPI,Delivered,Chennai,4
3364,14127,Amit,Male,Furniture,2,3869.51,UPI,Delivered,Pune,4
2643,17338,,Female,Clothing,3,4036.01,Card,Delivered,Pune,4
4250,17269,Kiran,Male,Clothing,9,1191.57,Cash,Pending,Chennai,3
1270,12696,Kiran,Female,Books,2,862.48,Card,Returned,Chennai,1
1978,16026,Pooja,Female,Clothing,4,4130.38,Net Banking,Cancelled,Hyderabad,1
1520,15892,Pooja,Female,Furniture,2,4435.49,Card,Delivered,Bangalore,4
1238,15524,Anuja,Male,Grocery,4,2226.2,Card,Pending,Chennai,2
3367,18167,Rahul,Male,Clothing,5,4479.43,Card,Returned,Chennai,2
1129,15114,Kiran,Female,Clothing,1,3788.15,Card,Delivered,Kolkata,5
4155,12654,Sneha,Female,Books,3,1566.16,Net Banking,Delivered,Chennai,3
1923,18043,Arjun,Female,Electronics,2,639.76,Net Banking,Delivered,Mumbai,3
4119,15903,Kiran,Male,Furniture,3,2260.26,Net Banking,Delivered,Pune,3
1074,11386,Priya,Other,Books,1,2686.23,UPI,Delivered,Delhi,4
4141,18284,Sneha,Female,Furniture,3,1636.06,UPI,Delivered,Mumbai,4
2827,10740,Amit,Female,Books,5,1717.03,Card,Cancelled,Pune,2
3529,18168,,Male,Electronics,5,3898.21,Net Banking,Pending,Hyderabad,2
3695,15289,Pooja,Male,Furniture,3,339.7,Card,Delivered,Mumbai,4
4626,11561,Kiran,Male,Grocery,5,2257.4,Card,Delivered,Bangalore,4
2415,15958,Pooja,Female,Clothing,1,3351.91,Cash,Delivered,Delhi,4
1522,11242,Kiran,Male,Electronics,4,2000.44,UPI,Pending,Kolkata,3
3258,16993,Sneha,Female,Electronics,4,4384.26,Net Banking,Delivered,Delhi,4
4342,16449,Rahul,Female,Furniture,7,2952.81,UPI,Delivered,Pune,4
3915,15629,Neha,Male,Clothing,3,140.2,Cash,Cancelled,Mumbai,3
4208,16942,Rahul,Male,Clothing,4,1709.91,,Delivered,Pune,4
3010,18534,Ravi,Female,Electronics,9,3959.95,Cash,Delivered,Kolkata,4
1126,13620,Ravi,Male,Books,9,833.37,UPI,Delivered,Chennai,4
1820,17824,Kiran,Female,Electronics,4,2192.31,UPI,Delivered,Mumbai,4
3798,13627,Priya,Male,Electronics,4,1985.5,UPI,Delivered,Mumbai,4
3809,19190,Rahul,Male,Clothing,1,4647.59,UPI,Delivered,Mumbai,4
3639,14112,Anuja,Male,Clothing,2,235.74,UPI,Delivered,Hyderabad,5
3176,17040,,Male,Electronics,9,2652.74,Net Banking,Delivered,Delhi,4
2661,14311,Anuja,Male,Books,6,1373.36,UPI,Delivered,Hyderabad,5
4388,14927,Pooja,Female,Furniture,8,2850.35,Cash,Pending,Hyderabad,3
1515,16015,Arjun,Male,Furniture,8,4388.12,Card,Cancelled,Kolkata,2
3418,14712,Neha,Female,Grocery,7,1471.63,Net Banking,Delivered,Chennai,4
1709,10788,Ravi,Female,Electronics,1,4720.17,,Delivered,Delhi,4
4335,17498,Rahul,Male,Books,7,1259.4,Card,Delivered,Hyderabad,4
3301,15565,Amit,Male,Clothing,9,3962.24,UPI,Delivered,Pune,4
2035,14541,Neha,Male,Grocery,5,3597.17,Net Banking,Pending,Delhi,4
3992,10496,Sneha,Female,Electronics,4,3274.84,Cash,Pending,Pune,3
3821,19795,Amit,Male,Grocery,5,,Card,Delivered,Pune,3
3797,10938,Ravi,Female,Electronics,8,540.81,Net Banking,Delivered,Bangalore,4
3172,14786,Pooja,Female,Books,3,204.5,Net Banking,Delivered,Chennai,4
1125,18836,Ravi,Female,Electronics,8,2351.07,Card,Delivered,Bangalore,5
2070,10569,Ravi,Female,Clothing,8,727.64,Cash,Pending,Kolkata,3
2078,17058,Arjun,Male,Furniture,4,1686.12,Net Banking,Delivered,Pune,3
4201,18808,Rahul,Other,Electronics,9,1295.39,Cash,Cancelled,Hyderabad,1
3143,17038,Sneha,Female,Grocery,3,3219.06,Net Banking,Delivered,Hyderabad,4
1467,19364,Sneha,Male,Furniture,8,4006.48,Cash,Delivered,,3
1351,17082,Amit,Female,Electronics,6,1424.76,Card,Delivered,Bangalore,4
1395,18553,Amit,Female,Grocery,2,519.58,Cash,Pending,Mumbai,2
1487,15796,Arjun,Female,Furniture,2,4180.55,Cash,Delivered,Hyderabad,3
2104,17928,Neha,Male,Electronics,6,4071.91,Cash,Cancelled,,3
1679,15441,Rahul,Female,Electronics,9,1499.98,Net Banking,Delivered,Bangalore,3
1261,11556,Kiran,Female,Furniture,3,3027.38,Card,Delivered,Bangalore,3
1830,19581,Sneha,Female,Furniture,5,3997.73,Card,Delivered,Delhi,5
4191,11690,Amit,Other,Grocery,8,4302.04,Net Banking,Pending,Kolkata,2
4599,12181,Ravi,Male,Grocery,6,4874.63,Cash,Delivered,Kolkata,5
2797,10037,Priya,Male,Furniture,1,3444.1,UPI,Delivered,Bangalore,3
1032,16840,Ravi,Female,Clothing,9,2589.55,Cash,Delivered,Bangalore,3
4453,18205,Sneha,Male,Clothing,7,2711.02,Card,Delivered,Mumbai,3
3181,10176,Amit,Female,Furniture,4,4033.97,Card,Delivered,Chennai,4
2655,19537,Anuja,Female,Clothing,2,2932.5,Cash,Delivered,Bangalore,4
1344,16659,Amit,Male,Grocery,6,3322.99,UPI,Delivered,Chennai,4
1116,14491,Ravi,Male,Clothing,6,550.61,Net Banking,Pending,Delhi,3
3940,14923,Kiran,Male,Clothing,4,2949.54,Card,Delivered,Kolkata,3
1501,18107,Amit,Other,Grocery,8,3020.66,UPI,Delivered,Chennai,4
2003,16553,Ravi,Female,Furniture,3,440.58,Cash,Returned,Delhi,2
3801,12816,Kiran,Other,Clothing,2,2960.11,Cash,Delivered,Hyderabad,4
3581,13454,Anuja,Male,Clothing,8,3723.62,Card,Returned,Kolkata,2
2953,14833,Rahul,Male,Clothing,1,,Net Banking,Delivered,Delhi,5
2410,17622,Amit,Male,Electronics,3,667.83,Card,Delivered,Kolkata,4
3324,15556,Kiran,Male,Grocery,6,442.93,Cash,Cancelled,Mumbai,1
1202,11860,Sneha,Female,Grocery,1,4315.61,Card,Pending,Chennai,3
4179,10632,Amit,Male,Clothing,8,4166.1,Cash,Cancelled,Bangalore,3
4461,18741,Sneha,Female,Grocery,1,4024.26,Net Banking,Delivered,Pune,4
4870,17914,Sneha,Female,Furniture,4,3335.23,Card,Delivered,Kolkata,4
3383,18493,Kiran,Female,Grocery,7,906.46,Card,Delivered,Mumbai,4
2266,10324,Kiran,Female,Electronics,3,3096.09,Card,Cancelled,Hyderabad,1
2605,10968,Ravi,Male,Books,6,1702.3,Card,Delivered,Delhi,5
3561,15255,Anuja,Other,Grocery,8,4290.59,UPI,Pending,Pune,3
4430,11812,Rahul,Male,Clothing,9,3515.34,Cash,Delivered,Hyderabad,5
1454,11590,Sneha,Female,Electronics,5,,Cash,Delivered,Bangalore,5
4797,15837,Arjun,Male,Furniture,6,2650.42,Cash,Delivered,,4
4462,17192,Ravi,Male,Electronics,2,473.23,Net Banking,Delivered,Mumbai,4
2355,12759,Pooja,Male,Electronics,7,838.65,Card,Delivered,,4
3675,19063,Rahul,Female,Clothing,1,1679.1,Card,Delivered,Bangalore,5
1237,11420,Anuja,Female,Grocery,6,4777.86,Net Banking,Delivered,Mumbai,4
3841,17196,Priya,Male,Grocery,2,4998.87,UPI,Delivered,Pune,4
2683,17121,Pooja,Male,Grocery,4,1376.7,Cash,Delivered,Kolkata,5
1091,12372,Kiran,Female,Electronics,2,1724.29,UPI,Returned,Bangalore,2
1068,10559,Amit,Male,Clothing,5,1504.27,UPI,Delivered,Pune,5
4639,10238,Pooja,Female,Electronics,9,2596,UPI,Delivered,Kolkata,5
2014,18115,Pooja,Other,Books,7,4060.65,Net Banking,Delivered,Chennai,3
3379,16107,Kiran,Male,Furniture,2,1970.37,UPI,Pending,Chennai,3
2296,19628,Neha,Male,Books,2,3984.06,Card,Delivered,Bangalore,4
1223,12024,Arjun,Male,Grocery,8,3204.46,Card,Delivered,Kolkata,5
2291,16354,Kiran,Female,Grocery,7,3370.69,Card,Delivered,Kolkata,3
4775,19089,Priya,Male,Books,9,3482.43,Net Banking,Cancelled,Pune,2
2141,14782,Pooja,Female,Clothing,6,3721.79,Cash,Cancelled,Chennai,2
4722,19422,Pooja,Female,Grocery,9,129.76,UPI,Pending,Delhi,3
1821,11507,Priya,Female,Clothing,8,3937.23,Card,Delivered,Bangalore,3
2500,17300,Ravi,Male,Furniture,6,1805.3,Cash,Cancelled,Delhi,2
2064,13862,Rahul,Male,Grocery,8,3752.17,Card,Delivered,Hyderabad,4
2196,18625,Anuja,Male,Books,8,581.07,UPI,Delivered,Bangalore,4
1612,17980,Kiran,Female,Furniture,9,3874.61,UPI,Delivered,Delhi,4
4445,16099,Anuja,Male,Clothing,2,4827.86,Cash,Cancelled,Bangalore,2
1154,13178,Amit,Male,Furniture,2,3628.28,Net Banking,Delivered,Chennai,4
1129,13219,Sneha,Male,Books,2,4121.5,Net Banking,Delivered,Hyderabad,4
1342,10440,Kiran,Female,Grocery,1,307.13,Card,Delivered,Mumbai,5
3947,12939,Arjun,Female,Grocery,2,1529.32,Net Banking,Delivered,Mumbai,3
2659,18915,Pooja,Male,Books,1,2890.05,UPI,Delivered,Bangalore,5
3749,16076,Pooja,Male,Books,5,2239.53,Card,Delivered,Hyderabad,3
1910,13679,Arjun,Female,Grocery,5,3641.18,Net Banking,Delivered,Delhi,4
3265,16302,Rahul,Male,Grocery,2,2593.47,Card,Delivered,Delhi,4
4111,14947,Neha,Other,Furniture,3,1546.18,,Cancelled,Chennai,2
1016,12803,Neha,Male,Furniture,9,3220.4,Net Banking,Delivered,Delhi,3
1829,13097,Amit,Male,Grocery,6,4309.39,UPI,Delivered,Chennai,4
2331,10348,Sneha,Female,Grocery,1,3129.18,Cash,Pending,Chennai,2
2104,16577,Pooja,Male,Clothing,9,4951.31,UPI,Delivered,Mumbai,4
4522,12653,,Male,Grocery,7,3390.61,UPI,Pending,Hyderabad,3
3454,14215,Anuja,Female,Clothing,9,2815.38,UPI,Delivered,Mumbai,5
1410,11074,Neha,Female,Grocery,5,142.31,Net Banking,Delivered,Kolkata,4
3418,18820,Amit,Female,Electronics,3,1332.02,Net Banking,Delivered,Hyderabad,4
3942,17408,Arjun,Female,Grocery,6,4399.38,Cash,Delivered,,4
2264,19560,Neha,Male,Furniture,2,2703.75,Net Banking,Cancelled,Pune,3
4122,17097,Ravi,Female,Grocery,1,3767.46,UPI,Pending,Mumbai,3
2713,18903,Pooja,Male,Grocery,5,1453.65,Net Banking,Pending,Hyderabad,2
4609,17819,,Female,Grocery,6,2992.54,Card,Delivered,Bangalore,5
3468,18674,Rahul,Male,Electronics,5,103.75,Card,Pending,Hyderabad,2
4036,14942,,Male,Clothing,5,373.01,Card,Delivered,Pune,4
4732,12866,,Male,Electronics,7,828.79,UPI,Delivered,Chennai,4
4161,18053,Priya,Female,Furniture,7,4474.06,,Pending,Mumbai,2
4223,14331,Rahul,Male,Furniture,4,795.22,,Delivered,Kolkata,4
3503,15476,Arjun,Male,Clothing,3,4672,UPI,Delivered,Chennai,3
2422,11878,Ravi,Male,Electronics,5,768.52,UPI,Delivered,Hyderabad,4
1778,19096,Neha,Male,Clothing,7,4040.87,,Pending,Chennai,3
4484,19258,Kiran,Female,Grocery,2,,Net Banking,Delivered,Chennai,3
4980,16064,Arjun,Female,Furniture,1,953.9,Card,Delivered,Bangalore,3
1517,15590,Sneha,Male,Books,9,3615.28,Card,Delivered,Pune,4
1220,16661,Pooja,Female,Furniture,1,2419.83,UPI,Delivered,Chennai,4
1675,12431,Arjun,Female,Books,6,,Cash,Delivered,Delhi,3
3411,12690,Priya,Female,Grocery,5,2175.47,Cash,Pending,Mumbai,4
1803,13811,,Female,Furniture,5,1368.25,Net Banking,Delivered,Mumbai,4
3144,10064,Pooja,Male,Clothing,1,1932.47,Cash,Delivered,Mumbai,3
3601,19589,Anuja,Male,Grocery,3,3282.59,UPI,Delivered,Kolkata,5
3027,19848,,Male,Grocery,6,1409.95,,Pending,Chennai,2
2082,13021,Ravi,Male,Books,8,4444.97,Cash,Delivered,Mumbai,4
1849,12821,Neha,Male,Books,9,4644.6,Card,Delivered,,5
3642,19284,Rahul,Female,Electronics,1,,Cash,Pending,Delhi,3
4854,18052,Arjun,Male,Books,6,2883.06,Cash,Cancelled,Hyderabad,2
3756,15594,Anuja,Female,Clothing,4,3714.15,UPI,Delivered,Delhi,4
2328,10148,Kiran,Female,Furniture,5,,Net Banking,Returned,Bangalore,1
4249,19429,Ravi,Other,Clothing,8,2021.92,Net Banking,Pending,Pune,3
4347,19840,Pooja,Male,Furniture,8,3275,Net Banking,Delivered,Mumbai,5
4883,12544,Pooja,Female,Furniture,5,4926.6,Card,Cancelled,Kolkata,1
3869,15495,Ravi,Male,Electronics,2,1426.79,UPI,Delivered,Mumbai,5
1865,19623,Neha,Female,Electronics,6,3626.8,Cash,Delivered,Kolkata,4
2970,16758,Priya,Female,Electronics,2,3666.48,Net Banking,Cancelled,Mumbai,2
1234,15777,Pooja,Female,Furniture,9,1190.97,Cash,Delivered,Kolkata,3
3417,18056,Sneha,Other,Clothing,4,4814.9,Net Banking,Delivered,Delhi,4
4975,15510,Priya,Other,Clothing,7,2622.78,UPI,Cancelled,Chennai,1
4373,10722,Amit,Male,Grocery,4,4246.79,Cash,Pending,Hyderabad,3
4565,18122,Rahul,Male,Clothing,9,4871.43,Net Banking,Delivered,Hyderabad,4
4936,16533,Amit,Male,Books,6,4371.7,Net Banking,Cancelled,Hyderabad,1
1092,17913,Ravi,Male,Electronics,3,1858.82,Net Banking,Delivered,Delhi,4
1799,15840,Priya,Female,Furniture,7,4919.63,Cash,Delivered,Bangalore,4
1034,11690,Anuja,Female,Clothing,4,974.34,Card,Pending,Pune,2
4733,12798,Sneha,Female,Grocery,9,4850.9,Cash,Delivered,Delhi,4
4868,14673,Sneha,Female,Clothing,2,1869.26,Cash,Delivered,Mumbai,4
1050,18047,Rahul,Male,Furniture,9,1563.61,Card,Delivered,Pune,4
3712,11594,Amit,Male,Grocery,7,4354.82,Cash,Delivered,Delhi,5
2693,10122,Amit,Female,Clothing,4,1002.21,Cash,Delivered,,5
2327,16584,Kiran,Female,Electronics,7,2222.23,UPI,Delivered,Delhi,3
3131,15151,Neha,Male,Clothing,6,166.12,Net Banking,Pending,Pune,2
4730,19805,Ravi,Male,Grocery,2,1978.02,UPI,Delivered,Pune,3
1310,14888,Sneha,Female,Grocery,3,1585.46,Net Banking,Delivered,Delhi,4
1482,17284,Arjun,Male,Electronics,3,4913.43,Net Banking,Delivered,Kolkata,3
1446,14789,Kiran,Male,Grocery,6,,Card,Delivered,Bangalore,4
1598,11129,Anuja,Female,Electronics,8,3598.69,Net Banking,Delivered,Mumbai,5
2775,10267,Amit,Male,Clothing,1,380.74,Net Banking,Delivered,Hyderabad,5
2217,10750,Priya,Female,Furniture,2,3129.72,Net Banking,Delivered,Bangalore,5
4335,17498,Rahul,Male,Books,7,1259.4,Card,Delivered,Hyderabad,4
1981,19703,Priya,Male,Clothing,9,302.65,Cash,Delivered,Mumbai,4
3093,18481,Kiran,Male,Books,8,1393.07,Net Banking,Pending,Delhi,3
4170,11460,Ravi,Male,Electronics,5,3234.87,Cash,Delivered,Hyderabad,3
4161,19184,Rahul,Male,Electronics,1,2677.35,Cash,Delivered,Delhi,4
1524,10965,Arjun,Female,Clothing,1,275.04,UPI,Pending,Kolkata,3
4457,18894,Arjun,Female,Books,8,531.38,Cash,Delivered,Pune,4
1285,10623,Rahul,Female,Clothing,2,4503.18,Card,Delivered,Mumbai,4
4665,13081,Neha,Female,Furniture,2,111.68,Net Banking,Cancelled,Pune,2
2911,10287,Amit,Male,Books,5,3822.16,Card,Pending,Kolkata,3
4235,12137,Rahul,Male,Electronics,6,600.77,Net Banking,Cancelled,Delhi,2
1919,13095,Amit,Male,Grocery,9,1824.95,Card,Delivered,Bangalore,4
1870,19304,Arjun,Female,Grocery,5,484.55,Net Banking,Delivered,,4
2541,19094,Sneha,Female,Furniture,9,1514.58,Cash,Delivered,Chennai,4
2674,17378,Arjun,Other,Books,4,4346.22,,Pending,Delhi,3
2946,11753,Neha,Other,Clothing,2,,Cash,Returned,Chennai,2
1913,18177,Neha,Other,Furniture,8,1307.09,Card,Delivered,Chennai,5
2771,15396,Neha,Male,Clothing,6,,UPI,Delivered,Mumbai,3
1001,10243,Kiran,Male,Grocery,2,3252.14,UPI,Delivered,Delhi,4
3757,16929,Priya,Male,Electronics,5,3378.86,UPI,Delivered,Hyderabad,5
2294,19494,Anuja,Other,Furniture,9,4665.2,UPI,Delivered,Chennai,4
2622,18325,Arjun,Female,Furniture,5,2460.81,UPI,Delivered,Bangalore,5
3608,12775,Pooja,Male,Books,8,1548.99,Card,Delivered,Hyderabad,3
2810,17319,Sneha,Male,Furniture,1,2395.43,Net Banking,Delivered,Kolkata,3
3734,11854,Amit,Female,Electronics,5,246.71,UPI,Delivered,Bangalore,4
4155,10246,Arjun,Male,Furniture,6,2686.7,Cash,Delivered,Mumbai,4
4459,18112,Neha,Male,Books,1,4086.74,,Delivered,Hyderabad,4
4070,18990,Ravi,Female,Electronics,2,685.15,,Delivered,,4
3915,14012,Arjun,Male,Furniture,3,2564.23,UPI,Delivered,Delhi,4
4533,18720,Neha,Male,Books,6,3782.81,Card,Delivered,Bangalore,5
3147,11682,,Male,Electronics,7,1927.24,Net Banking,Delivered,Mumbai,3
1515,15335,Anuja,Male,Electronics,3,4950.05,UPI,Delivered,Delhi,4
4229,11654,Arjun,Female,Clothing,6,4570.29,Cash,Pending,,4
1254,18420,Amit,Female,Grocery,6,4787.75,UPI,Delivered,Pune,4
2516,12692,Ravi,Male,Clothing,4,3406.86,Net Banking,Delivered,Pune,4
1060,17165,Amit,Female,Clothing,5,2388.82,Card,Delivered,Chennai,3
1990,14270,Kiran,Female,Furniture,9,4269.38,UPI,Returned,Chennai,2
1193,12165,Neha,Male,Grocery,8,2702.72,UPI,Returned,Chennai,2
3076,12986,Sneha,Male,Furniture,1,2682.5,Cash,Delivered,Hyderabad,3
2792,12552,Priya,Female,Electronics,9,4931.05,Cash,Delivered,Mumbai,4
2709,13088,Anuja,Female,Books,1,3646.56,Card,Delivered,Kolkata,5
2241,17807,Kiran,Female,Books,9,2571.14,UPI,Delivered,Kolkata,4
3094,15212,Priya,Male,Books,6,3559.95,Net Banking,Delivered,Kolkata,3
1596,13839,Amit,Male,Books,3,2568.53,UPI,Delivered,Hyderabad,4
2785,13969,Sneha,Female,Clothing,8,293.15,Net Banking,Delivered,Pune,3
1722,12362,Kiran,Female,Clothing,9,3369.64,Cash,Delivered,Kolkata,5
4681,19546,Anuja,Other,Clothing,9,1443.27,,Pending,Hyderabad,4
4775,19191,Sneha,Other,Clothing,2,3921.99,Card,Delivered,Delhi,5
2705,15347,Arjun,Male,Clothing,7,132.14,Card,Cancelled,Chennai,3
3918,13770,Kiran,Male,Electronics,9,1397.82,Net Banking,Delivered,Hyderabad,4
3777,15892,Kiran,Female,Electronics,2,4154.18,Net Banking,Delivered,Bangalore,4
4874,10223,Neha,Male,Electronics,8,2416.39,,Delivered,Delhi,4
4765,13527,Anuja,Female,Clothing,2,280.42,Cash,Cancelled,Mumbai,2
3230,11384,Priya,Female,Grocery,9,1687.66,Cash,Cancelled,,3
3829,10454,Arjun,Male,Books,8,3159.35,Cash,Delivered,Mumbai,4
2341,11542,Pooja,Female,Clothing,4,4843.29,Card,Pending,Hyderabad,3
1975,11369,Neha,Other,Electronics,7,4017.19,Net Banking,Pending,Pune,4
2506,13818,Amit,Male,Clothing,4,1504.67,Cash,Delivered,Delhi,4
2564,13257,Arjun,Male,Furniture,5,2771.93,Card,Delivered,Mumbai,4
4503,17089,Kiran,Male,Electronics,2,3591.76,UPI,Delivered,,4
4565,19238,Neha,Male,Grocery,6,2889.29,Cash,Delivered,Delhi,4
4845,11244,Priya,Male,Grocery,9,1004.64,,Delivered,Kolkata,3
4808,17614,Priya,Male,Electronics,8,3516.75,UPI,Pending,Chennai,3
1010,18031,Priya,Female,Books,8,1223.34,Net Banking,Pending,Kolkata,3
2304,17258,Pooja,Male,Electronics,9,3721.37,UPI,Delivered,Mumbai,4
2094,16589,Pooja,Male,Grocery,9,1160.42,UPI,Delivered,Delhi,4
4167,18408,Pooja,Female,Grocery,4,2872.02,Cash,Cancelled,Bangalore,2
4678,10793,Neha,Other,Clothing,9,2643.41,Cash,Delivered,Bangalore,5
1985,18558,Kiran,Female,Books,5,4317.2,UPI,Pending,Kolkata,3
1243,19470,Pooja,Female,Electronics,6,4440.88,UPI,Delivered,Mumbai,4
4274,16347,Arjun,Female,Electronics,6,2641.09,Cash,Delivered,Chennai,3
3477,15538,Kiran,Female,Electronics,8,,,Delivered,Chennai,4
1405,13065,Priya,Female,Grocery,7,1794.36,UPI,Delivered,Chennai,5
4388,13300,Sneha,Female,Grocery,5,1367.65,Cash,Delivered,Mumbai,4
1125,10561,Kiran,Male,Clothing,5,,Cash,Delivered,Chennai,5
2679,15192,Anuja,Female,Grocery,8,,Card,Delivered,Pune,5
1623,12186,Rahul,Female,Grocery,6,3371.03,Net Banking,Delivered,Bangalore,4
3607,19501,Ravi,Male,Clothing,7,1192.5,Card,Returned,Bangalore,2
1118,19756,Sneha,Male,Grocery,5,336.2,Net Banking,Delivered,Kolkata,3
4523,11526,Anuja,Female,Furniture,3,4729.69,Card,Delivered,Delhi,3
1492,13407,,Female,Clothing,9,4030.9,UPI,Delivered,Kolkata,4
4837,10381,,Male,Furniture,5,963.92,UPI,Cancelled,Pune,2
4371,13788,Arjun,Male,Furniture,8,1300.92,Card,Delivered,Mumbai,4
3026,18215,,Male,Clothing,7,1690.49,UPI,Delivered,Bangalore,4
2853,13749,Ravi,Male,Clothing,7,1803,UPI,Cancelled,Delhi,1
3866,19754,Kiran,Other,Books,6,3902.79,Cash,Delivered,,4
3654,13743,Anuja,Female,Electronics,8,3922.54,Net Banking,Pending,Bangalore,4
1022,15562,Ravi,Female,Furniture,8,2631.55,Card,Cancelled,Mumbai,3
4574,15289,Amit,Female,Grocery,5,3153,Cash,Delivered,Chennai,4
2219,13185,Rahul,Male,Clothing,7,130.61,Cash,Returned,Pune,3
3048,15648,Neha,Male,Books,5,1012.22,UPI,Delivered,Delhi,4
4440,13970,Pooja,Female,Books,3,993.27,Cash,Pending,Mumbai,4
1559,10604,Ravi,Female,Clothing,8,3475.13,Cash,Delivered,Mumbai,5
4280,12233,Amit,Male,Books,6,1688.83,Card,Delivered,Chennai,4
2879,16066,Ravi,Female,Furniture,6,4930.66,UPI,Delivered,Chennai,4
4234,15323,Anuja,Male,Books,7,945.99,Card,Cancelled,Mumbai,2
1467,11250,Arjun,Male,Furniture,9,3388.67,Card,Delivered,Kolkata,4
2646,16546,Sneha,Female,Books,3,1827.74,UPI,Delivered,Hyderabad,4
4603,17638,Anuja,Male,Furniture,5,557.76,Net Banking,Delivered,Delhi,4
1837,12834,Rahul,Female,Furniture,7,1875.64,Card,Delivered,Mumbai,4
1375,15988,Pooja,Male,Books,1,596.2,UPI,Delivered,Pune,4
1190,17115,,Male,Books,4,3744.2,UPI,Delivered,Mumbai,4
1226,11152,Ravi,Female,Clothing,1,2889.32,Cash,Delivered,Kolkata,4
3705,13656,Ravi,Female,Books,3,1633.69,Cash,Pending,Kolkata,2
1142,13004,Neha,Male,Electronics,8,255.07,Net Banking,Delivered,Bangalore,4
4150,10480,Pooja,Female,Clothing,6,3882.73,,Delivered,Kolkata,4
2465,11831,Anuja,Female,Grocery,7,2720.51,Cash,Delivered,Mumbai,5
3960,18850,Anuja,Female,Electronics,3,4422.12,Card,Delivered,Kolkata,4
2319,18795,Anuja,Male,Books,3,1015.27,Card,Delivered,Bangalore,4
4094,12553,Priya,Other,Books,5,848.85,UPI,Cancelled,Pune,1
4634,14975,Amit,Female,Grocery,9,2684.25,Card,Pending,Chennai,2
1189,11741,Kiran,Female,Electronics,3,607.72,Cash,Pending,Chennai,3
3959,12881,Anuja,Female,Books,5,3202.54,Cash,Delivered,Kolkata,4
3044,17025,Sneha,Male,Furniture,4,423.4,Card,Delivered,Delhi,4
3105,13166,,Male,Electronics,6,3684.27,Cash,Delivered,Delhi,4
1661,16928,Neha,Female,Furniture,7,4768.89,Net Banking,Delivered,Pune,4
3169,13996,Rahul,Male,Furniture,3,768,Cash,Cancelled,Bangalore,1
4930,16718,Amit,Female,Books,6,3023.03,UPI,Delivered,Bangalore,4
2045,15030,Pooja,Female,Books,5,846.6,,Delivered,Bangalore,3
4386,10965,,Male,Electronics,8,1090.52,Card,Delivered,Delhi,4
4478,18027,Amit,Male,Books,1,2486.72,Cash,Delivered,Pune,4
1238,13052,Sneha,Male,Furniture,3,4020.37,Net Banking,Delivered,Mumbai,3
1475,10318,Anuja,Male,Clothing,1,4625.64,Card,Delivered,Delhi,4
1943,10071,Priya,Male,Furniture,5,3773.07,Card,Cancelled,Pune,1
3261,17409,Ravi,Female,Furniture,5,4692.95,UPI,Delivered,Bangalore,5
3038,12288,Ravi,Male,Electronics,9,1891.32,Net Banking,Delivered,Hyderabad,4
3837,14709,Anuja,Female,Furniture,1,2813.59,Cash,Delivered,Chennai,4
4462,17192,Ravi,Male,Electronics,2,473.23,Net Banking,Delivered,Mumbai,3
1296,16105,Kiran,Female,Books,3,4199.75,UPI,Delivered,Bangalore,3
2292,19511,Priya,Male,Grocery,9,815.29,Card,Delivered,Chennai,4
4607,14233,Amit,Male,Clothing,2,1801.65,Cash,Delivered,Kolkata,4
4698,14197,Neha,Female,Furniture,1,1505.49,Net Banking,Pending,Chennai,3
2093,16347,Amit,Female,Books,5,2429.73,Net Banking,Pending,Pune,4
4871,18076,Sneha,Female,Furniture,9,666.67,Net Banking,Delivered,Bangalore,4
1115,13841,Neha,Female,Clothing,3,746.29,Cash,Cancelled,Pune,2
1969,16153,Rahul,Female,Electronics,8,,Cash,Delivered,Chennai,4
2352,12774,Kiran,Female,Books,9,3208.82,Net Banking,Delivered,Bangalore,4
2471,16447,Kiran,Female,Electronics,5,2719.14,Net Banking,Delivered,Pune,5
2223,13238,Rahul,Male,Furniture,3,4944.39,Net Banking,Delivered,Bangalore,3
2530,15413,Pooja,Female,Books,9,644.22,UPI,Pending,Mumbai,3
1317,16460,Priya,Female,Electronics,4,2296.12,Cash,Delivered,,4
1392,10756,Amit,Female,Grocery,9,3572.65,UPI,Delivered,Pune,3
1310,11702,Priya,Male,Furniture,1,1653.75,UPI,Pending,Delhi,3
1009,11724,Anuja,Female,Clothing,2,4553.22,Cash,Cancelled,Mumbai,2
4226,12500,Pooja,Female,Clothing,5,2405.9,Cash,Cancelled,Bangalore,2
4382,10543,Ravi,Female,Books,2,4748.16,Net Banking,Delivered,Mumbai,3
2424,12331,Neha,Female,Electronics,5,2336.88,UPI,Delivered,Mumbai,3
1336,12681,Pooja,Male,Books,3,4169.24,Net Banking,Pending,Bangalore,2
4425,11033,Anuja,Female,Clothing,8,148.81,Card,Delivered,Kolkata,4
1391,16177,Ravi,Female,Clothing,3,4354.7,Card,Delivered,Mumbai,3
1004,10229,Kiran,Male,Clothing,2,3676.39,UPI,Delivered,Bangalore,5
1778,17815,Neha,Male,Clothing,9,1619.73,Card,Returned,Chennai,2
2449,19537,Sneha,Female,Furniture,9,680.58,Net Banking,Delivered,Chennai,4
1824,19088,Sneha,Female,Books,4,,Net Banking,Returned,Delhi,2
1161,11089,Arjun,Male,Grocery,8,2714.09,Net Banking,Delivered,Kolkata,4
3657,12855,Pooja,Male,Clothing,4,3020.21,Cash,Delivered,Delhi,5
2833,19090,Pooja,Male,Grocery,6,3007.12,UPI,Cancelled,Chennai,1
4713,19330,Neha,Female,Electronics,8,326.34,Cash,Pending,Kolkata,3
1178,18789,Kiran,Male,Grocery,6,3852.25,Card,Delivered,Bangalore,4
3425,14555,Pooja,Male,Grocery,9,3775.66,Cash,Pending,Kolkata,2
3431,13307,Ravi,Male,Grocery,9,250.03,UPI,Pending,Hyderabad,3
1396,17926,Kiran,Male,Grocery,3,4943.14,Card,Delivered,Hyderabad,4
3160,11003,Pooja,Male,Books,3,4947.97,Card,Delivered,Delhi,4
3971,16100,Anuja,Male,Clothing,2,518.63,Net Banking,Delivered,Hyderabad,4
1656,15172,Amit,Male,Electronics,1,2155.55,Net Banking,Delivered,Chennai,5
3662,18276,Ravi,Female,Books,7,2718.31,Card,Delivered,Mumbai,4
3031,15448,Kiran,Female,Electronics,9,3917.88,Card,Delivered,Mumbai,5
3285,17993,Sneha,Female,Clothing,6,2113.93,Cash,Delivered,Chennai,3
3679,15263,Amit,Female,Grocery,7,1990.48,Net Banking,Delivered,Bangalore,5
2796,14567,Kiran,Male,Clothing,7,4721.5,UPI,Delivered,Mumbai,4
4448,19035,Kiran,Female,Electronics,6,3864.29,Card,Delivered,Mumbai,5
1300,15279,,Male,Grocery,2,3535.98,Net Banking,Delivered,Hyderabad,4
2200,16278,Arjun,Male,Electronics,2,4984.27,Cash,Delivered,Chennai,5
2354,16364,,Male,Clothing,4,1880,Card,Delivered,Bangalore,4
4825,11843,Anuja,Male,Furniture,4,4045.39,UPI,Delivered,Delhi,3
1046,10386,Arjun,Male,Books,1,722.55,Net Banking,Delivered,Bangalore,4
2155,15692,Arjun,Female,Electronics,8,4990.36,Card,Pending,Kolkata,2
4074,19734,Kiran,Female,Furniture,2,3064.81,Card,Delivered,Pune,5
2031,18308,Rahul,Female,Electronics,9,,Card,Delivered,Chennai,4
2676,11138,Sneha,Female,Clothing,8,4748.45,Cash,Delivered,Delhi,4
3116,12711,Anuja,Other,Clothing,6,3177.71,Net Banking,Delivered,Chennai,4
2380,19415,Anuja,Male,Grocery,9,3314.09,Cash,Delivered,Pune,4
3095,12688,,Male,Electronics,8,3115.38,Cash,Delivered,Delhi,3
1072,15656,Sneha,Female,Clothing,1,935.68,Card,Delivered,Delhi,5
4996,15404,Priya,Female,Books,6,4501.35,UPI,Delivered,Mumbai,5
1997,11245,Amit,Other,Books,8,2966.1,Net Banking,Delivered,Pune,4
3634,16347,Rahul,Male,Furniture,5,627.18,UPI,Delivered,Kolkata,4
2040,14366,Priya,Male,Books,7,3431.87,Cash,Delivered,Chennai,4
4969,14543,Ravi,Female,Electronics,2,3865.14,Net Banking,Delivered,Pune,4
3277,17728,,Female,Electronics,9,966.57,Cash,Delivered,Bangalore,4
3321,17718,Sneha,Male,Clothing,8,4331.33,Card,Delivered,Mumbai,3
3536,19476,Priya,Female,Furniture,4,1442.01,Net Banking,Pending,Kolkata,2
2062,19078,Sneha,Female,Clothing,1,4507.73,Net Banking,Delivered,Pune,4
3502,19244,Anuja,Male,Books,1,4931.11,Card,Pending,Chennai,3
4140,11477,Priya,Female,Clothing,1,,UPI,Delivered,Hyderabad,3
4735,16000,Priya,Female,Books,7,3376.98,UPI,Delivered,Kolkata,3
4491,18155,Neha,Male,Electronics,7,3579.08,Net Banking,Delivered,Chennai,5
1653,15609,Neha,Female,Furniture,3,,UPI,Delivered,Pune,4
2067,13299,Neha,Female,Furniture,1,3821.47,Card,Delivered,Bangalore,4
2976,18314,Amit,Male,Furniture,8,4117.13,Cash,Pending,Hyderabad,3
4524,11364,,Female,Grocery,2,4172.37,Card,Cancelled,Hyderabad,2
2754,17345,Anuja,Female,Electronics,4,1684.54,Cash,Delivered,Delhi,4
2129,13291,Arjun,Male,Electronics,8,914.53,Card,Delivered,,4
2416,10808,Kiran,Male,Electronics,3,3822.77,Net Banking,Pending,Hyderabad,4
4511,11721,Amit,Male,Grocery,2,2103.21,UPI,Delivered,Pune,4
1854,16900,Arjun,Male,Clothing,3,3312.66,Card,Delivered,Hyderabad,5
1368,15271,Amit,Male,Grocery,8,4868.45,,Delivered,Bangalore,4
3403,15374,Anuja,Female,Furniture,8,3229.95,Cash,Delivered,Bangalore,3
2117,13574,Pooja,Male,Grocery,8,4693.17,Cash,Delivered,Kolkata,4
2375,18977,Ravi,Female,Furniture,8,2576.4,UPI,Delivered,Kolkata,3
1732,14248,,Male,Books,3,,Net Banking,Delivered,Kolkata,4
4278,18275,Rahul,Female,Electronics,3,2632.79,Cash,Delivered,Delhi,3
4146,17308,Ravi,Other,Clothing,8,,UPI,Returned,Hyderabad,2
4435,10713,Amit,Female,Clothing,6,4471.82,UPI,Delivered,Delhi,4
3741,12056,Arjun,Female,Electronics,2,4256.11,Cash,Delivered,Mumbai,5
2907,15012,Rahul,Male,Clothing,3,831.99,Cash,Cancelled,Pune,2
3994,11379,Ravi,Female,Electronics,1,870.1,UPI,Pending,Bangalore,2
1143,19557,Sneha,Female,Electronics,8,4318.1,Net Banking,Delivered,,4
3658,11596,Ravi,Female,Grocery,1,520.24,Card,Returned,Delhi,3
1470,14675,Arjun,Female,Clothing,9,,UPI,Delivered,Pune,4
3953,17717,,Male,Books,2,2397.47,UPI,Delivered,Delhi,3
4939,16035,Pooja,Female,Clothing,6,4668.94,,Delivered,Bangalore,4
1371,14559,Rahul,Male,Clothing,9,4509.14,Cash,Delivered,Pune,4
3977,17472,Kiran,Female,Furniture,9,2202.83,Net Banking,Delivered,Pune,3
3151,10605,Ravi,Male,Furniture,6,2305.29,Cash,Delivered,Hyderabad,5
3601,11374,Amit,Male,Clothing,1,3338.74,UPI,Delivered,Kolkata,4
2875,17447,Pooja,Female,Furniture,2,2716.62,Card,Delivered,Chennai,3
2680,14064,,Male,Furniture,9,3223.71,Card,Delivered,Chennai,4
1896,19302,Ravi,Male,Clothing,1,3441.19,Cash,Cancelled,,2
4937,16890,Ravi,Female,Furniture,6,3294.33,Card,Delivered,Bangalore,3
4948,18468,Amit,Male,Grocery,4,2414.05,Net Banking,Delivered,Pune,4
1819,10232,Kiran,Female,Grocery,6,1056.26,Card,Delivered,Bangalore,3
3524,11212,Kiran,Female,Electronics,1,2810.49,UPI,Delivered,Kolkata,4
2579,18412,Amit,Female,Furniture,4,911.65,Cash,Delivered,Chennai,5
1728,16038,Ravi,Female,Furniture,5,4441.79,Card,Delivered,Delhi,4
4173,11723,Arjun,Female,Furniture,5,1110.71,Net Banking,Delivered,Bangalore,3
2603,19126,Ravi,Female,Books,9,1548.22,Card,Delivered,,5
4551,17248,Ravi,Male,Clothing,6,1721.59,Net Banking,Delivered,Mumbai,4
2036,12459,Arjun,Female,Electronics,6,,UPI,Delivered,,5
1416,14294,Rahul,Male,Electronics,8,4539.88,UPI,Cancelled,Chennai,2
2088,18367,Ravi,Male,Grocery,2,258.13,Card,Delivered,Pune,4
1444,13082,Arjun,Male,Electronics,5,1477.61,,Pending,Chennai,3
1419,10233,Anuja,Male,Grocery,1,1977.61,UPI,Delivered,Pune,4
3218,13356,Pooja,Female,Electronics,5,1231.61,UPI,Delivered,Pune,4
4474,15972,Neha,Other,Grocery,4,3958.15,Card,Delivered,Chennai,4
2026,15024,Sneha,Male,Clothing,3,807.78,Net Banking,Cancelled,Kolkata,2
2547,19580,Kiran,Male,Furniture,3,765.54,,Delivered,Kolkata,4
3343,12667,Anuja,Female,Electronics,9,2750.81,UPI,Delivered,Bangalore,4
1335,17953,Rahul,Female,Books,6,3882.3,Net Banking,Delivered,Hyderabad,3
2522,16437,Neha,Male,Furniture,2,1554.04,,Pending,Hyderabad,2
2802,15791,Ravi,Female,Books,4,408.09,UPI,Delivered,Delhi,5
2489,17385,Kiran,Male,Grocery,1,3947.93,Cash,Pending,Pune,2
4842,14008,Sneha,Male,Grocery,2,198.58,Cash,Delivered,Delhi,5
1743,10646,Kiran,Female,Clothing,6,2995.4,Cash,Pending,Mumbai,2
1227,14786,Arjun,Male,Electronics,3,2651.23,Net Banking,Delivered,,4
2152,18235,Anuja,Female,Grocery,3,2878.19,Net Banking,Returned,Delhi,2
1983,17695,Rahul,Female,Electronics,4,751.26,Cash,Delivered,Delhi,4
3359,11054,Kiran,Male,Clothing,9,4893.29,Net Banking,Pending,Delhi,3
3329,15615,Ravi,Male,Furniture,1,,UPI,Pending,Chennai,3
2943,14135,Pooja,Male,Electronics,7,4331.54,Net Banking,Delivered,Pune,4
1689,16850,Ravi,Male,Grocery,6,2538.19,,Delivered,Mumbai,4
3890,13163,Kiran,Male,Books,2,4254.99,Net Banking,Delivered,Chennai,4
1720,16266,Ravi,Male,Electronics,3,3344.04,Card,Delivered,Bangalore,4
1639,12811,Neha,Female,Furniture,8,1274.19,Card,Pending,Pune,4
1793,19196,Kiran,Male,Clothing,1,1833.78,Cash,Delivered,Mumbai,4
1426,17322,Ravi,Male,Clothing,2,3155.44,Card,Delivered,Kolkata,4
1613,15347,Rahul,Male,Electronics,5,2634.5,UPI,Pending,Chennai,2
3572,13954,Neha,Male,Grocery,3,2923.32,Card,Delivered,Kolkata,4
4485,13159,Arjun,Female,Electronics,1,3464.86,Card,Delivered,Hyderabad,3
3077,14849,Rahul,Male,Furniture,9,4857.19,UPI,Delivered,Mumbai,3
2049,17710,Arjun,Male,Furniture,7,161.46,,Delivered,Mumbai,5
3761,10805,Amit,Female,Clothing,8,672.59,Card,Delivered,Chennai,3
3514,11426,Arjun,Female,Furniture,3,1182.1,UPI,Pending,Bangalore,3
1692,14299,Sneha,Male,Electronics,7,416.85,Net Banking,Delivered,Mumbai,5
3787,16116,Ravi,Male,Furniture,1,4600.99,Cash,Cancelled,Chennai,3
2416,19631,Ravi,Male,Grocery,5,333.63,Card,Pending,Hyderabad,2
2364,18243,Priya,Male,Furniture,6,1557.7,Cash,Delivered,Kolkata,3
3980,15347,Sneha,Female,Grocery,4,1264.27,Cash,Delivered,,4
1963,15944,Kiran,Female,Clothing,4,2412.41,Cash,Delivered,Delhi,4
3163,15756,Ravi,Female,Electronics,2,4147.04,Net Banking,Cancelled,Kolkata,3
4613,14960,Kiran,Male,Grocery,3,4013.95,UPI,Pending,Chennai,3
3350,17055,,Female,Electronics,6,581.45,Card,Returned,Pune,1
4807,15875,Neha,Female,Electronics,5,2937.18,UPI,Delivered,Kolkata,4
1009,16865,Kiran,Male,Books,7,3301.03,Cash,Delivered,Chennai,5
3130,11189,Arjun,Male,Furniture,9,4415.89,Cash,Pending,Pune,2
3191,10418,Rahul,Female,Grocery,5,1670.16,Card,Delivered,Mumbai,4
1735,11755,Anuja,Male,Electronics,2,2526.41,Card,Delivered,Bangalore,3
1314,12473,Arjun,Female,Clothing,6,4808.64,UPI,Pending,Mumbai,2
2445,18061,,Male,Grocery,3,,Card,Delivered,Hyderabad,5
1269,14703,Kiran,Male,Books,5,3698.61,Card,Delivered,Delhi,3
2749,12921,Rahul,Female,Books,3,3744.25,Cash,Delivered,Delhi,4
4773,14196,Kiran,Female,Electronics,9,4746.97,Net Banking,Delivered,Hyderabad,5
1141,18851,Anuja,Female,Books,1,3730.48,Card,Returned,,2
3583,11031,Neha,Male,Electronics,6,2644.06,UPI,Delivered,Bangalore,3
4017,12040,Priya,Female,Furniture,9,1086.18,Card,Pending,Kolkata,3
1754,19632,Anuja,Female,Electronics,4,364.19,Net Banking,Returned,Chennai,3
2471,10622,Rahul,Female,Furniture,2,2588.73,UPI,Delivered,Chennai,4
3928,13867,Priya,Female,Books,1,4050.67,Card,Pending,Hyderabad,3
1475,16050,Amit,Male,Furniture,3,1461.51,Cash,Delivered,Kolkata,4
2515,16022,Kiran,Male,Furniture,8,1751.57,,Delivered,Delhi,4
3613,11615,Pooja,Female,Clothing,4,,Cash,Delivered,Mumbai,3
1610,11618,Sneha,Female,Furniture,3,3329.36,Card,Delivered,Mumbai,5
3411,15918,,Male,Furniture,6,4600.54,Cash,Returned,Kolkata,3
2517,16869,Rahul,Male,Clothing,5,2790.41,Cash,Cancelled,Bangalore,1
3415,17845,Ravi,Female,Grocery,7,799.81,Card,Delivered,Bangalore,5
1770,14062,Kiran,Male,Furniture,7,2546.03,Net Banking,Pending,Pune,4
1652,18580,Rahul,Male,Clothing,4,1230.74,Card,Delivered,Chennai,4
4312,17467,Neha,Female,Furniture,1,4615.51,Cash,Delivered,,4
4667,19717,Rahul,Male,Books,1,1431.02,Card,Delivered,Mumbai,4
2337,17972,Priya,Male,Electronics,4,2477.07,Card,Delivered,Chennai,5
1403,18431,Kiran,Male,Grocery,8,4555.41,Card,Delivered,Chennai,3
4766,18032,Arjun,Male,Furniture,7,135.04,Cash,Delivered,Pune,5
4730,16016,Kiran,Female,Clothing,4,4959.67,UPI,Delivered,Pune,5
2114,13099,Kiran,Male,Clothing,2,1644.22,Cash,Delivered,Kolkata,4
2808,10753,Priya,Female,Electronics,2,2118.49,Card,Delivered,,4
2757,15495,Kiran,Female,Clothing,5,3608.26,UPI,Delivered,Mumbai,4
4240,16594,Sneha,Male,Clothing,7,2153,UPI,Delivered,Bangalore,3
4178,18469,Neha,Female,Electronics,7,4361.77,UPI,Delivered,Kolkata,5
2590,18917,Priya,Female,Furniture,6,1657.88,Cash,Delivered,Hyderabad,4
2481,13863,Amit,Male,Clothing,4,1496.03,Card,Delivered,Pune,3
1147,19304,Sneha,Female,Books,4,826.98,UPI,Delivered,Kolkata,4
4440,15567,Neha,Other,Books,3,1291.97,,Delivered,Chennai,4
1746,15543,Rahul,Female,Books,3,,Net Banking,Delivered,Hyderabad,4
3507,18095,Priya,Male,Books,4,2887.86,Cash,Pending,Mumbai,2
4807,13800,Neha,Male,Books,3,573.53,Net Banking,Delivered,Bangalore,4
4251,18791,Rahul,Female,Furniture,6,4321.39,Net Banking,Delivered,Bangalore,4
3666,16125,,Male,Grocery,4,236.67,UPI,Delivered,Chennai,4
2313,16632,Arjun,Female,Electronics,6,465.38,Card,Delivered,Hyderabad,5
2205,13705,Pooja,Female,Clothing,6,1356.05,Cash,Delivered,Kolkata,4
3490,18621,Neha,Male,Electronics,6,556.73,Card,Delivered,,4
2134,10171,Neha,Male,Books,6,384.65,Card,Delivered,Pune,5
3369,12548,Priya,Female,Books,4,3753.41,UPI,Delivered,Chennai,4
1496,13618,Pooja,Female,Grocery,3,1043.54,UPI,Delivered,Chennai,4
3934,12953,Anuja,Female,Books,6,,Card,Delivered,Delhi,4
3239,18793,Ravi,Male,Clothing,7,4280.69,UPI,Delivered,Kolkata,4
2380,13624,Arjun,Male,Electronics,2,,UPI,Cancelled,Pune,2
3732,15378,Amit,Male,Clothing,6,2023.68,Card,Delivered,Bangalore,3
4150,14124,Amit,Female,Electronics,2,4813.71,,Delivered,Pune,4
3613,13172,Neha,Female,Electronics,3,,Net Banking,Pending,Chennai,4
3824,16496,Priya,Male,Furniture,2,3420.34,Cash,Delivered,Delhi,4
2804,13542,Sneha,Male,Grocery,3,2542.33,UPI,Delivered,Hyderabad,4
4155,14616,Priya,Male,Clothing,2,927.26,Net Banking,Delivered,Kolkata,5
4466,16963,Neha,Female,Clothing,1,4827.46,,Pending,Chennai,2
3423,10700,Sneha,Male,Furniture,6,4840.09,Net Banking,Delivered,Bangalore,4
2711,11436,Sneha,Male,Books,3,2773.55,Net Banking,Delivered,Delhi,4
2854,19765,Rahul,Female,Books,4,3609.76,Cash,Delivered,Hyderabad,4
3612,17688,Rahul,Male,Furniture,6,2954.66,Cash,Delivered,Bangalore,3
2705,12790,Priya,Female,Clothing,6,1760.96,UPI,Delivered,Pune,4
4720,19425,Ravi,Female,Electronics,9,172.36,UPI,Delivered,Kolkata,3
4373,11667,Sneha,Male,Electronics,2,4533.44,Cash,Delivered,Kolkata,4
4423,14443,,Female,Electronics,2,4916.15,Card,Delivered,Pune,4
2530,10496,Amit,Male,Grocery,3,4470.35,UPI,Delivered,Chennai,4
1607,16194,Sneha,Female,Books,5,1981.32,UPI,Cancelled,Bangalore,2
1617,15702,Rahul,Female,Clothing,2,304.77,UPI,Delivered,Mumbai,3
2208,12181,Rahul,Other,Grocery,1,4181.33,Net Banking,Delivered,Bangalore,5
2645,16437,Pooja,Female,Furniture,8,947.46,Card,Delivered,Kolkata,4
2822,16897,Arjun,Male,Clothing,8,2625.47,,Delivered,Mumbai,4
4805,18102,Kiran,Female,Books,3,815.95,Card,Delivered,Hyderabad,4
1074,18930,Neha,Male,Electronics,1,1146.23,Net Banking,Pending,Mumbai,3
4079,12580,Pooja,Female,Furniture,1,,Net Banking,Pending,Mumbai,3
2447,13614,Pooja,Female,Grocery,4,4077.42,Net Banking,Delivered,Chennai,4
3511,11691,Kiran,Male,Grocery,4,3343.72,Net Banking,Delivered,Mumbai,4
4393,10555,Kiran,Female,Clothing,5,3993.74,Net Banking,Delivered,Pune,4
1369,18464,Priya,Female,Furniture,9,1689.24,Cash,Pending,Chennai,3
3556,16627,Priya,Male,Clothing,6,3466.9,UPI,Delivered,Bangalore,4
3434,17598,Priya,Female,Clothing,9,582.63,Cash,Cancelled,Hyderabad,1
4571,17280,Sneha,Female,Clothing,9,3100.27,Net Banking,Delivered,Delhi,4
4759,19834,Kiran,Male,Furniture,7,180.2,UPI,Pending,Delhi,3
4565,12057,Sneha,Male,Electronics,1,3974.32,Card,Delivered,Chennai,5
2038,14428,Anuja,Female,Furniture,4,276.19,Cash,Pending,Bangalore,3
1122,13187,Sneha,Male,Furniture,4,2776.88,UPI,Pending,Bangalore,3
3710,19089,Arjun,Male,Electronics,4,768.6,UPI,Delivered,Delhi,4
3723,19777,Anuja,Male,Electronics,8,2439.04,Card,Delivered,Kolkata,3
4856,10682,Pooja,Female,Furniture,7,,Card,Delivered,Pune,3
1011,11340,Neha,Male,Electronics,1,697.31,Net Banking,Pending,Hyderabad,3
3207,16683,Rahul,Male,Grocery,3,1078.42,Net Banking,Delivered,,5
1340,15977,Neha,Male,Furniture,3,3281.77,,Delivered,Delhi,5
3468,18831,Neha,Male,Grocery,4,1893.15,Card,Pending,Delhi,3
1935,14287,Kiran,Male,Clothing,2,273.99,Card,Returned,Pune,1
3849,13907,Anuja,Female,Books,5,,Card,Delivered,Bangalore,5
2353,18995,Ravi,Male,Electronics,5,4159.49,Cash,Cancelled,Chennai,2
1156,19106,Pooja,Female,Electronics,7,1003.03,Net Banking,Delivered,Delhi,4
4797,12478,Arjun,Female,Clothing,7,2311.71,Cash,Delivered,Pune,5
1224,15154,Arjun,Female,Grocery,9,1572.42,Net Banking,Delivered,Bangalore,4
1525,18245,Kiran,Male,Clothing,8,971.4,UPI,Delivered,Bangalore,4
1618,12233,Sneha,Male,Grocery,4,3858.21,Card,Delivered,Kolkata,4
3327,15185,Arjun,Female,Clothing,8,848.29,UPI,Delivered,Delhi,5
3827,12567,,Other,Grocery,5,2626.61,Cash,Pending,Mumbai,3
2895,11754,Neha,Male,Books,7,4794.47,UPI,Pending,Delhi,3
2066,12096,Pooja,Female,Clothing,3,2434.08,Card,Delivered,Hyderabad,4
4069,11752,Rahul,Male,Furniture,8,2260.11,Cash,Delivered,Pune,4
1383,16158,Anuja,Male,Electronics,9,1068.26,Card,Delivered,,3
2396,10105,Pooja,Male,Grocery,6,4086.13,Net Banking,Delivered,Delhi,4
2625,19862,Anuja,Female,Electronics,9,142.52,Card,Delivered,Mumbai,4
4882,18024,Sneha,Female,Grocery,7,751.84,Net Banking,Cancelled,Mumbai,3
3550,10926,Ravi,Male,Clothing,3,1002.75,UPI,Delivered,Delhi,4
2907,19495,Pooja,Female,Books,3,2372.66,Net Banking,Delivered,Bangalore,4
3652,18649,Kiran,Female,Grocery,1,4474.82,Net Banking,Delivered,,4
3998,10440,Priya,Female,Grocery,7,1929.46,Net Banking,Pending,Kolkata,3
4700,15806,Priya,Female,Electronics,8,337.77,UPI,Delivered,Kolkata,4
1387,10016,Neha,Male,Clothing,2,4399.52,Net Banking,Delivered,Bangalore,4
3785,12562,Rahul,Female,Electronics,5,2139.96,Cash,Delivered,Kolkata,5
4198,11301,Kiran,Male,Clothing,9,4107.83,Cash,Delivered,Pune,4
1090,17925,Arjun,Male,Books,3,2424.53,Cash,Delivered,Hyderabad,3
2262,18191,Arjun,Female,Books,2,389.69,Card,Pending,Delhi,3
4251,13596,Ravi,Male,Electronics,9,1481.92,Net Banking,Delivered,Hyderabad,4
3838,12738,Arjun,Female,Electronics,2,321.19,UPI,Delivered,Chennai,4
1070,19630,Rahul,Female,Grocery,9,2429.88,UPI,Delivered,Kolkata,4
1973,17446,Ravi,Female,Electronics,2,4806.83,,Cancelled,Bangalore,3
4273,16227,Kiran,Male,Books,4,1892.93,Net Banking,Delivered,Delhi,4
1989,19524,Arjun,Female,Electronics,2,4638.44,Card,Delivered,,4
2241,15935,Pooja,Female,Clothing,4,3033.79,Card,Delivered,Kolkata,3
1021,14136,Ravi,Male,Grocery,7,1183.16,UPI,Pending,Chennai,3
4646,10867,Amit,Female,Electronics,1,461,Net Banking,Delivered,Mumbai,4
2117,17895,Arjun,Female,Clothing,7,1526.24,Net Banking,Delivered,Bangalore,4
1272,17289,Anuja,Female,Grocery,6,3858.3,Net Banking,Delivered,Kolkata,4
4538,12196,Arjun,Female,Clothing,3,1474.73,Net Banking,Pending,Delhi,3
4005,10864,Sneha,Male,Books,4,502.23,Card,Pending,Mumbai,3
4415,15608,Arjun,Female,Furniture,6,4700.74,Cash,Delivered,Mumbai,4
2995,18006,Neha,Female,Clothing,9,1571.33,UPI,Pending,Bangalore,3
2518,18983,Pooja,Female,Clothing,8,540.53,Cash,Pending,Bangalore,2
1744,14242,Sneha,Male,Books,1,4844.6,Net Banking,Delivered,Pune,5
1390,19916,Priya,Female,Electronics,2,2447.14,Cash,Delivered,Chennai,3
4087,15988,Arjun,Male,Books,9,448.13,UPI,Delivered,Kolkata,4
2654,13862,Neha,Male,Electronics,4,2465.84,Net Banking,Delivered,Bangalore,4
4152,18449,Priya,Male,Furniture,3,102.74,Cash,Delivered,Mumbai,3
3949,14355,Priya,Female,Furniture,7,4646.27,Cash,Delivered,Kolkata,4
3001,11721,Rahul,Other,Furniture,1,,Net Banking,Delivered,Bangalore,4
2081,10524,Ravi,Male,Furniture,5,1851.49,Card,Delivered,Mumbai,4
3956,10680,Priya,Male,Electronics,4,4017.33,Card,Delivered,Chennai,4
2279,18705,Priya,Female,Electronics,8,4505.31,Card,Pending,,2
4079,11953,Arjun,Male,Electronics,6,566.02,Cash,Delivered,Chennai,5
2077,10182,Rahul,Female,Books,5,,UPI,Pending,Hyderabad,3
3121,12603,Pooja,Male,Electronics,2,3190.93,UPI,Delivered,Delhi,5
1947,18494,,Female,Books,1,2374.73,UPI,Delivered,Mumbai,3
1795,10093,Rahul,Male,Grocery,5,1826.3,Cash,Delivered,Bangalore,3
1761,11286,Ravi,Male,Clothing,3,4147.85,Card,Delivered,Chennai,4
3810,15310,Kiran,Male,Clothing,3,3903.67,,Pending,Pune,4
4124,16597,Neha,Female,Furniture,1,855.17,Cash,Returned,Chennai,3
3620,15423,Anuja,Female,Electronics,9,4894.47,Net Banking,Pending,,3
3044,13367,Arjun,Male,Books,1,767.88,Cash,Cancelled,Mumbai,2
2760,15381,Neha,Female,Electronics,9,1377.81,Card,Delivered,Chennai,5
4140,10394,Ravi,Female,Electronics,5,186.79,UPI,Delivered,Bangalore,4
1207,17978,Sneha,Female,Clothing,7,3311.56,UPI,Cancelled,Mumbai,1
1915,11545,Sneha,Female,Electronics,6,1546.35,UPI,Pending,Pune,2
1052,17514,Kiran,Female,Electronics,8,,Cash,Delivered,Kolkata,5
1652,14257,Neha,Female,Electronics,9,555.77,Cash,Cancelled,Pune,2
3749,19610,Kiran,Other,Clothing,6,318.24,Cash,Delivered,Delhi,4
3381,14515,Ravi,Male,Electronics,4,2304.28,UPI,Delivered,Pune,3
3355,11073,Neha,Female,Electronics,2,1997.34,Cash,Delivered,Pune,4
4829,12487,Kiran,Female,Clothing,1,3527.57,UPI,Delivered,Delhi,4
2184,13044,Rahul,Male,Furniture,8,1567.06,Card,Delivered,Chennai,4
1444,18282,Sneha,Female,Books,9,2513.8,Card,Delivered,Bangalore,4
2860,10455,Pooja,Female,Books,5,490.47,Cash,Pending,Kolkata,4
3459,10158,Priya,Female,Books,5,2982.78,Cash,Delivered,Mumbai,5
1821,11502,Sneha,Female,Clothing,2,1077.59,Net Banking,Delivered,Bangalore,4
3463,11269,Pooja,Female,Electronics,4,2328.15,Card,Delivered,Pune,4
2126,14284,Rahul,Male,Furniture,5,2094.62,Cash,Delivered,Chennai,5
3853,14213,Ravi,Female,Furniture,1,2047.48,Cash,Delivered,,4
4687,19346,Arjun,Male,Furniture,3,2038.06,Net Banking,Delivered,Hyderabad,4
1040,16141,Pooja,Male,Electronics,6,2348.45,Card,Delivered,Delhi,4
2352,13157,Anuja,Male,Furniture,3,,UPI,Delivered,Delhi,4
3538,13581,Amit,Female,Furniture,2,1798.72,,Delivered,Hyderabad,5
2194,15938,Sneha,Other,Clothing,6,1208.35,,Delivered,Delhi,4
3555,10521,Priya,Female,Clothing,3,3030,UPI,Delivered,Chennai,4
2619,10209,Priya,Female,Furniture,1,598.76,Card,Delivered,Kolkata,4
4486,16611,Anuja,Male,Furniture,7,1462.19,Cash,Delivered,,4
4198,14893,Priya,Female,Electronics,5,4165.5,Card,Delivered,Hyderabad,4
4672,18175,,Male,Electronics,2,2419.2,Cash,Delivered,Hyderabad,4
4967,15113,Pooja,Female,Books,7,2439.76,Cash,Delivered,Kolkata,3
2496,16209,Anuja,Male,Clothing,6,4354.01,Card,Delivered,Delhi,4
2705,19829,Priya,Male,Electronics,2,959.11,Net Banking,Delivered,Bangalore,4
3665,14238,Kiran,Male,Furniture,5,3577.27,UPI,Delivered,Mumbai,5
4389,14204,Rahul,Female,Electronics,8,106.41,UPI,Pending,,3
2772,11399,Amit,Male,Furniture,4,691.53,Cash,Delivered,Mumbai,4
4747,13621,Sneha,Other,Grocery,2,4050.25,Card,Delivered,Hyderabad,4
3387,19572,Priya,Female,Furniture,1,3120.6,Card,Delivered,Mumbai,4
3113,15845,Rahul,Other,Clothing,9,2827.28,UPI,Delivered,Bangalore,4
2925,19116,Kiran,Female,Electronics,3,3080.1,Net Banking,Delivered,Bangalore,3
4740,14543,Amit,Female,Furniture,5,4070.84,Card,Delivered,Pune,4
3386,10767,Pooja,Male,Furniture,1,2364.06,Cash,Delivered,Chennai,4
2579,18086,Rahul,Female,Electronics,5,1871.84,Cash,Delivered,Pune,4
3460,18182,Ravi,Male,Grocery,9,4144.69,UPI,Delivered,Mumbai,5
2161,17324,Amit,Female,Clothing,3,3505.51,UPI,Cancelled,Chennai,3
3489,13549,Pooja,Male,Electronics,9,4409.74,,Delivered,Kolkata,4
4475,15327,,Female,Books,1,1762.75,Card,Delivered,Bangalore,4
4907,10402,Sneha,Male,Furniture,1,675.18,Card,Cancelled,Hyderabad,2
2238,19839,Amit,Male,Clothing,4,2910.42,Cash,Delivered,Pune,3
2681,16274,Ravi,Female,Clothing,2,2893.08,Net Banking,Pending,Hyderabad,4
3220,14587,Amit,Female,Clothing,9,4979.96,Net Banking,Pending,Delhi,4
2769,16315,Neha,Female,Grocery,1,869.02,UPI,Delivered,Kolkata,5
4864,11797,Arjun,Female,Books,1,555.85,Cash,Pending,Hyderabad,3
4675,19212,,Male,Books,9,3372.16,Cash,Delivered,Hyderabad,4
4644,10766,Priya,Female,Clothing,8,1286.55,Net Banking,Returned,Mumbai,3
2107,16821,Rahul,Male,Books,8,4320.57,Cash,Delivered,Mumbai,4
1121,18951,Ravi,Male,Electronics,6,3804.27,Net Banking,Delivered,Kolkata,4
2601,13331,Arjun,Other,Grocery,8,2223.4,,Delivered,Hyderabad,4
4702,10364,Arjun,Female,Grocery,5,3335.12,,Delivered,Hyderabad,4
2230,18590,Ravi,Female,Books,1,2606.92,Net Banking,Delivered,Pune,4
4956,11024,Ravi,Female,Books,3,4473.82,Card,Delivered,Hyderabad,5
1558,16659,Neha,Female,Electronics,7,1445.31,Net Banking,Delivered,,4
3248,17043,Neha,Female,Clothing,7,3779.72,UPI,Delivered,Chennai,5
1081,15212,Kiran,Male,Electronics,7,1254.5,Net Banking,Delivered,Hyderabad,4
2788,18694,Pooja,Male,Furniture,1,1353.93,Net Banking,Delivered,Bangalore,4
1497,16800,Rahul,Male,Furniture,8,209.43,UPI,Delivered,Delhi,5
3632,13520,Amit,Female,Clothing,1,288.86,Card,Delivered,Mumbai,5
4575,15526,Kiran,Male,Clothing,5,4661.27,Card,Delivered,Kolkata,5
2560,17735,Priya,Male,Electronics,4,2286.25,Cash,Delivered,Kolkata,4
1492,14521,Ravi,Female,Books,8,611.09,UPI,Delivered,Chennai,5
4875,12768,Neha,Male,Grocery,5,2282.84,Cash,Delivered,Mumbai,5
4118,12446,Anuja,Male,Books,8,3025.46,Net Banking,Delivered,Pune,5
2284,10560,Kiran,Other,Furniture,4,565.12,UPI,Delivered,Chennai,3
4707,19305,Sneha,Female,Books,6,515.45,Cash,Delivered,Mumbai,4
3913,10559,Anuja,Female,Books,2,1145.24,Net Banking,Delivered,Delhi,5
4666,19616,Neha,Male,Furniture,8,2542.14,UPI,Delivered,Chennai,4
2542,12722,Pooja,Male,Grocery,4,1360.63,Net Banking,Delivered,Mumbai,4
4026,11440,Rahul,Male,Electronics,1,3853.67,,Delivered,Chennai,4
2334,11829,Rahul,Male,Clothing,6,2493.26,UPI,Delivered,Mumbai,3
1024,19950,Rahul,Female,Electronics,3,859.39,UPI,Delivered,Mumbai,4
2303,11079,Amit,Female,Electronics,8,4278.37,Net Banking,Delivered,Hyderabad,4
3703,11095,Sneha,Male,Clothing,8,927.19,Card,Delivered,Delhi,4
2768,14934,Priya,Male,Books,1,4547.21,Net Banking,Delivered,Bangalore,4
4505,18417,Arjun,Male,Books,6,,Card,Delivered,Pune,4
1063,17068,Anuja,Female,Grocery,8,2900.69,,Delivered,Hyderabad,4
2216,19357,Neha,Female,Clothing,6,2659.42,Card,Delivered,Pune,4
1829,11858,Neha,Male,Clothing,7,2777.79,Card,Delivered,Delhi,4
1490,10473,Rahul,Male,Electronics,1,2103.79,Net Banking,Delivered,Kolkata,4
3174,15664,Pooja,Male,Grocery,9,2257.55,Card,Delivered,,4
3988,13997,Arjun,Female,Books,2,2089.13,Cash,Delivered,Bangalore,4
4459,12883,Amit,Male,Clothing,6,1870.42,Card,Pending,Chennai,3
2485,18779,Amit,Female,Clothing,3,485.92,UPI,Delivered,Mumbai,4
4786,19351,Arjun,Female,Furniture,4,3379.16,Cash,Cancelled,Hyderabad,2
1119,13727,Arjun,Female,Electronics,8,1849.54,Cash,Delivered,Mumbai,4
3665,15966,Anuja,Male,Grocery,6,1308.11,Cash,Pending,Delhi,3
3912,13810,,Female,Clothing,7,3821.3,Net Banking,Delivered,Delhi,4
2019,18592,Anuja,Female,Grocery,1,3464.79,Cash,Delivered,Delhi,4
4758,14865,Kiran,Male,Clothing,8,1979.58,UPI,Delivered,Hyderabad,5
3364,15922,Pooja,Male,Electronics,8,1232.63,Card,Pending,Bangalore,3
1540,12517,Amit,Male,Electronics,5,4515.04,Net Banking,Delivered,Pune,5
4342,10305,Rahul,Female,Electronics,6,735.29,Card,Delivered,,4
4536,15445,Kiran,Female,Books,8,4634.87,Card,Delivered,Delhi,3
4275,17663,Amit,Female,Electronics,2,3064.66,Cash,Delivered,Mumbai,4
3761,11024,Arjun,Male,Clothing,3,4079.43,Card,Cancelled,Chennai,1
1355,14070,Priya,Female,Furniture,8,3111.77,Net Banking,Pending,Bangalore,2
2362,17197,Ravi,Male,Electronics,7,3008.42,UPI,Delivered,Bangalore,4
3869,16205,Rahul,Male,Grocery,7,158.75,Card,Delivered,Kolkata,4
2805,11709,Pooja,Other,Furniture,8,,Cash,Pending,Mumbai,3
4096,16255,Ravi,Male,Grocery,3,171.78,Card,Delivered,Delhi,3
4402,17106,Ravi,Female,Furniture,1,890.33,UPI,Delivered,Pune,5
4744,12829,Ravi,Female,Furniture,1,2487.26,Card,Delivered,Mumbai,4
4253,15031,Priya,Male,Furniture,6,4336.12,UPI,Pending,Mumbai,2
4729,17364,,Female,Electronics,8,3556.71,Card,Pending,Mumbai,3
4516,18895,Arjun,Male,Clothing,4,984.65,Cash,Delivered,Mumbai,4
1115,19859,Neha,Female,Books,8,1201.42,Net Banking,Delivered,Hyderabad,4
2827,18104,Arjun,Female,Books,4,3150.08,Cash,Delivered,Mumbai,3
4354,15125,Kiran,Male,Furniture,4,147.65,,Cancelled,Kolkata,1
2702,13251,,Female,Furniture,5,807.2,Cash,Returned,Delhi,2
2177,15499,Amit,Female,Electronics,7,1727.78,Net Banking,Delivered,Hyderabad,4
3667,12049,Anuja,Male,Electronics,3,1585.14,Cash,Delivered,Pune,5
2806,14466,Amit,Female,Grocery,5,2191.99,UPI,Returned,Pune,2
1160,12329,Priya,Male,Grocery,6,429.51,Cash,Delivered,Hyderabad,3
3670,19258,,Male,Clothing,3,3553.72,UPI,Delivered,Kolkata,5
1987,14791,Ravi,Female,Grocery,1,1236.81,Cash,Delivered,Pune,3
4037,10565,Arjun,Male,Books,9,1509.91,Card,Delivered,Bangalore,3
2677,13773,Ravi,Male,Furniture,2,1053.46,Net Banking,Delivered,Hyderabad,4
1455,13772,Arjun,Male,Grocery,8,4743.17,Cash,Pending,,3
2104,14919,Pooja,Female,Clothing,8,2126.77,UPI,Delivered,Kolkata,4
2912,19706,Amit,Other,Clothing,3,1016.99,UPI,Delivered,Chennai,5
2399,13773,Rahul,Male,Books,8,,Net Banking,Returned,Mumbai,3
3642,18877,,Other,Electronics,1,4887.54,Cash,Returned,Mumbai,2
2342,14911,Amit,Other,Electronics,7,2920.62,Cash,Delivered,Chennai,5
1701,16347,Kiran,Male,Grocery,9,2139.03,Card,Pending,Hyderabad,3
2251,18328,Priya,Female,Furniture,5,2526.66,UPI,Delivered,Kolkata,3
2275,10590,Arjun,Female,Grocery,1,4059.45,Net Banking,Cancelled,Chennai,3
4561,19319,Kiran,Female,Furniture,9,4399.77,Net Banking,Delivered,Mumbai,3
3821,11982,Sneha,Male,Furniture,4,3173.52,Cash,Delivered,Kolkata,4
3953,12763,Ravi,Male,Electronics,6,4036.15,Cash,Delivered,,4
4296,15670,Amit,Male,Electronics,2,4450.85,Net Banking,Delivered,Mumbai,4
2043,16338,Ravi,Male,Electronics,9,4692.1,Card,Delivered,Bangalore,4
1178,14764,Rahul,Female,Furniture,7,2516.47,Cash,Delivered,,4
2860,10455,Pooja,Female,Books,5,490.47,Cash,Pending,Kolkata,4
3427,18014,Rahul,Male,Books,9,3115.06,Cash,Delivered,Hyderabad,4
1698,19107,Neha,Female,Clothing,5,4342.8,Cash,Delivered,Bangalore,4
2669,12211,Neha,Female,Clothing,1,3345.87,UPI,Returned,Bangalore,2
4078,19996,Priya,Female,Grocery,4,331.89,UPI,Delivered,Chennai,3
2522,10064,Kiran,Male,Grocery,1,935.73,Net Banking,Delivered,Hyderabad,4
2387,12779,Arjun,Female,Electronics,4,233.06,Net Banking,Delivered,Delhi,5
3352,13499,Neha,Female,Electronics,8,295.48,Cash,Returned,,2
4097,14368,Sneha,Male,Furniture,3,4233.26,UPI,Pending,Pune,2
1338,16499,Rahul,Male,Clothing,5,2080.13,Net Banking,Delivered,Kolkata,3
3935,10011,Rahul,Female,Clothing,6,1423.36,Cash,Pending,Chennai,3
4272,16554,Sneha,Other,Grocery,6,295.07,Cash,Delivered,Chennai,4
1391,15725,Priya,Male,Books,8,2226.02,Card,Delivered,Bangalore,4
1694,12522,Kiran,Female,Clothing,1,1434.24,Card,Delivered,Mumbai,4
3254,18530,Kiran,Male,Grocery,4,4078.45,Net Banking,Delivered,Chennai,4
2605,11491,Arjun,Male,Furniture,2,3334.84,Net Banking,Cancelled,Bangalore,2
3007,11236,Sneha,Female,Clothing,1,2215.96,Card,Delivered,Mumbai,4
2985,10600,Rahul,Female,Electronics,5,723.68,Card,Delivered,Mumbai,4
1590,14861,Amit,Female,Grocery,8,3349.96,Card,Delivered,Kolkata,4
2944,16059,Neha,Male,Grocery,5,2842.21,,Delivered,Chennai,3
1844,12204,Amit,Male,Clothing,3,1952.91,Cash,Cancelled,Hyderabad,3
4957,11946,Neha,Male,Electronics,9,3417.63,Net Banking,Pending,Hyderabad,2
4553,18593,Pooja,Female,Clothing,2,4789.89,Net Banking,Delivered,Mumbai,5
3628,18022,Sneha,Male,Grocery,8,1732.69,Card,Delivered,Delhi,3
3169,10761,Anuja,Male,Electronics,5,,Card,Cancelled,Delhi,2
1420,14622,Neha,Male,Grocery,3,1156.29,Card,Delivered,Bangalore,3
3772,12696,Priya,Other,Books,8,3025.37,Cash,Delivered,Bangalore,3
2626,15181,Pooja,Female,Grocery,6,,UPI,Delivered,Mumbai,4
3261,16096,Ravi,Female,Furniture,8,,UPI,Delivered,Chennai,4
2458,16404,Amit,Other,Grocery,1,3505.33,,Delivered,Delhi,3
3178,14341,Sneha,Female,Books,4,1907.9,Net Banking,Delivered,Kolkata,5
1009,18399,Neha,Male,Grocery,7,3431.74,UPI,Pending,Delhi,3
3587,11655,Anuja,Male,Books,9,930.58,UPI,Delivered,Pune,4
4713,19385,Arjun,Female,Electronics,4,2500.61,UPI,Delivered,Delhi,4
2013,19328,Arjun,Male,Furniture,5,1257.46,,Pending,Delhi,3
2910,13536,Amit,Female,Books,9,4569.2,Card,Delivered,Pune,3
2919,12379,Rahul,Male,Clothing,7,4663.52,Net Banking,Delivered,Bangalore,4
2205,13646,Neha,Male,Furniture,6,1119.56,Card,Delivered,Hyderabad,4
1143,14016,Priya,Female,Clothing,7,678.94,Cash,Delivered,Delhi,3
4888,19372,Amit,Female,Furniture,2,3278.6,Net Banking,Delivered,Pune,4
3819,13927,Anuja,Female,Books,3,4840.04,UPI,Delivered,Bangalore,4
3365,16786,Neha,Female,Grocery,8,1683.91,Net Banking,Delivered,Kolkata,4
1671,14570,Priya,Male,Electronics,1,2357.8,,Delivered,Pune,4
3737,11294,Rahul,Male,Books,9,3545.44,Card,Delivered,Kolkata,4
3501,11525,Neha,Female,Books,4,4425.31,UPI,Delivered,Delhi,4
1127,14508,Rahul,Female,Furniture,5,2801.42,Net Banking,Returned,Chennai,2
2520,19335,Ravi,Female,Electronics,6,4601.14,Net Banking,Delivered,Mumbai,5
4702,17082,Kiran,Female,Clothing,2,408.19,UPI,Delivered,Mumbai,5
1442,14482,Ravi,Female,Furniture,6,4094.33,Net Banking,Delivered,Bangalore,5
1176,15439,Ravi,Female,Electronics,3,4197.87,Card,Delivered,Bangalore,5
4324,14228,Pooja,Male,Electronics,8,3359.19,Card,Cancelled,Pune,2
2831,13665,Kiran,Male,Electronics,3,4068.75,Net Banking,Delivered,Chennai,4
1777,12261,Rahul,Female,Furniture,6,1586.77,Cash,Pending,Chennai,3
4355,10444,Rahul,Female,Grocery,1,1211.28,Card,Delivered,Delhi,4
1713,12971,Kiran,Male,Grocery,5,3314.53,UPI,Returned,Kolkata,2
3728,14398,Pooja,Female,Books,3,4557.53,UPI,Delivered,,4
1362,17310,Amit,Male,Furniture,3,,Net Banking,Delivered,Hyderabad,5
1830,12870,Neha,Female,Furniture,8,186.07,Net Banking,Delivered,Hyderabad,3
4711,18014,,Male,Clothing,4,,Card,Delivered,Mumbai,4
3352,11871,Arjun,Female,Grocery,1,3143.68,Cash,Delivered,Bangalore,4
1922,10064,Arjun,Female,Clothing,6,3859.87,Cash,Cancelled,Pune,3
2105,17061,Anuja,Male,Furniture,3,4858.66,Net Banking,Pending,Delhi,3
2867,17398,Kiran,Female,Grocery,2,3829.27,Card,Delivered,Pune,3
2625,14810,Sneha,Female,Books,6,2827.14,Cash,Delivered,,4
1891,10094,Sneha,Female,Clothing,1,2192.47,Card,Cancelled,Hyderabad,3
2191,17758,Kiran,Female,Grocery,6,2555.51,Cash,Delivered,Bangalore,5
1204,19215,Priya,Male,Books,2,4171.57,Net Banking,Delivered,Mumbai,3
1941,16167,Ravi,Female,Grocery,5,413.86,Card,Delivered,Hyderabad,4
2178,14970,Kiran,Female,Furniture,9,1360.97,Cash,Delivered,Chennai,3
2769,16083,,Female,Clothing,2,3025.59,Card,Delivered,Chennai,4
3068,11900,Ravi,Female,Grocery,8,4458.06,UPI,Delivered,Bangalore,4
2597,13129,Rahul,Female,Clothing,4,3671.88,UPI,Pending,Bangalore,3
1826,16359,Kiran,Female,Grocery,9,4317.14,UPI,Cancelled,Hyderabad,1
4775,16044,Neha,Male,Books,9,107.99,Card,Delivered,Hyderabad,4
1990,19721,Anuja,Male,Books,2,4278.71,,Delivered,Delhi,3
4764,16412,Kiran,Female,Furniture,9,4896.04,Net Banking,Delivered,Pune,4
1475,12841,Pooja,Male,Clothing,8,4083.81,Card,Delivered,Kolkata,3
1797,18524,Rahul,Male,Electronics,4,2378.24,Card,Delivered,Pune,3
4104,14512,Anuja,Male,Furniture,1,4247.58,Card,Delivered,Chennai,4
2496,16082,Pooja,Male,Electronics,6,1628.21,Card,Returned,Kolkata,3
3172,11203,Anuja,Male,Furniture,5,389.08,Card,Delivered,Kolkata,4
4802,10246,Priya,Female,Furniture,4,1158.36,Net Banking,Pending,Hyderabad,2
1528,19951,Sneha,Female,Grocery,9,1768.46,Net Banking,Cancelled,Delhi,1
4549,16697,,Male,Electronics,8,3500.54,Net Banking,Pending,Hyderabad,3
1436,12058,Sneha,Female,Grocery,1,1207.25,Card,Delivered,Bangalore,4
2795,17423,Arjun,Male,Clothing,8,2615.36,,Delivered,Chennai,4
1652,13697,Rahul,Female,Books,9,1118.01,Card,Delivered,,5
3759,13143,Ravi,Female,Books,1,3402.49,Card,Returned,Kolkata,2
3126,13959,Kiran,Female,Books,3,3127.19,UPI,Delivered,Kolkata,3
1181,14050,Kiran,Female,Grocery,2,3337.05,Card,Delivered,Delhi,3
2851,10793,Amit,Male,Clothing,2,919.04,Card,Delivered,Mumbai,3
4727,13695,Amit,Male,Grocery,7,141.19,Net Banking,Cancelled,Mumbai,1
1956,16743,Kiran,Male,Books,2,1232.18,Card,Delivered,Bangalore,5
4436,13832,Sneha,Female,Electronics,1,194.54,UPI,Delivered,Chennai,4
2977,11597,Priya,Male,Grocery,6,3008.53,Net Banking,Delivered,Pune,5
3724,14326,Priya,Female,Electronics,5,3902.47,UPI,Pending,Delhi,3
3769,14541,Rahul,Male,Books,1,2218.91,Net Banking,Delivered,Mumbai,4
3163,10879,Neha,Male,Grocery,5,4641.01,Card,Delivered,Kolkata,4
4988,10743,Priya,Female,Electronics,2,4408.75,Net Banking,Delivered,Hyderabad,5
2401,11521,Anuja,Female,Electronics,9,2267.45,Net Banking,Delivered,Mumbai,3
1894,19780,Rahul,Female,Books,1,1505.26,,Delivered,Hyderabad,3
1516,13622,Sneha,Male,Electronics,5,4857.94,Card,Delivered,Bangalore,4
2612,17677,Pooja,Female,Electronics,8,2745.49,Card,Cancelled,Pune,2
2098,15906,Sneha,Female,Electronics,4,1420.81,Card,Delivered,,4
2152,17652,Priya,Female,Grocery,3,4336.98,Cash,Delivered,Mumbai,4
2228,15349,Neha,Female,Clothing,3,926.39,Net Banking,Delivered,Chennai,4
1269,19180,Amit,Male,Furniture,5,1666.73,Card,Delivered,Chennai,4
2453,12653,Rahul,Male,Grocery,6,1699.68,UPI,Delivered,Hyderabad,4
4190,11249,Arjun,Male,Furniture,3,315.05,Net Banking,Cancelled,Pune,2
2187,16543,Neha,Male,Grocery,9,1922.39,Cash,Pending,Pune,3
2329,11836,Priya,Male,Grocery,4,4427.34,Card,Delivered,Chennai,4
2904,12611,Arjun,Male,Furniture,1,4955.93,Card,Delivered,Hyderabad,4
2913,17066,Amit,Female,Electronics,3,1545.15,Net Banking,Delivered,Chennai,4
4274,10574,Sneha,Male,Clothing,9,4478.68,Card,Pending,Pune,3
3476,16098,Priya,Female,Electronics,1,676.68,Cash,Delivered,Delhi,4
2719,15125,Priya,Male,Electronics,4,1297.33,UPI,Delivered,Mumbai,4
2312,17024,Priya,Female,Clothing,8,1354.01,Card,Cancelled,Delhi,2
3097,16908,Anuja,Female,Grocery,3,609.39,UPI,Pending,Mumbai,3
2757,18505,Amit,Female,Books,4,1675.25,Card,Delivered,Bangalore,4
2440,10066,Pooja,Male,Books,2,284.77,UPI,Cancelled,Kolkata,2
3033,10801,Anuja,Female,Furniture,7,1139.65,Card,Delivered,Pune,4
2381,10671,Neha,Male,Furniture,5,2668.02,Net Banking,Delivered,Delhi,4
1554,11652,Sneha,Other,Clothing,7,395.17,,Delivered,Mumbai,4
4186,15938,Priya,Female,Electronics,3,,UPI,Cancelled,Kolkata,3
4763,16102,Rahul,Female,Books,2,4050.64,UPI,Delivered,Mumbai,3
4052,14571,Amit,Female,Furniture,2,3816.5,Cash,Returned,Delhi,2
3361,14364,Pooja,Other,Grocery,3,3472.95,Card,Delivered,Hyderabad,3
2735,13271,Amit,Male,Furniture,5,773.92,Cash,Delivered,Chennai,4
1914,19361,Arjun,Male,Electronics,9,853.25,UPI,Delivered,Chennai,3
3230,13412,Arjun,Male,Clothing,8,210.79,Card,Delivered,Delhi,3
2863,19266,Anuja,Male,Electronics,6,1154.51,Cash,Delivered,Chennai,3
2997,12218,Rahul,Male,Electronics,1,2223.87,UPI,Delivered,Chennai,3
1731,10954,Sneha,Male,Books,6,2672.69,Card,Delivered,Bangalore,5
4214,17319,Pooja,Female,Books,6,3699.14,,Pending,Delhi,2
2589,11451,Rahul,Male,Clothing,3,2009.2,UPI,Delivered,Hyderabad,4
3719,14080,Kiran,Female,Books,1,4203.95,Cash,Delivered,,4
1519,19267,Anuja,Female,Clothing,5,1319.43,Card,Delivered,Kolkata,5
2629,14210,Ravi,Female,Grocery,6,4823.49,,Delivered,Delhi,5
2127,17274,Pooja,Male,Grocery,5,1401.97,UPI,Delivered,Chennai,3
3222,15127,Kiran,Male,Clothing,2,1313.4,Net Banking,Pending,Mumbai,4
3594,10596,Sneha,Female,Books,6,3690.98,Cash,Delivered,Hyderabad,4
1680,18431,Rahul,Male,Books,4,2160.66,Cash,Delivered,Pune,3
2223,12256,Pooja,Female,Grocery,6,3939.03,Cash,Delivered,Chennai,4
1280,11096,Amit,Male,Electronics,8,1451.37,Card,Pending,Bangalore,4
4374,11408,Priya,Female,Clothing,4,1475.04,Card,Delivered,Chennai,4
3198,19219,Pooja,Female,Grocery,7,4369.69,Cash,Delivered,Bangalore,3
2577,10056,Ravi,Female,Books,7,3934.7,,Delivered,Hyderabad,5
1641,19047,Rahul,Female,Electronics,5,4562.62,UPI,Delivered,Delhi,5
4420,19966,Amit,Female,Books,8,2603.33,Cash,Delivered,Kolkata,5
1882,14213,Anuja,Male,Furniture,7,4430.45,,Delivered,Chennai,5
2802,19608,Ravi,Female,Electronics,2,1573.16,Cash,Cancelled,Mumbai,3
2779,10663,Sneha,Female,Electronics,9,4785.57,Card,Delivered,,4
1984,11207,Pooja,Female,Grocery,4,1976.49,Card,Delivered,Bangalore,3
4479,13234,Arjun,Male,Clothing,3,3248.84,Cash,Delivered,Hyderabad,4
4472,13331,Neha,Female,Clothing,2,121.8,UPI,Delivered,Mumbai,4
4682,19232,Priya,Male,Clothing,5,3186.87,Net Banking,Delivered,,4
3940,11099,Ravi,Female,Grocery,1,2386.61,UPI,Pending,Kolkata,3
3772,19160,Amit,Male,Clothing,2,907.44,Cash,Delivered,,5
3597,19607,Priya,Male,Books,6,4989.87,Cash,Delivered,Delhi,4
3097,17089,,Female,Books,9,3927.88,UPI,Delivered,,4
1699,19745,Pooja,Female,Grocery,4,,Cash,Delivered,Delhi,4
3156,11196,Anuja,Female,Grocery,9,1249.57,Cash,Returned,Delhi,1
4006,13872,Pooja,Male,Books,3,2561.35,Net Banking,Returned,Kolkata,2
2640,18741,Rahul,Male,Books,7,743.43,Card,Returned,Delhi,2
2675,10184,Arjun,Male,Furniture,9,,UPI,Pending,Delhi,3
2549,13010,Kiran,Male,Furniture,7,3507.36,Net Banking,Delivered,Hyderabad,4
2134,19967,Rahul,Male,Grocery,8,3353.02,Net Banking,Pending,Chennai,4
4414,15452,Kiran,Male,Grocery,3,1373.27,Card,Delivered,Mumbai,4
3799,12370,Ravi,Male,Clothing,8,1427.77,Net Banking,Delivered,Mumbai,4
3294,11421,Kiran,Female,Grocery,3,4657.5,Card,Pending,Chennai,3
4081,16866,Kiran,Female,Clothing,9,,Cash,Pending,Pune,2
2201,12488,Arjun,Male,Furniture,4,950.32,UPI,Pending,Pune,3
1238,11677,Kiran,Male,Books,2,3599.02,Card,Pending,Delhi,2
4906,11645,Rahul,Female,Books,4,3634.49,,Delivered,Pune,5
4136,15015,Neha,Female,Grocery,6,4531.79,Cash,Cancelled,Kolkata,2
4737,19551,Kiran,Other,Furniture,7,2373.17,Card,Delivered,Mumbai,4
2468,19664,Arjun,Male,Books,9,4118.85,Card,Delivered,Delhi,4
1467,14939,,Female,Electronics,4,1313.48,Card,Delivered,Bangalore,4
1450,14289,Kiran,Male,Electronics,2,,Net Banking,Delivered,Kolkata,4
4293,14237,Amit,Female,Books,6,,UPI,Pending,Mumbai,3
4157,13149,Kiran,Female,Clothing,7,2564.99,UPI,Delivered,Bangalore,4
3023,19582,Amit,Female,Books,7,1154.4,Card,Delivered,Hyderabad,4
1687,16364,Anuja,Female,Grocery,3,1241.25,Cash,Delivered,,4
2312,11857,Anuja,Male,Electronics,6,2324.06,Net Banking,Delivered,Hyderabad,3
2457,14878,Ravi,Male,Grocery,7,4614.73,UPI,Delivered,,5
4522,10354,Kiran,Male,Grocery,7,3167.29,Card,Delivered,,4
4795,14352,Amit,Male,Electronics,1,1923.19,Cash,Delivered,Chennai,4
3870,11428,Amit,Female,Furniture,3,4128.55,UPI,Pending,Chennai,2
2357,19218,Rahul,Female,Furniture,6,2312.87,UPI,Delivered,Pune,4
4793,18727,Priya,Male,Books,1,726.08,Cash,Delivered,Hyderabad,4
2217,18012,Amit,Male,Clothing,7,1320.32,UPI,Pending,Chennai,3
1060,11834,Anuja,Female,Electronics,1,4628.44,Card,Delivered,Mumbai,3
3395,14615,Neha,Male,Books,5,4748.94,Net Banking,Delivered,Pune,4
4325,19525,Priya,Male,Furniture,7,4157.27,Cash,Delivered,Bangalore,3
2489,17896,Ravi,Female,Electronics,2,4998.28,Card,Delivered,Kolkata,4
3366,19239,,Female,Electronics,6,2881.41,UPI,Delivered,Mumbai,4
4943,19292,Rahul,Female,Clothing,5,1029.43,Net Banking,Cancelled,Chennai,2
1523,12184,Neha,Female,Grocery,1,,Card,Delivered,Chennai,4
1663,10581,Sneha,Male,Books,8,1690.09,Cash,Delivered,Pune,4
1905,11360,Amit,Female,Electronics,4,2712.49,UPI,Returned,Mumbai,3
2194,10445,Rahul,Female,Furniture,7,350.87,UPI,Delivered,Bangalore,3
3579,18799,Anuja,Female,Grocery,7,1585.85,Cash,Delivered,Bangalore,4
3901,12582,,Other,Furniture,7,567.01,Cash,Delivered,Hyderabad,3
1876,12765,Kiran,Female,Grocery,6,740.74,Net Banking,Delivered,Hyderabad,3
3898,16400,Ravi,Female,Books,7,1372.83,Net Banking,Delivered,Mumbai,4
3467,18998,Sneha,Female,Grocery,3,3477.11,Net Banking,Delivered,Mumbai,4
2692,10404,Arjun,Female,Grocery,9,3074.61,Cash,Delivered,,5
1191,15007,Rahul,Female,Furniture,2,1705.28,UPI,Delivered,Pune,4
4607,10329,Anuja,Male,Clothing,2,1992.85,UPI,Cancelled,Kolkata,2
3747,10091,,Male,Electronics,6,610.3,Card,Cancelled,Bangalore,2
2386,13281,Amit,Male,Clothing,5,4579.14,Cash,Cancelled,Delhi,1
1314,14389,Pooja,Female,Clothing,3,3363.55,Card,Delivered,Hyderabad,5
4435,14039,Anuja,Male,Books,5,,UPI,Returned,Hyderabad,3
4201,18315,Amit,Male,Furniture,7,2539.73,Net Banking,Delivered,Delhi,3
2390,10098,Amit,Male,Furniture,8,2742.4,Card,Delivered,Chennai,4
2782,12892,Amit,Male,Books,2,1038.57,UPI,Delivered,Mumbai,5
4750,15311,Priya,Female,Books,9,324.61,UPI,Cancelled,Delhi,2
2768,19753,Kiran,Male,Clothing,8,3637.83,Card,Delivered,Pune,5
4613,10781,Neha,Male,Furniture,6,4588.81,Card,Delivered,Kolkata,5
2011,15413,Amit,Female,Grocery,9,,Net Banking,Pending,Kolkata,3
3475,14492,Kiran,Female,Clothing,2,1107.01,Card,Delivered,Pune,3
4190,19621,Amit,Male,Grocery,1,1063.58,UPI,Pending,Delhi,3
1917,14654,Pooja,Female,Furniture,6,1274.29,UPI,Delivered,Delhi,4
1734,13587,Ravi,Male,Furniture,7,3243.69,Card,Delivered,Mumbai,4
1260,13644,,Male,Grocery,4,3210.75,Net Banking,Delivered,Mumbai,4
1035,14693,Ravi,Female,Books,1,683.35,UPI,Delivered,Kolkata,4
4699,10427,Sneha,Male,Books,3,2029.63,Card,Pending,Kolkata,2
4176,19988,Neha,Male,Electronics,9,4542.94,UPI,Delivered,Bangalore,4
4058,12228,Pooja,Female,Electronics,6,459.12,Card,Delivered,Hyderabad,4
3528,10740,Neha,Female,Books,7,706.05,Card,Delivered,Chennai,3
3223,10205,Pooja,Female,Books,1,4269.61,Net Banking,Delivered,Hyderabad,4
4199,14853,Kiran,Male,Clothing,5,3188.41,Net Banking,Returned,Hyderabad,3
1287,19388,Kiran,Male,Furniture,7,1249.5,UPI,Returned,Pune,1
3674,17765,Pooja,Female,Clothing,3,3370.91,Card,Delivered,Pune,4
2602,12259,Neha,Female,Books,1,3248.15,Net Banking,Delivered,Pune,4
4726,14477,Arjun,Male,Furniture,9,2142.9,Net Banking,Delivered,Mumbai,3
4361,17904,Anuja,Male,Books,8,4569.8,UPI,Delivered,,4
3904,15664,Sneha,Male,Clothing,3,3225.23,UPI,Delivered,Bangalore,4
3518,17743,Anuja,Male,Furniture,5,4328.3,Card,Delivered,Chennai,3
3455,10922,Pooja,Female,Grocery,4,4009.41,UPI,Delivered,Pune,3
3899,18883,Rahul,Male,Electronics,3,373.15,Cash,Delivered,Pune,3
2359,12982,Amit,Male,Books,4,1151.65,Cash,Delivered,Kolkata,4
1264,10285,Kiran,Female,Grocery,7,4065.82,,Delivered,Delhi,5
1615,12652,Amit,Female,Grocery,1,3900.67,Net Banking,Delivered,Pune,3
1397,15412,Amit,Female,Electronics,9,4031.64,,Delivered,Chennai,4
4403,16679,Ravi,Male,Clothing,8,2386.12,Card,Delivered,Hyderabad,4
3314,16211,Arjun,Male,Clothing,8,3632.49,Card,Cancelled,Chennai,2
2214,13667,,Male,Electronics,8,2489.33,,Delivered,Hyderabad,4
4861,10301,Rahul,Male,Clothing,6,4316.7,UPI,Delivered,Mumbai,3
3079,16371,Anuja,Male,Furniture,4,,UPI,Delivered,Delhi,4
2202,19716,Sneha,Male,Furniture,6,3800.16,Cash,Delivered,Hyderabad,4
4694,10994,Amit,Other,Clothing,1,2583.95,Cash,Delivered,Kolkata,4
2522,10974,Neha,Female,Electronics,4,2773.01,Cash,Delivered,,4
1703,14260,Neha,Female,Books,6,4270.42,Cash,Cancelled,Hyderabad,3
3298,11934,Priya,Female,Clothing,8,1681.66,UPI,Delivered,Bangalore,4
1607,13116,Kiran,Female,Furniture,7,1363.8,Net Banking,Delivered,Pune,4
1124,15023,Kiran,Female,Furniture,4,1653.16,,Delivered,Mumbai,4
4713,13034,Pooja,Other,Grocery,9,158.14,,Delivered,Pune,5
2802,14689,Sneha,Female,Books,8,1263.84,Cash,Returned,Pune,3
3964,10796,Sneha,Female,Electronics,7,1722,Card,Pending,Chennai,2
2875,19732,Anuja,Female,Furniture,6,154.43,,Delivered,Bangalore,5
1284,15988,Amit,Male,Grocery,2,3660.37,Card,Pending,Mumbai,3
4764,14748,Sneha,Male,Electronics,2,2363.08,Cash,Pending,Pune,2
2493,13771,Anuja,Other,Clothing,8,2863.44,UPI,Pending,Delhi,3
2627,12054,,Female,Electronics,5,3175.47,Card,Delivered,Delhi,3
2177,19318,Anuja,Male,Electronics,8,1192.22,Net Banking,Cancelled,Delhi,1
4732,16820,Amit,Female,Electronics,9,3730.38,Cash,Delivered,Hyderabad,3
2157,13029,Kiran,Male,Clothing,3,3799.63,UPI,Delivered,Pune,4
2415,19383,Kiran,Male,Furniture,4,101.52,Cash,Delivered,Kolkata,4
1409,19904,,Female,Furniture,9,1249.71,UPI,Delivered,Bangalore,4
1136,19470,Kiran,Female,Furniture,2,663.69,Card,Delivered,,3
4306,13970,Amit,Male,Grocery,8,1163.93,Card,Pending,Kolkata,2
1329,11251,Sneha,Female,Grocery,1,636.62,Net Banking,Delivered,Kolkata,5
4510,14588,,Male,Grocery,6,1808.03,Cash,Delivered,Mumbai,5
1546,11152,Kiran,Female,Furniture,7,205.25,Cash,Pending,Pune,3
1920,11287,Anuja,Female,Grocery,7,3535.18,Card,Delivered,,3
1656,14576,Kiran,Male,Electronics,7,3151.36,Cash,Delivered,Bangalore,5
2748,18283,Anuja,Female,Grocery,2,4107.13,Cash,Cancelled,Mumbai,2
4661,14682,Anuja,Male,Electronics,8,4338.46,Card,Delivered,,4
1404,13377,Rahul,Male,Electronics,4,257.49,Cash,Delivered,Kolkata,3
1589,18277,Ravi,Male,Books,6,1587.83,Cash,Pending,Chennai,4
1098,16658,Ravi,Female,Furniture,5,1271.45,Net Banking,Delivered,Bangalore,4
1808,19476,Amit,Male,Grocery,6,4893.07,Net Banking,Delivered,Pune,3
3931,18400,Neha,Female,Grocery,3,1529.03,UPI,Delivered,Pune,4
2981,14402,Priya,Other,Books,7,4043.48,UPI,Returned,Pune,2
4363,12600,,Male,Electronics,7,4616.25,UPI,Cancelled,Kolkata,1
2534,17504,Ravi,Male,Furniture,8,431.22,UPI,Delivered,Pune,4
2841,13385,Amit,Male,Furniture,9,1792.29,Cash,Delivered,,4
3021,17919,Priya,Male,Grocery,7,1316.53,,Delivered,Chennai,5
3961,17180,Anuja,Female,Books,4,3572.52,UPI,Delivered,Kolkata,3
3068,10071,Amit,Female,Furniture,9,122.39,Net Banking,Delivered,Chennai,4
2951,16802,Ravi,Male,Grocery,3,635.05,Net Banking,Returned,Bangalore,3
4904,13049,Rahul,Male,Books,4,405.98,,Pending,Hyderabad,4
3339,12568,Pooja,Male,Books,7,1339.13,UPI,Cancelled,Delhi,3
4150,19808,Sneha,Female,Grocery,9,1251.09,Card,Delivered,Bangalore,3
2590,13076,Arjun,Female,Books,3,917.7,Card,Delivered,Mumbai,5
2104,10982,Neha,Male,Grocery,8,3070.9,Net Banking,Delivered,Hyderabad,5
2859,13240,Ravi,Female,Electronics,4,1365.1,UPI,Delivered,Chennai,4
4964,15620,Rahul,Male,Books,1,2621.06,Cash,Cancelled,Mumbai,2
1131,17777,Amit,Female,Furniture,9,2066.47,Cash,Delivered,Chennai,4
3185,10813,Neha,Male,Electronics,8,4240.36,Net Banking,Delivered,Delhi,4
4847,10426,Ravi,Female,Furniture,3,3574.49,Card,Delivered,Hyderabad,4
1504,13527,Rahul,Male,Clothing,5,4745.63,Cash,Delivered,Mumbai,5
4575,14826,Rahul,Male,Books,8,550.98,UPI,Delivered,Hyderabad,5
1191,18432,Anuja,Male,Clothing,3,1198.94,Card,Returned,Delhi,2
2771,17446,Sneha,Female,Grocery,6,316.79,Net Banking,Delivered,Hyderabad,5
3708,14315,,Male,Clothing,1,2697.76,Card,Pending,Delhi,3
1686,17999,Ravi,Male,Furniture,3,3631.77,UPI,Delivered,Pune,4
4336,13759,Ravi,Female,Electronics,6,,Cash,Delivered,Mumbai,4
3140,11032,Neha,Male,Clothing,1,4915.47,,Delivered,Delhi,4
2654,12800,Rahul,Male,Electronics,9,3086.29,Cash,Pending,Chennai,2
4598,14109,Pooja,Male,Furniture,8,3709.54,Cash,Delivered,Chennai,4
2938,10510,Rahul,Male,Furniture,5,1385.19,UPI,Delivered,Mumbai,4
1884,10299,Priya,Female,Furniture,2,982.96,Card,Cancelled,Bangalore,2
4994,14532,Amit,Male,Furniture,9,,Card,Delivered,Delhi,3
3015,14030,Rahul,Female,Furniture,6,4009.95,Card,Delivered,Mumbai,5
3562,15012,,Female,Electronics,8,2147.93,Card,Cancelled,Delhi,1
3596,13413,Amit,Female,Clothing,7,2242.64,UPI,Cancelled,Hyderabad,2
3207,19395,Sneha,Male,Electronics,6,999.79,Card,Cancelled,Pune,3
1762,12975,Anuja,Female,Electronics,7,2172.58,UPI,Delivered,Mumbai,3
3880,15228,Anuja,Female,Books,2,3787.56,Net Banking,Delivered,Kolkata,4
2376,12142,Pooja,Male,Books,4,3533.62,Cash,Pending,Hyderabad,3
2519,18874,,Female,Furniture,6,4981.04,Cash,Delivered,Pune,4
1212,17507,Arjun,Female,Electronics,1,419.54,Net Banking,Delivered,Delhi,4
3690,11334,Priya,Female,Electronics,9,,Cash,Delivered,Bangalore,4
4904,13280,Amit,Male,Clothing,8,4439.4,Net Banking,Delivered,Kolkata,4
1040,10078,Rahul,Female,Grocery,2,4835.07,Net Banking,Delivered,Bangalore,4
2384,16387,Pooja,Male,Books,9,4321.32,Card,Delivered,Hyderabad,5
1562,15972,Arjun,Female,Grocery,5,3274.73,Net Banking,Delivered,Hyderabad,4
2183,17572,Sneha,Female,Grocery,4,4308.5,UPI,Delivered,Kolkata,4
3799,16848,Anuja,Male,Electronics,1,4468.41,Card,Delivered,Pune,5
3972,13793,Pooja,Female,Clothing,6,3932.24,Net Banking,Delivered,Delhi,5
1042,10827,Kiran,Male,Books,3,3461.88,Card,Delivered,Chennai,5
4431,15989,Neha,Female,Clothing,3,2123.2,Cash,Delivered,Pune,4
4351,16321,Anuja,Male,Furniture,3,2639.98,,Delivered,Kolkata,4
4983,16401,Kiran,Male,Furniture,6,4777.94,Cash,Delivered,Kolkata,4
2475,11908,Pooja,Male,Books,4,4158.84,Net Banking,Delivered,Mumbai,4
1725,18376,Anuja,Female,Books,1,2036.07,UPI,Cancelled,Hyderabad,2
4663,16728,Ravi,Female,Grocery,7,626.09,Cash,Returned,Hyderabad,2
3059,18684,Sneha,Female,Electronics,3,2331.66,UPI,Cancelled,Hyderabad,3
4130,11877,Sneha,Male,Grocery,4,2539.97,Card,Delivered,Pune,4
2119,16947,Amit,Female,Furniture,4,2742.15,Card,Returned,Delhi,2
3201,13126,Sneha,Male,Grocery,8,3258.18,Cash,Delivered,Pune,4
4992,16099,Rahul,Male,Furniture,8,499.95,UPI,Delivered,Mumbai,4
3734,13734,Pooja,Female,Grocery,7,2737.2,Cash,Pending,Hyderabad,3
2109,11139,Ravi,Female,Clothing,4,1606.04,UPI,Delivered,Chennai,4
4741,13531,Pooja,Male,Furniture,4,1730.31,Net Banking,Delivered,Bangalore,4
3915,17134,Sneha,Male,Electronics,7,1962.29,Net Banking,Pending,Bangalore,3
3607,17379,Anuja,Male,Books,7,2666.59,Cash,Cancelled,Delhi,2
3931,19472,Rahul,Female,Electronics,2,2226.74,,Delivered,Bangalore,5
4453,14725,Neha,Male,Furniture,4,1877.07,Cash,Cancelled,Chennai,2
3708,10135,Amit,Female,Grocery,4,1105.95,Card,Delivered,Kolkata,3
2529,14016,Arjun,Female,Furniture,3,1345.46,Net Banking,Cancelled,,2
2838,18578,Ravi,Female,Grocery,4,948.98,Cash,Delivered,Mumbai,4
1428,19876,Priya,Female,Grocery,4,1793.69,Card,Delivered,Kolkata,3
2838,13675,Kiran,Female,Clothing,7,964.97,Net Banking,Cancelled,Chennai,2
2248,14133,Kiran,Female,Electronics,3,3758.91,Card,Delivered,Chennai,3
3280,13164,Sneha,Male,Clothing,9,482.63,UPI,Pending,,3
1277,15945,Sneha,Female,Electronics,4,,UPI,Cancelled,Pune,2
1480,15302,Pooja,Female,Furniture,3,3447.11,Cash,Delivered,Pune,5
3030,19133,Rahul,Female,Electronics,8,4547.28,Net Banking,Delivered,Kolkata,4
2033,11416,Kiran,Female,Books,3,521.62,Net Banking,Returned,Delhi,3
3402,15297,Ravi,Other,Grocery,9,4674.96,Net Banking,Delivered,Delhi,4
1527,19150,Sneha,Other,Furniture,3,232.49,Net Banking,Delivered,Kolkata,4
4312,18572,Anuja,Female,Furniture,2,4687.35,Net Banking,Delivered,Chennai,4
4926,10493,Amit,Female,Clothing,4,4127.22,UPI,Delivered,Kolkata,4
4582,14138,Kiran,Female,Furniture,6,368.27,Cash,Pending,Kolkata,3
4568,18661,Ravi,Male,Books,1,928.47,UPI,Delivered,Hyderabad,4
3020,13083,Rahul,Female,Clothing,1,4027.7,Cash,Delivered,Bangalore,4
4603,15467,Ravi,Female,Books,9,706.41,Card,Cancelled,Kolkata,2
1684,18949,Pooja,Male,Furniture,7,1271.37,Cash,Delivered,Pune,5
3909,13598,Priya,Male,Grocery,5,3616.77,UPI,Delivered,,5
1502,17211,Pooja,Male,Electronics,6,,UPI,Delivered,Chennai,5
1018,10981,Pooja,Female,Grocery,8,2240.21,Net Banking,Delivered,Hyderabad,3
4542,15648,Sneha,Male,Books,8,3072.06,Net Banking,Delivered,Kolkata,4
4037,13457,Sneha,Female,Grocery,3,2096.4,UPI,Delivered,Bangalore,3
1489,19632,Ravi,Female,Clothing,2,1986.28,Cash,Delivered,Kolkata,4
3701,10350,Priya,Male,Clothing,8,3816.83,Cash,Delivered,Kolkata,5
1043,10151,Kiran,Female,Grocery,2,4346.75,UPI,Delivered,Mumbai,3
2447,10508,Anuja,Male,Furniture,2,,Net Banking,Delivered,Delhi,4
4590,18023,Neha,Male,Electronics,7,4422.38,Net Banking,Cancelled,Hyderabad,3
3865,11501,Priya,Female,Electronics,7,2214.09,Net Banking,Returned,Pune,3
4631,16831,Neha,Male,Grocery,6,4057.1,Card,Delivered,Hyderabad,4
1386,19437,Kiran,Male,Grocery,3,,Cash,Delivered,Kolkata,3
1546,19945,Anuja,Male,Books,8,3147.84,Net Banking,Delivered,Delhi,5
4153,17349,Neha,Male,Grocery,9,,Card,Delivered,Kolkata,5
2845,10712,Kiran,Female,Grocery,8,974.25,Net Banking,Pending,Mumbai,3
1600,16964,Anuja,Male,Clothing,8,4227.69,UPI,Delivered,Pune,5
4981,19360,Amit,Male,Electronics,5,2286.87,Card,Delivered,Delhi,3
1770,19604,Neha,Female,Grocery,7,1307.15,Cash,Delivered,Mumbai,4
4180,10400,Kiran,Male,Books,1,3727.45,,Delivered,Bangalore,3
1710,14562,Anuja,Female,Books,9,876.14,Card,Delivered,Mumbai,5
1610,10785,Anuja,Male,Furniture,8,3031.8,UPI,Cancelled,,2
2164,17440,Ravi,Male,Electronics,1,1660.1,UPI,Delivered,Chennai,5
3241,13249,Priya,Female,Clothing,5,4359.94,,Pending,Hyderabad,3
3952,16059,Priya,Female,Electronics,1,539.08,UPI,Cancelled,,1
1816,15386,Pooja,Male,Grocery,5,3167.55,Card,Delivered,Pune,3
1209,16998,Neha,Female,Grocery,4,4869.47,Cash,Delivered,Pune,4
4582,15819,Anuja,Male,Electronics,5,1998.41,Cash,Delivered,Pune,4
2680,10885,Arjun,Female,Furniture,7,1001.92,Card,Delivered,Bangalore,3
4432,15153,Sneha,Male,Clothing,9,4127.59,Cash,Returned,Chennai,3
4759,13221,Priya,Male,Furniture,6,4682.75,UPI,Pending,Bangalore,3
4242,11381,Anuja,Female,Books,1,3372.33,Card,Pending,Delhi,3
2479,13664,Priya,Male,Electronics,3,1994.8,,Pending,Kolkata,3
4015,10774,Neha,Female,Grocery,5,2945.78,Card,Delivered,Bangalore,4
1216,14840,Kiran,Male,Grocery,8,3856.96,,Delivered,Kolkata,4
2850,16305,Kiran,Female,Electronics,5,3316.47,Card,Delivered,Mumbai,3
2133,11234,Rahul,Female,Books,3,,Cash,Pending,Delhi,3
4937,10362,Kiran,Male,Grocery,6,4087.45,UPI,Pending,Mumbai,3
4522,18756,Kiran,Male,Electronics,5,4712.32,Net Banking,Pending,,4
4634,17229,Rahul,Female,Books,2,1184.99,Card,Pending,Mumbai,3
3532,14150,Arjun,Male,Furniture,1,4128.25,Net Banking,Delivered,Hyderabad,5
1364,19107,Anuja,Other,Electronics,5,3357.74,Cash,Delivered,Hyderabad,5
4587,13407,Sneha,Male,Grocery,7,4489.7,,Delivered,Mumbai,5
1305,14281,Pooja,Other,Electronics,1,2452.86,Cash,Delivered,Kolkata,4
2647,15891,Amit,Female,Books,5,1119.17,Cash,Delivered,Chennai,5
1392,10756,Amit,Female,Grocery,9,3572.65,UPI,Delivered,Pune,4
4710,12735,Rahul,Other,Clothing,7,2315.67,Cash,Delivered,Hyderabad,3
4843,16450,Priya,Female,Clothing,9,264.95,UPI,Delivered,Bangalore,4
4091,11389,Priya,Female,Books,2,4111.17,Card,Delivered,Bangalore,4
3190,10598,Pooja,Male,Grocery,5,217.92,UPI,Delivered,Mumbai,3
4374,13900,Ravi,Male,Books,9,4180.1,,Delivered,Chennai,4
1924,18551,Pooja,Male,Grocery,5,1652.66,Cash,Delivered,Bangalore,4
1131,19032,,Male,Electronics,9,1944.25,UPI,Cancelled,Chennai,1
2788,11309,Pooja,Male,Grocery,9,1047.69,Net Banking,Delivered,Pune,4
3985,14112,Kiran,Male,Books,5,4975.9,Net Banking,Delivered,Chennai,4
1828,14920,Neha,Female,Grocery,3,3236.34,Net Banking,Delivered,Kolkata,4
2331,16159,Priya,Female,Furniture,3,1011.56,Card,Cancelled,Chennai,2
1706,12979,Pooja,Male,Books,3,1446.13,Card,Delivered,Pune,5
4896,15924,Pooja,Female,Books,8,4728.11,Cash,Delivered,Bangalore,3
2962,17890,Priya,Male,Books,6,753.12,UPI,Cancelled,Chennai,3
1407,18381,Ravi,Other,Electronics,6,3627.22,Card,Delivered,Delhi,4
2634,11617,Amit,Female,Grocery,6,1029.34,Cash,Delivered,Pune,5
1845,18252,Rahul,Male,Clothing,7,4043.14,Card,Delivered,Mumbai,5
4427,19108,Anuja,Male,Electronics,1,1983.14,Net Banking,Returned,Kolkata,1
4422,10734,Neha,Female,Electronics,1,3708.82,UPI,Delivered,Chennai,5
3676,11184,Amit,Female,Furniture,3,347.95,Card,Cancelled,Delhi,2
3354,19167,Arjun,Male,Furniture,1,966.36,Net Banking,Cancelled,Delhi,3
1426,14071,Priya,Male,Books,4,875.49,Card,Delivered,Hyderabad,5
1327,14066,Rahul,Female,Furniture,4,4143.21,UPI,Delivered,Mumbai,4
4560,16957,Arjun,Male,Books,8,1927.55,Cash,Pending,Hyderabad,3
2459,14230,Sneha,Male,Furniture,1,1958.26,Cash,Delivered,Chennai,3
4911,10737,Kiran,Male,Furniture,6,4581.19,Card,Cancelled,Delhi,1
1295,13657,Rahul,Female,Clothing,6,2514.25,Net Banking,Delivered,Pune,4
1183,17726,Priya,Male,Books,8,2749.31,UPI,Delivered,Mumbai,5
2738,13191,Kiran,Male,Furniture,8,4259.23,Net Banking,Delivered,Pune,4
4238,12284,Anuja,Female,Clothing,6,2775.94,Cash,Delivered,Kolkata,4
1906,11645,Anuja,Male,Furniture,9,862.52,Net Banking,Delivered,Mumbai,4
2969,18806,Rahul,Male,Books,9,267.24,Card,Delivered,Pune,4
1660,14468,Kiran,Male,Electronics,3,2412.95,Net Banking,Delivered,Delhi,4
2546,15825,Sneha,Female,Grocery,9,,Cash,Delivered,Chennai,5
3978,10008,Rahul,Female,Furniture,3,502.72,Net Banking,Delivered,Bangalore,4
2472,12108,Arjun,Male,Furniture,3,2796.95,UPI,Delivered,Delhi,4
2159,10014,Neha,Male,Grocery,7,1361.42,Net Banking,Delivered,Kolkata,5
4457,15959,Rahul,Male,Grocery,9,499.25,UPI,Delivered,Kolkata,4
1614,16696,Kiran,Male,Books,9,2978.13,UPI,Returned,Delhi,3
4903,12271,Rahul,Male,Electronics,9,1372.23,UPI,Delivered,Delhi,4
3683,15681,Sneha,Female,Clothing,6,1856.91,UPI,Delivered,Chennai,3
3539,14759,Arjun,Male,Books,8,4467.82,UPI,Delivered,Hyderabad,4
3153,12705,Neha,Other,Electronics,3,2604.52,Card,Delivered,Hyderabad,3
4430,10961,Pooja,Female,Clothing,8,3997.28,UPI,Delivered,Bangalore,3
1826,12587,Sneha,Male,Clothing,8,2316.37,UPI,Delivered,Pune,5
2131,14623,Priya,Male,Furniture,8,4195.88,UPI,Delivered,Kolkata,4
1815,10151,Pooja,Female,Furniture,2,4939.14,Net Banking,Cancelled,,2
1597,11203,Neha,Female,Books,8,,Net Banking,Delivered,Hyderabad,5
1434,18283,Kiran,Male,Grocery,8,4109.21,,Delivered,Hyderabad,3
4841,15338,Priya,Male,Clothing,9,1751.61,UPI,Delivered,Delhi,4
1151,13083,Arjun,Female,Furniture,8,330.26,UPI,Delivered,Pune,4
1717,18508,Ravi,Male,Books,1,4251.33,Net Banking,Cancelled,Hyderabad,2
4455,19630,Rahul,Female,Furniture,1,4409.91,Cash,Delivered,Kolkata,4
3161,11046,Anuja,Male,Furniture,6,3198.19,Cash,Delivered,Bangalore,5
2781,17081,Amit,Female,Books,2,4854.54,UPI,Delivered,Chennai,3
2801,15149,Rahul,Female,Grocery,6,1446.21,Net Banking,Cancelled,Hyderabad,1
1909,13740,Priya,Male,Books,2,4253.13,UPI,Cancelled,Bangalore,3
2540,11645,Priya,Female,Books,3,1640.71,UPI,Delivered,Kolkata,4
1229,12231,Kiran,Female,Electronics,6,4501.88,UPI,Delivered,Chennai,4
1951,19784,Rahul,Male,Grocery,9,2213.6,UPI,Delivered,Chennai,4
4385,10256,Rahul,Male,Electronics,4,1877.26,Net Banking,Pending,Kolkata,3
1894,13240,Anuja,Male,Books,2,2327.67,Card,Delivered,Hyderabad,4
3338,14691,Anuja,Male,Furniture,7,4772.87,UPI,Delivered,Mumbai,4
2414,13186,Anuja,Male,Grocery,5,1351.24,UPI,Pending,Hyderabad,2
3293,13466,Ravi,Female,Clothing,1,612.79,Net Banking,Delivered,Pune,4
3388,10947,Rahul,Female,Clothing,9,1835.09,Net Banking,Delivered,Hyderabad,4
2556,10757,Kiran,Female,Furniture,6,1582.12,Net Banking,Delivered,Mumbai,3
1441,14965,Neha,Female,Books,6,3038.67,,Delivered,Chennai,4
1839,15580,Arjun,Male,Electronics,7,454.72,Cash,Delivered,Delhi,4
2914,19340,Ravi,Other,Clothing,9,971.31,Card,Delivered,Delhi,4
1992,10045,Amit,Female,Grocery,3,4187.78,Net Banking,Pending,Hyderabad,2
4627,19080,Ravi,Male,Grocery,1,4542.9,Card,Delivered,Chennai,3
1685,16999,Neha,Female,Clothing,3,977.84,Card,Cancelled,Chennai,2
4292,13131,Anuja,Female,Books,2,1606.18,Net Banking,Delivered,Hyderabad,4
4575,13071,Pooja,Male,Electronics,5,1512.59,Net Banking,Cancelled,Bangalore,3
1547,10784,Pooja,Female,Books,6,3509.79,Card,Delivered,Bangalore,4
2337,12989,Neha,Female,Electronics,5,1844.7,Net Banking,Delivered,Delhi,5
3986,14812,Anuja,Female,Books,2,1355.51,UPI,Delivered,Mumbai,4
4743,15962,Ravi,Male,Furniture,9,181.09,Cash,Delivered,Chennai,4
2017,10825,Amit,Male,Clothing,4,1936.13,Cash,Delivered,Mumbai,3
3156,18212,Kiran,Male,Electronics,9,2498.11,Cash,Delivered,Hyderabad,4
3052,16608,Amit,Male,Books,4,,UPI,Delivered,Pune,3
2312,12514,Neha,Female,Electronics,7,2216.48,Net Banking,Delivered,Hyderabad,4
4764,19307,Arjun,Female,Furniture,6,3987.49,UPI,Delivered,Delhi,4
1244,10932,Kiran,Female,Clothing,3,615.69,Cash,Delivered,Kolkata,3
3994,11381,Kiran,Female,Grocery,9,2253.32,UPI,Delivered,Delhi,3
2504,11548,Rahul,Female,Electronics,3,1592.8,,Delivered,Kolkata,4
1882,14801,Anuja,Female,Electronics,1,222.28,Card,Returned,Delhi,3
1575,17694,Rahul,Female,Books,2,,Card,Delivered,Delhi,3
4563,11773,Ravi,Male,Books,5,4520.79,Cash,Delivered,Hyderabad,4
2869,14053,Kiran,Male,Clothing,7,1240.75,Net Banking,Delivered,Mumbai,4
2065,11075,Neha,Other,Clothing,5,1881.84,UPI,Pending,Kolkata,4
1934,11646,Arjun,Male,Books,4,3366.47,Cash,Delivered,Pune,4
3630,16066,Sneha,Female,Electronics,6,3394.61,Card,Pending,Hyderabad,4
2288,14599,Neha,Female,Books,2,3499.85,Card,Delivered,Chennai,4
4029,19503,Sneha,Female,Books,3,,Card,Delivered,Hyderabad,3
2636,18445,Ravi,Male,Grocery,2,2456.26,UPI,Returned,Chennai,2
4289,14939,Sneha,Male,Furniture,7,1290.24,Cash,Delivered,Delhi,4
1724,17271,Sneha,Male,Grocery,8,115.77,Card,Delivered,Kolkata,5
3005,18440,Kiran,Female,Furniture,8,,Cash,Delivered,Bangalore,5
1250,19998,Kiran,Male,Books,5,875.76,Net Banking,Delivered,Pune,5
4839,17240,Amit,Female,Grocery,7,3106.2,Card,Delivered,Chennai,4
1825,17226,Kiran,Male,Clothing,5,1673.32,Cash,Delivered,Kolkata,4
1980,14845,Pooja,Male,Books,5,,Cash,Pending,Hyderabad,3
2490,10164,Priya,Male,Furniture,7,2469.57,,Delivered,Hyderabad,3
2358,15595,Pooja,Male,Books,6,1562.43,UPI,Delivered,Pune,4
1455,16213,Rahul,Female,Furniture,9,2739.63,Net Banking,Delivered,Hyderabad,4
1628,11954,Amit,Female,Books,9,3319.29,Card,Delivered,Hyderabad,3
4366,16302,Priya,Other,Clothing,3,2133.27,Net Banking,Delivered,Mumbai,4
3062,19057,Priya,Male,Books,1,327.53,Card,Delivered,Kolkata,4
4244,14094,Sneha,Female,Clothing,3,2541.83,UPI,Returned,Kolkata,2
1968,15559,Neha,Male,Grocery,1,4342.95,UPI,Delivered,Hyderabad,5
1101,13933,Pooja,Female,Grocery,9,2661.28,UPI,Pending,Bangalore,3
4976,17156,Priya,Female,Grocery,8,1621.14,Cash,Pending,Kolkata,4
1335,10892,Amit,Male,Books,7,3087.2,Cash,Delivered,Chennai,4
3293,12460,Amit,Male,Furniture,3,2592.82,Cash,Delivered,Mumbai,3
3602,16255,Arjun,Female,Electronics,2,3330.18,UPI,Delivered,Kolkata,4
1225,15909,Ravi,Other,Grocery,6,603.24,UPI,Pending,Chennai,3
1689,17852,Pooja,Female,Furniture,4,3621.91,UPI,Cancelled,Hyderabad,2
3518,11607,Amit,Female,Grocery,7,2772.24,Cash,Delivered,Hyderabad,4
4090,18871,Pooja,Male,Furniture,5,,Cash,Delivered,,4
4018,12837,Rahul,Female,Books,7,2737.75,Net Banking,Cancelled,Kolkata,3
2337,17332,Kiran,Male,Grocery,9,2861.71,UPI,Pending,Bangalore,3
3772,12696,Priya,Other,Books,8,3025.37,Cash,Delivered,Bangalore,3
3845,18496,Sneha,Male,Electronics,6,4526.61,UPI,Delivered,Mumbai,4
3241,10910,Sneha,Male,Books,2,4980.23,Card,Delivered,Delhi,5
2944,17150,Priya,Female,Clothing,1,4508.42,Net Banking,Pending,Mumbai,3
1136,12035,Sneha,Female,Furniture,2,,Cash,Delivered,Bangalore,5
2960,13332,Anuja,Female,Books,8,579.94,Cash,Delivered,Kolkata,5
1495,19867,Anuja,Male,Furniture,5,819.66,,Pending,Pune,2
3527,15479,Priya,Female,Grocery,7,1836.74,UPI,Delivered,Hyderabad,4
2392,11368,Neha,Female,Grocery,4,4849.98,Card,Pending,Mumbai,2
1164,15373,Pooja,Female,Electronics,5,4561.01,Cash,Delivered,Bangalore,3
4359,12846,Ravi,Male,Furniture,7,666.2,,Delivered,Chennai,5
2605,13480,Neha,Female,Clothing,8,961.17,Net Banking,Returned,Pune,3
1731,12637,Priya,Female,Furniture,8,4627.87,Card,Delivered,Mumbai,3
4068,12749,Neha,Male,Electronics,6,715.19,UPI,Returned,,2
4852,13514,Rahul,Male,Books,4,430.75,,Delivered,Chennai,4
2874,16413,Amit,Female,Furniture,3,1793.54,Net Banking,Delivered,Kolkata,3
2101,14158,,Male,Furniture,3,3665.52,Cash,Returned,Pune,3
1407,16196,Pooja,Male,Furniture,5,1527.21,UPI,Delivered,Bangalore,5
4031,18044,Anuja,Female,Books,4,3633.89,Net Banking,Pending,Delhi,3
2947,16655,Priya,Male,Books,2,3556.31,Cash,Delivered,Mumbai,4
4191,16030,Anuja,Male,Electronics,3,3226.69,Card,Delivered,Pune,4
4339,15616,Neha,Male,Clothing,5,2867.98,,Pending,Pune,3
2995,12631,Arjun,Female,Grocery,2,3183.3,UPI,Delivered,Kolkata,4
1996,16454,Ravi,Female,Clothing,8,1865.57,Net Banking,Delivered,Delhi,5
2724,19858,Ravi,Male,Grocery,7,3108.85,UPI,Delivered,Hyderabad,3
4538,16032,Rahul,Male,Grocery,9,2141.85,Cash,Delivered,Mumbai,3
4878,18070,,Male,Furniture,3,117.66,Cash,Cancelled,Chennai,3
2154,15315,Priya,Female,Books,9,970.09,Cash,Pending,Mumbai,3
4253,19016,Ravi,Female,Clothing,7,3936.52,Card,Cancelled,Delhi,2
4415,16196,Neha,Female,Electronics,1,2964.52,Card,Delivered,Hyderabad,4
1890,12521,Rahul,Male,Clothing,1,4225.93,Cash,Delivered,Bangalore,3
1873,15854,Ravi,Female,Furniture,1,,UPI,Delivered,Delhi,4
3642,15959,Pooja,Male,Clothing,4,3158.67,Cash,Delivered,Hyderabad,4
2810,10076,Priya,Male,Furniture,2,3774.82,,Delivered,Mumbai,3
3397,12894,Ravi,Female,Grocery,9,4125.92,Card,Returned,Hyderabad,3
4259,10234,Anuja,Male,Furniture,7,1935.92,Card,Delivered,Chennai,3
4455,16533,Ravi,Male,Electronics,8,4416.19,Card,Cancelled,Pune,1
3604,19472,Sneha,Female,Books,7,2319.09,Net Banking,Delivered,Delhi,4
3317,11888,Arjun,Female,Books,4,3531.56,Cash,Delivered,Kolkata,5
4618,18125,Priya,Male,Clothing,7,2879.3,Net Banking,Delivered,Hyderabad,3
1066,16571,Priya,Female,Clothing,7,986,Net Banking,Delivered,,4
1698,10574,,Male,Books,6,2202.41,UPI,Pending,Hyderabad,3
4653,16048,Kiran,Male,Grocery,2,1604.09,Net Banking,Delivered,Chennai,5
1440,18080,Rahul,Female,Grocery,2,4538.58,Cash,Delivered,Chennai,3
2873,13512,Amit,Male,Electronics,4,3535.62,Cash,Delivered,,5
3184,11257,Arjun,Male,Furniture,9,3951.88,UPI,Pending,Chennai,3
4444,15235,Amit,Male,Electronics,6,3466.94,UPI,Delivered,Kolkata,5
2904,17770,Kiran,Other,Grocery,5,2970.75,Net Banking,Delivered,Mumbai,4
2206,19656,Neha,Male,Books,9,514.08,Cash,Pending,Mumbai,4
1776,18762,Priya,Other,Clothing,4,1004.65,Cash,Delivered,Delhi,4
3823,15287,Pooja,Female,Electronics,7,3606.58,Cash,Returned,Mumbai,1
1957,19257,Neha,Male,Books,9,3359.68,Card,Pending,Pune,4
2209,18499,Kiran,Female,Books,5,2110.64,Net Banking,Delivered,Bangalore,4
4621,15141,Arjun,Male,Grocery,9,3510.76,Card,Delivered,Kolkata,4
1926,13661,Priya,Male,Furniture,5,560.95,Card,Delivered,,4
1005,18430,Priya,Male,Electronics,9,887.5,UPI,Delivered,Hyderabad,4
3239,10080,Rahul,Other,Grocery,2,245.41,UPI,Delivered,Chennai,4
4309,12626,Arjun,Male,Furniture,4,3306.07,Card,Pending,Hyderabad,4
3008,14216,Anuja,Male,Grocery,8,4146.81,Net Banking,Delivered,Hyderabad,5
2854,13545,Anuja,Male,Books,7,2407.94,Card,Delivered,Chennai,4
2644,13260,Rahul,Male,Grocery,5,3537.31,Net Banking,Delivered,Pune,5
4080,14569,Pooja,Male,Electronics,9,2147.46,Card,Pending,Pune,3
1128,19553,Pooja,Male,Clothing,1,2021.87,Card,Pending,Delhi,3
4697,13312,,Female,Clothing,3,462.19,Card,Delivered,Bangalore,4
3819,12368,,Male,Books,3,,UPI,Delivered,Hyderabad,4
3912,16958,Amit,Female,Electronics,2,201.9,Net Banking,Delivered,Chennai,4
2639,17332,Sneha,Female,Grocery,6,3224.48,Cash,Delivered,Kolkata,4
2711,10869,Pooja,Female,Clothing,2,3863.02,Card,Pending,Mumbai,4
4717,14759,Ravi,Male,Clothing,6,940.38,Net Banking,Returned,Delhi,2
3888,10989,Rahul,Male,Books,7,1979.11,Cash,Delivered,Hyderabad,4
4394,11875,Ravi,Male,Clothing,2,3038.2,Cash,Delivered,Pune,4
2829,14656,Amit,Male,Clothing,7,2110.55,Net Banking,Delivered,Hyderabad,3
2827,13759,Amit,Male,Books,8,4623.72,UPI,Pending,Kolkata,3
4359,14287,Priya,Female,Furniture,4,1326.97,Card,Delivered,Mumbai,3
4158,14477,,Male,Grocery,4,2169.36,UPI,Delivered,Bangalore,3
2938,13781,,Female,Clothing,6,,Net Banking,Delivered,Pune,4
1377,17416,Rahul,Male,Electronics,2,2014.92,Card,Delivered,Hyderabad,3
3079,14422,Neha,Male,Electronics,5,500.25,Cash,Delivered,Kolkata,4
3144,16322,Amit,Male,Furniture,4,1796.11,Card,Delivered,Chennai,4
3738,17345,Ravi,Female,Clothing,1,4065.41,UPI,Delivered,Bangalore,4
2780,16862,Kiran,Male,Electronics,5,2390.55,Card,Delivered,Chennai,4
1140,13718,,Female,Books,3,4314.56,UPI,Delivered,Pune,3
1553,16767,Priya,Female,Electronics,3,335.1,Cash,Delivered,Kolkata,5
3046,17773,Amit,Male,Electronics,4,1091.98,UPI,Returned,Bangalore,3
2702,14971,Priya,Male,Furniture,2,475.67,Net Banking,Delivered,Chennai,4
1380,12634,Neha,Other,Electronics,1,4950.52,UPI,Delivered,Chennai,3
3972,12686,Ravi,Female,Clothing,3,4404.09,Net Banking,Delivered,Bangalore,3
2572,14916,Arjun,Female,Furniture,4,2952.93,Net Banking,Returned,Bangalore,2
1462,14857,Pooja,Male,Furniture,9,4051.77,UPI,Delivered,Hyderabad,3
3774,15607,Ravi,Male,Grocery,5,2052.78,Net Banking,Delivered,Delhi,5
2234,10791,Pooja,Male,Furniture,6,1681.21,Cash,Delivered,Mumbai,4
3959,13696,Sneha,Female,Grocery,2,914.85,UPI,Delivered,Pune,4
4741,11312,Ravi,Other,Furniture,4,3609.54,Cash,Pending,Bangalore,4
1398,11316,Ravi,Female,Books,4,2843.27,Net Banking,Returned,Chennai,3
1945,14968,Rahul,Male,Clothing,4,457.54,Net Banking,Cancelled,Mumbai,2
1516,10777,Rahul,Female,Books,2,103.65,Cash,Delivered,Hyderabad,4
3939,18236,Pooja,Male,Electronics,1,,,Pending,Pune,3
3376,14491,Anuja,Other,Grocery,1,3053.93,Net Banking,Pending,Pune,3
3994,16131,Sneha,Male,Books,3,3279.42,UPI,Delivered,Hyderabad,5
2795,15905,Kiran,Other,Clothing,3,550.16,Card,Delivered,Kolkata,5
3066,13487,Amit,Female,Furniture,4,1909.5,Card,Delivered,Chennai,5
4066,18110,Kiran,Female,Grocery,4,2155.05,Net Banking,Cancelled,Pune,1
4189,12708,Pooja,Female,Grocery,9,154.15,Card,Delivered,Mumbai,4
3895,18559,,Other,Books,4,2291.74,Cash,Delivered,Kolkata,4
4237,13380,Neha,Female,Clothing,3,3160.49,Cash,Delivered,Kolkata,3
3597,13994,Pooja,Male,Books,2,3573.91,Card,Delivered,Pune,4
1515,13490,Sneha,Other,Electronics,5,4014.46,Net Banking,Delivered,Hyderabad,3
1365,18899,Kiran,Other,Clothing,5,,UPI,Delivered,Bangalore,5
3048,14362,Neha,Female,Books,5,923.29,,Delivered,Hyderabad,3
2260,11865,Kiran,Female,Books,2,3424.38,UPI,Delivered,Bangalore,3
1115,12076,Neha,Female,Clothing,5,540.04,Net Banking,Delivered,Kolkata,3
3964,18221,Amit,Male,Furniture,3,644.83,Card,Delivered,Chennai,3
1219,12977,Neha,Male,Books,6,484.51,Card,Delivered,Delhi,4
3448,18789,Kiran,Male,Clothing,5,1397.37,Card,Delivered,Mumbai,4
2895,13467,Rahul,Female,Clothing,6,1576.32,Net Banking,Delivered,Hyderabad,5
2331,13131,Pooja,Male,Grocery,3,555.86,UPI,Delivered,Mumbai,4
2961,18526,Ravi,Male,Furniture,5,508.38,UPI,Delivered,Delhi,4
3863,10892,Amit,Female,Books,9,4295.58,Net Banking,Delivered,Kolkata,4
3696,19357,Arjun,Male,Books,6,1185.17,Net Banking,Delivered,Bangalore,4
4275,11987,Ravi,Female,Furniture,7,449.62,Net Banking,Cancelled,Kolkata,2
4511,16333,Rahul,Male,Books,4,1794.87,Card,Delivered,Bangalore,4
1616,14731,Kiran,Female,Grocery,6,3725.81,Card,Delivered,Chennai,4
3391,15092,Ravi,Male,Electronics,1,528.59,UPI,Cancelled,Delhi,3
2367,17399,Amit,Female,Furniture,9,2667.67,Net Banking,Returned,Chennai,3
4464,10162,Ravi,Female,Furniture,5,793.92,UPI,Delivered,Pune,4
4748,17018,Sneha,Male,Furniture,8,1275.25,UPI,Delivered,Chennai,4
3532,14711,Anuja,Male,Books,6,3679.97,Card,Delivered,Hyderabad,5
3988,14348,Priya,Female,Books,3,3272.94,Cash,Delivered,Hyderabad,4
2252,13258,,Male,Electronics,7,151.48,Net Banking,Delivered,Delhi,5
3061,16262,Kiran,Female,Furniture,7,189.65,Net Banking,Delivered,Bangalore,3
1241,18055,Amit,Female,Books,4,3718.39,Net Banking,Delivered,Kolkata,4
1479,12954,Ravi,Female,Grocery,5,3214.16,Net Banking,Returned,Delhi,1
3253,10104,Amit,Male,Grocery,5,1569.54,UPI,Pending,,2
1310,16435,Neha,Male,Furniture,4,163.46,Card,Pending,Delhi,3
1575,13811,Anuja,Female,Books,1,2639.11,Cash,Delivered,Hyderabad,4
3269,18217,Rahul,Other,Books,2,3559.67,UPI,Delivered,Chennai,4
4447,13457,Arjun,Other,Clothing,8,1974.42,UPI,Delivered,,4
1280,15691,Anuja,Female,Grocery,2,4016.15,Net Banking,Cancelled,Hyderabad,2
1757,13904,Sneha,Female,Furniture,3,4178.52,Card,Delivered,Pune,5
4044,11779,Anuja,Female,Furniture,6,1055.1,Card,Cancelled,Hyderabad,3
4039,13830,Rahul,Female,Books,2,1470.15,,Pending,Hyderabad,3
3349,14648,Pooja,Other,Clothing,5,466.74,Cash,Delivered,Delhi,4
2162,15565,Arjun,Other,Furniture,1,4728.88,Cash,Pending,Delhi,3
1839,11793,Sneha,Male,Furniture,4,4469.82,Card,Delivered,Kolkata,3
2735,17342,Priya,Other,Grocery,5,,Net Banking,Delivered,Delhi,4
1193,14879,Sneha,Male,Books,8,1405.67,Cash,Delivered,Mumbai,4
3891,12978,Priya,Female,Grocery,4,3084.96,UPI,Delivered,Kolkata,3
3280,12850,Amit,Male,Electronics,3,4501.93,UPI,Delivered,Chennai,4
3426,16471,Pooja,Female,Furniture,2,2589.79,Cash,Delivered,Bangalore,4
1279,15360,Ravi,Female,Grocery,2,2884.25,,Delivered,Bangalore,3
3659,14536,Ravi,Other,Electronics,6,2691.2,Net Banking,Delivered,Bangalore,4
1110,15308,Amit,Male,Grocery,6,4644.48,Net Banking,Delivered,,3
3628,19884,Amit,Female,Electronics,8,4431.09,Cash,Pending,Bangalore,3
3361,19428,Anuja,Female,Clothing,7,2660.47,UPI,Delivered,Hyderabad,3
3996,11308,Neha,Female,Grocery,4,1876.14,Card,Delivered,Kolkata,4
2589,10666,Arjun,Male,Books,1,2567.11,Net Banking,Delivered,Hyderabad,5
4235,11333,Ravi,Male,Grocery,7,1903.65,,Pending,Bangalore,3
4385,15636,Kiran,Male,Furniture,1,4829.59,Cash,Delivered,Bangalore,4
1574,18680,,Male,Clothing,8,3091.1,Cash,Cancelled,Kolkata,2
4359,19589,Rahul,Female,Grocery,9,4209.9,Cash,Delivered,Pune,5
4970,17790,Anuja,Male,Electronics,2,2637.49,UPI,Delivered,Delhi,3
3891,19809,Arjun,Male,Grocery,7,3177.7,Net Banking,Delivered,Hyderabad,4
2214,19498,Pooja,Male,Books,5,2507.23,Net Banking,Delivered,Hyderabad,5
3570,19899,Kiran,Male,Grocery,9,2633.06,Cash,Delivered,Chennai,4
3686,16037,Anuja,Male,Electronics,7,1336.49,Card,Delivered,Hyderabad,3
1537,17959,Arjun,Female,Clothing,8,428.81,UPI,Delivered,Delhi,5
4009,17687,Rahul,Male,Grocery,6,881.54,,Pending,Kolkata,2
1593,17349,Anuja,Female,Furniture,9,4149.77,UPI,Delivered,Delhi,4
3358,13770,Anuja,Male,Clothing,8,2938.28,Cash,Cancelled,Pune,2
4117,10773,Rahul,Male,Electronics,9,4997.06,UPI,Delivered,Pune,4
1161,10142,Anuja,Female,Books,7,3600.63,,Cancelled,Bangalore,2
3136,18179,Arjun,Other,Grocery,6,3416.9,Cash,Pending,Chennai,2
2920,19843,Neha,Male,Furniture,7,460.33,Net Banking,Delivered,Delhi,4
4285,14091,Amit,Female,Books,8,640.54,Net Banking,Delivered,Mumbai,5
4195,19330,Rahul,Male,Furniture,5,3967.54,Net Banking,Cancelled,Kolkata,2
2785,19017,Sneha,Female,Grocery,6,894.14,UPI,Delivered,Hyderabad,4
3274,11860,Pooja,Male,Clothing,3,2833.22,UPI,Delivered,Pune,5
2356,10288,,Male,Grocery,8,3000.15,UPI,Delivered,Hyderabad,3
3283,15166,,Male,Books,8,1137.16,Cash,Delivered,,4
1347,10541,Anuja,Male,Clothing,7,2148.05,UPI,Delivered,Chennai,4
2628,13810,Priya,Female,Clothing,4,4433.42,Card,Delivered,Bangalore,4
4537,11473,Sneha,Male,Books,1,3336.99,Card,Delivered,Hyderabad,5
1237,18448,,Male,Furniture,6,943,Net Banking,Pending,Kolkata,3
3575,11767,Ravi,Male,Grocery,9,2416.17,UPI,Cancelled,Chennai,3
3655,19041,Ravi,Female,Grocery,8,3497.77,Net Banking,Delivered,Delhi,3
2107,11142,Anuja,Female,Grocery,1,3215.03,Card,Delivered,Mumbai,4
3485,13439,Kiran,Female,Furniture,2,2832.83,Net Banking,Delivered,Pune,4
1536,16261,Pooja,Male,Electronics,7,2241.45,Net Banking,Delivered,Hyderabad,4
4332,18190,Pooja,Male,Books,4,4814.68,Cash,Delivered,Hyderabad,4
1386,11977,Anuja,Male,Grocery,4,4782.29,UPI,Delivered,Delhi,4
2500,10654,Pooja,Female,Electronics,9,1194.22,UPI,Returned,Delhi,2
2681,17385,Arjun,Female,Grocery,4,3292.45,Net Banking,Delivered,Chennai,4
3495,13452,Rahul,Other,Grocery,3,875.85,Cash,Delivered,Delhi,3
4389,11150,Priya,Female,Electronics,7,4187.09,Card,Delivered,Kolkata,4
3181,12560,,Female,Electronics,3,3970.12,UPI,Delivered,Bangalore,5
1424,12670,Sneha,Male,Electronics,8,618.47,Net Banking,Cancelled,Hyderabad,1
4414,14050,Arjun,Female,Electronics,7,186.38,Net Banking,Delivered,Hyderabad,4
4351,19353,Amit,Female,Electronics,3,4381.55,UPI,Delivered,Bangalore,4
2649,19390,Rahul,Male,Clothing,3,156.32,Net Banking,Delivered,Mumbai,5
1284,10726,Arjun,Male,Clothing,1,518.61,Cash,Delivered,Bangalore,4
3062,13969,Priya,Female,Electronics,4,4129.01,UPI,Delivered,Delhi,4
1307,15645,Neha,Female,Books,8,1295.87,Cash,Delivered,Bangalore,4
4186,17233,Arjun,Male,Grocery,8,2121.92,Card,Delivered,Mumbai,3
4098,10339,Priya,Female,Electronics,6,4509.84,UPI,Pending,Hyderabad,4
4554,16854,Anuja,Female,Books,5,,Card,Delivered,Hyderabad,5
2262,18490,Anuja,Female,Furniture,3,4435.64,Cash,Delivered,Pune,4
4137,11068,Amit,Male,Electronics,2,2369.72,Net Banking,Pending,Mumbai,3
3466,16312,Kiran,Male,Furniture,2,3543.83,Cash,Cancelled,Pune,2
4035,17749,Ravi,Male,Furniture,9,2883.25,Card,Delivered,Kolkata,4
2635,19909,Arjun,Female,Clothing,2,3953.06,Cash,Pending,Pune,4
3028,13607,Kiran,Female,Grocery,8,2596.38,Card,Pending,Bangalore,3
1038,16651,Arjun,Male,Books,6,4244.02,UPI,Delivered,Delhi,4
4246,13307,Neha,Male,Grocery,6,1384.69,,Delivered,Hyderabad,4
4417,16163,Anuja,Female,Clothing,8,2021.85,,Delivered,Delhi,3
4408,18437,Pooja,Male,Electronics,6,596.95,Net Banking,Delivered,Kolkata,5
3851,11946,Arjun,Male,Clothing,7,4784.73,UPI,Pending,Chennai,3
2174,14270,Amit,Female,Books,9,4712.43,Net Banking,Delivered,Bangalore,4
3106,13465,Amit,Male,Grocery,7,4487.64,Net Banking,Pending,Hyderabad,3
2603,10386,Neha,Male,Clothing,2,2252.81,Cash,Delivered,Kolkata,4
4823,19154,Sneha,Female,Electronics,8,4711.86,Cash,Delivered,Kolkata,4
4261,16657,Amit,Male,Electronics,4,3852.09,Cash,Delivered,Bangalore,4
3137,15969,Neha,Female,Books,2,2506.45,Net Banking,Delivered,Kolkata,4
3721,11037,Amit,Female,Furniture,6,1752.63,,Delivered,Pune,4
3781,19130,Priya,Other,Electronics,2,3938.25,Cash,Delivered,Mumbai,5
2083,16344,Pooja,Female,Clothing,9,644.35,Card,Pending,Delhi,4
1464,14476,Ravi,Female,Grocery,4,3929.84,Card,Delivered,Pune,4
4646,13514,Ravi,Male,Clothing,9,2152.76,UPI,Pending,Pune,3
4421,18933,Anuja,Female,Books,3,550.27,Card,Delivered,Kolkata,4
1779,18366,Anuja,Male,Electronics,8,4415.94,,Delivered,Chennai,4
2333,10113,Kiran,Female,Books,4,200.16,Net Banking,Delivered,Mumbai,4
1878,15629,Sneha,Male,Grocery,6,1182.95,Cash,Delivered,Kolkata,5
4865,16747,Arjun,Female,Books,8,4317.27,Cash,Delivered,Pune,4
3425,11146,Amit,Female,Furniture,3,,Card,Delivered,Mumbai,4
1193,13837,Amit,Female,Clothing,8,1722.73,Card,Cancelled,Hyderabad,1
2895,13861,Pooja,Male,Electronics,2,4752.9,Net Banking,Delivered,Bangalore,4
3235,14812,Sneha,Male,Electronics,9,221.19,UPI,Delivered,Bangalore,4
3168,12691,Sneha,Female,Grocery,9,225.03,Net Banking,Delivered,Mumbai,4
2062,19719,Pooja,Female,Grocery,8,653.83,Cash,Pending,Delhi,3
3208,19030,Rahul,Male,Furniture,5,1991.36,Cash,Delivered,Chennai,4
2262,18191,Arjun,Female,Books,2,389.69,Card,Pending,Delhi,3
4289,15805,Rahul,Female,Furniture,9,4861.33,Card,Delivered,Pune,4
3668,18955,Pooja,Female,Electronics,5,,Net Banking,Delivered,Hyderabad,4
3999,14301,Priya,Other,Furniture,2,3746.82,UPI,Delivered,Pune,3
2682,19969,Sneha,Male,Grocery,7,3389.17,UPI,Pending,Pune,3
3558,11798,Arjun,Other,Grocery,6,1864.79,UPI,Pending,Hyderabad,2
1813,19815,Rahul,Female,Electronics,4,2979.28,UPI,Returned,Delhi,2
2455,12868,Kiran,Male,Books,1,4105.28,Cash,Delivered,Chennai,4
2637,15051,Ravi,Female,Clothing,8,3073.98,Cash,Returned,,1
4721,18585,Pooja,Female,Grocery,8,3429.11,Net Banking,Pending,Kolkata,3
3438,16813,Rahul,Male,Grocery,3,4183,Card,Pending,Chennai,3
3643,13342,Ravi,Female,Furniture,1,247.69,Card,Delivered,Pune,5
2403,17892,Pooja,Male,Books,6,4223.76,Card,Returned,Chennai,2
2722,15608,Kiran,Male,Furniture,3,881.3,Cash,Delivered,Mumbai,4
1587,10710,Sneha,Male,Furniture,4,3342.64,Cash,Delivered,Chennai,4
2695,14460,Ravi,Male,Clothing,2,2364.17,,Delivered,Hyderabad,3
1294,18652,,Female,Furniture,2,,Card,Delivered,Delhi,3
4701,12537,Rahul,Female,Clothing,1,1521.26,UPI,Delivered,Kolkata,5
1204,13584,Kiran,Male,Clothing,9,2381.99,Cash,Delivered,Pune,5
1622,18464,,Male,Books,3,4282.63,Net Banking,Delivered,Delhi,3
4262,18237,Pooja,Female,Electronics,1,2452.8,Card,Delivered,Mumbai,4
4778,17838,Pooja,Female,Clothing,6,3153.69,UPI,Cancelled,Kolkata,1
1123,11391,Ravi,Male,Grocery,1,2853.61,Cash,Cancelled,Bangalore,2
2337,12989,Neha,Female,Electronics,5,1844.7,Net Banking,Delivered,Delhi,4
3176,13751,Ravi,Male,Grocery,1,4693.33,Card,Returned,Hyderabad,2
3767,14753,Neha,Female,Furniture,6,895.79,Cash,Delivered,Mumbai,4
1463,14703,Kiran,Male,Grocery,4,1706.91,Card,Delivered,Delhi,3
1891,12356,Amit,Female,Furniture,1,4037.72,Net Banking,Delivered,Bangalore,5
4117,10941,,Other,Furniture,5,324.16,Card,Delivered,Mumbai,4
3824,13110,Anuja,Male,Electronics,5,2072.36,Net Banking,Delivered,Chennai,4
2274,12338,Sneha,Female,Electronics,6,4445.68,Net Banking,Pending,Hyderabad,2
2585,19257,Amit,Female,Books,1,2199.31,UPI,Delivered,Pune,4
4764,16645,Kiran,Female,Electronics,9,,Card,Pending,Chennai,4
2779,17453,Neha,Female,Furniture,5,1720.31,Net Banking,Delivered,Mumbai,3
1857,12291,Arjun,Female,Clothing,7,2595.67,Net Banking,Delivered,Mumbai,4
4023,10873,Neha,Male,Grocery,2,3310.67,Card,Delivered,Kolkata,4
4899,10973,Rahul,Male,Electronics,2,2521.2,Net Banking,Delivered,Chennai,4
4478,13039,Pooja,Male,Electronics,1,4502.45,Net Banking,Delivered,Chennai,4
4282,10264,Pooja,Other,Electronics,5,2490.74,UPI,Pending,Kolkata,4
4491,17848,Neha,Male,Books,8,262.84,UPI,Delivered,Hyderabad,3
3129,14945,Pooja,Female,Furniture,1,4242.29,Cash,Delivered,Pune,4
3919,19470,Priya,Male,Electronics,3,3676.21,UPI,Delivered,Delhi,4
4218,11505,Kiran,Female,Furniture,3,3897.03,,Delivered,Kolkata,4
1375,17382,Ravi,Male,Grocery,3,1969.28,Cash,Delivered,Hyderabad,4
1499,19669,Neha,Male,Electronics,3,2410.53,Card,Pending,Kolkata,3
4851,10237,Sneha,Female,Books,1,1805.22,Card,Cancelled,,1
3832,17492,Pooja,Female,Books,8,,Net Banking,Delivered,Bangalore,4
3200,15497,Ravi,Other,Furniture,4,2443.75,Card,Returned,Delhi,2
4354,10333,Sneha,Female,Grocery,5,4085.02,Net Banking,Delivered,Chennai,5
1954,10393,,Female,Furniture,4,4797.64,Net Banking,Cancelled,Delhi,2
1920,18026,,Male,Clothing,6,1305.39,Card,Delivered,Mumbai,3
2207,15796,Anuja,Male,Furniture,4,,Card,Delivered,Mumbai,3
4845,14155,Rahul,Male,Furniture,9,4545.4,UPI,Delivered,Delhi,4
1528,16851,Pooja,Male,Grocery,1,4288.93,UPI,Delivered,Pune,4
3742,12861,,Male,Electronics,3,719.04,,Pending,Pune,3
4256,11485,Kiran,Male,Books,5,3356.28,UPI,Delivered,Bangalore,4
3232,17511,Amit,Female,Furniture,9,4456.59,Card,Delivered,Hyderabad,4
3764,16450,Rahul,Female,Books,4,2776.16,Cash,Cancelled,Kolkata,2
2930,10919,Amit,Female,Clothing,8,2594.07,UPI,Delivered,Mumbai,3
1261,19294,Ravi,Female,Electronics,1,2667.31,UPI,Delivered,Delhi,5
4368,17574,Amit,Male,Electronics,7,2628.41,UPI,Pending,Mumbai,3
3976,13436,Rahul,Female,Books,5,393.49,Net Banking,Pending,,3
2035,17370,Anuja,Male,Furniture,7,4163.95,Card,Delivered,Bangalore,4
3657,15264,Priya,Female,Books,2,2655.8,Card,Pending,Bangalore,4
3476,16356,,Male,Clothing,8,3414.21,Card,Delivered,Mumbai,4
2856,11565,Amit,Female,Electronics,6,1487.58,Cash,Delivered,Kolkata,4
1973,12732,Kiran,Female,Grocery,2,2189.37,Cash,Returned,Kolkata,2
2961,13022,Kiran,Male,Clothing,4,2131.38,Cash,Delivered,Kolkata,4
3961,10508,Kiran,Female,Clothing,3,3423.8,Cash,Pending,Bangalore,2
3353,16152,Anuja,Male,Books,2,1440.71,UPI,Returned,Bangalore,1
2682,15703,Kiran,Female,Books,6,1806.51,Cash,Delivered,Delhi,4
2486,16739,Pooja,Female,Clothing,3,944.06,Net Banking,Delivered,Kolkata,4
1468,15965,Neha,Female,Books,7,2973.89,Card,Delivered,Pune,4
1058,10496,Amit,Male,Furniture,9,4712.82,Net Banking,Pending,Kolkata,3
4530,18127,Sneha,Female,Electronics,7,3674.34,Cash,Cancelled,Chennai,2
4604,17740,Amit,Male,Books,2,3029.46,Card,Delivered,,4
4587,19735,Pooja,Male,Clothing,4,625.6,UPI,Delivered,Pune,5
4602,10947,Priya,Female,Clothing,6,1101.22,Card,Delivered,Hyderabad,4
2900,18177,Amit,Male,Electronics,9,4802.84,Cash,Delivered,Chennai,3
3224,11129,Rahul,Female,Electronics,3,,Cash,Cancelled,Pune,2
4856,10306,Priya,Male,Grocery,6,1313.53,UPI,Delivered,Kolkata,3
4897,10901,,Female,Electronics,8,3152.91,Cash,Delivered,Kolkata,4
1337,15105,Priya,Female,Electronics,9,1792.19,,Pending,Hyderabad,3
1356,10564,Kiran,Female,Electronics,4,4512.78,Net Banking,Delivered,Kolkata,3
3336,18073,Ravi,Female,Books,8,4964.26,UPI,Delivered,Pune,3
1084,15489,Kiran,Male,Books,4,2028.65,UPI,Delivered,Bangalore,4
3810,15153,Anuja,Male,Electronics,4,1578.83,Cash,Delivered,Kolkata,4
3994,13032,,Female,Clothing,7,3163.66,UPI,Cancelled,Bangalore,2
2327,17400,Anuja,Male,Clothing,8,4489.64,UPI,Delivered,Hyderabad,5
2601,15955,Priya,Male,Grocery,5,429.56,Card,Delivered,Mumbai,4
3437,13420,Amit,Female,Electronics,8,4165.58,Card,Delivered,Pune,5
2710,18512,Kiran,Female,Electronics,1,542.49,UPI,Delivered,Pune,4
2101,15402,Amit,Male,Electronics,7,1983.62,UPI,Delivered,Pune,4
2576,19054,Sneha,Male,Clothing,3,1704.24,Card,Cancelled,Chennai,2
4432,10879,Sneha,Female,Grocery,1,2915.13,UPI,Delivered,Pune,3
3042,12686,Neha,Female,Clothing,4,,Card,Delivered,Pune,5
3686,12169,Neha,Male,Furniture,1,,UPI,Delivered,Chennai,4
2045,15360,Priya,Male,Books,2,3739.34,Card,Pending,Chennai,3
4890,17394,Sneha,Male,Furniture,2,1654.81,Card,Delivered,Kolkata,4
2319,10858,Kiran,Male,Furniture,9,2006.98,,Delivered,Hyderabad,4
2146,16286,Kiran,Female,Books,4,1025.38,UPI,Cancelled,Bangalore,1
1134,19399,Sneha,Male,Clothing,9,4574.67,Cash,Delivered,Pune,5
3842,16719,Arjun,Male,Grocery,2,,Cash,Pending,Pune,3
2392,13980,Sneha,Female,Clothing,8,1685.03,Cash,Returned,Pune,3
1815,13985,Neha,Male,Books,9,1722.73,UPI,Delivered,Pune,4
2901,14727,Amit,Male,Grocery,1,4002.76,Net Banking,Pending,Pune,3
2245,19937,Neha,Female,Electronics,6,4647.28,Cash,Delivered,Hyderabad,4
4358,19430,Priya,Male,Furniture,1,2289.55,Net Banking,Delivered,Bangalore,5
2983,16581,Neha,Female,Electronics,2,4863.07,UPI,Delivered,Delhi,5
3883,19497,Ravi,Female,Grocery,4,2162.29,Cash,Pending,Hyderabad,4
3393,12765,Neha,Female,Furniture,3,1598.8,Card,Delivered,Delhi,4
1359,12615,Kiran,Female,Grocery,5,3785.32,UPI,Delivered,Mumbai,4
4523,15375,Arjun,Other,Furniture,4,4422.48,Card,Delivered,Hyderabad,4
4814,18983,Pooja,Other,Books,2,3802.18,Card,Cancelled,Mumbai,2
4900,14317,Amit,Female,Furniture,8,4387,UPI,Delivered,Bangalore,4
4054,19795,Amit,Male,Grocery,5,1062.53,UPI,Delivered,Kolkata,3
3284,13603,Pooja,Female,Grocery,3,2262.02,UPI,Pending,Delhi,3
2400,14222,Neha,Male,Books,8,3487.87,Net Banking,Delivered,Pune,3
1471,16647,Priya,Male,Grocery,1,2701.39,Net Banking,Delivered,Bangalore,4
4055,19600,Pooja,Female,Electronics,5,1324.7,UPI,Delivered,Kolkata,4
3285,14297,Rahul,Male,Furniture,4,3692.46,Cash,Delivered,Hyderabad,4
2703,10049,Kiran,Male,Electronics,5,4984.04,Cash,Delivered,Chennai,4
2679,13670,Neha,Male,Clothing,7,4765.69,,Cancelled,Bangalore,2
3004,16323,Sneha,Male,Furniture,4,2889.82,UPI,Delivered,Chennai,4
3727,12649,Amit,Other,Clothing,3,2760.13,Cash,Delivered,Mumbai,4
4286,19025,Ravi,Male,Clothing,9,2959.49,Net Banking,Delivered,Bangalore,4
2972,11656,Anuja,Male,Books,1,927.26,Net Banking,Pending,Bangalore,3
4526,19954,Rahul,Female,Grocery,5,3764.35,Net Banking,Delivered,Pune,4
1129,18342,Kiran,Male,Furniture,7,4829.67,Net Banking,Cancelled,Mumbai,2
3721,19968,Rahul,Female,Electronics,3,3285.15,UPI,Delivered,Bangalore,5
3039,15095,Priya,Female,Books,7,4754.86,Cash,Delivered,Bangalore,5
4160,16632,Rahul,Male,Grocery,8,2435.89,UPI,Delivered,Delhi,3
2054,16486,Anuja,Male,Books,8,2582.26,Cash,Cancelled,Hyderabad,2
2991,12672,Kiran,Female,Books,9,2294.31,Card,Delivered,Delhi,4
3082,13072,Arjun,Male,Books,6,2640.33,Card,Delivered,Bangalore,3
4920,11309,Rahul,Male,Furniture,2,473.72,Net Banking,Delivered,,4
4341,13194,Amit,Other,Grocery,5,3678.95,Cash,Cancelled,Mumbai,1
4730,19389,Kiran,Female,Grocery,1,3039.25,UPI,Cancelled,Pune,3
4334,16249,Priya,Male,Clothing,3,305.74,Net Banking,Delivered,Bangalore,4
2994,16895,Ravi,Female,Books,6,1490.83,Card,Delivered,Bangalore,5
2825,19663,Ravi,Male,Clothing,3,1471.52,Cash,Cancelled,Chennai,2
2107,12389,Neha,Female,Grocery,3,2079.97,UPI,Delivered,Kolkata,5
4920,10637,Rahul,Female,Grocery,6,2545.09,Card,Delivered,Delhi,3
3525,14878,Pooja,Male,Grocery,4,4855.08,Cash,Pending,Pune,4
1901,19063,Kiran,Male,Furniture,4,3912.86,Cash,Pending,,2
3996,19321,Kiran,Female,Grocery,4,4940.32,Net Banking,Pending,Chennai,3
3973,11936,Amit,Female,Grocery,8,3905.9,UPI,Delivered,,3
3055,17964,Kiran,Male,Furniture,8,1060.3,Net Banking,Returned,Mumbai,2
1105,11756,Pooja,Female,Electronics,3,4753.91,Net Banking,Delivered,Pune,4
3126,18721,Sneha,Male,Electronics,9,4713.85,Cash,Delivered,Chennai,4
4749,19431,Anuja,Male,Books,7,3221.42,Net Banking,Delivered,Delhi,5
4501,16344,,Male,Books,1,,Card,Delivered,Pune,4
1288,11586,Neha,Female,Furniture,5,,Card,Cancelled,Bangalore,2
1974,17844,Amit,Female,Books,4,1300.95,UPI,Returned,Mumbai,3
2326,18076,Priya,Female,Grocery,9,4121.02,Net Banking,Delivered,Delhi,4
3896,16199,Anuja,Female,Electronics,4,2736.42,UPI,Delivered,Pune,4
2346,10076,Neha,Female,Electronics,4,1377.91,Net Banking,Delivered,Chennai,5
3606,10916,Kiran,Female,Furniture,1,4434.75,Card,Delivered,Bangalore,4
2213,14544,Arjun,Male,Furniture,6,3558.23,Cash,Delivered,Chennai,4
4349,16606,Sneha,Male,Grocery,5,4531.61,Card,Cancelled,Delhi,2
4266,12551,Ravi,Male,Books,3,3598.47,Cash,Delivered,Chennai,4
1796,11385,Anuja,Male,Clothing,4,4247.88,UPI,Delivered,Chennai,3
3933,14242,Arjun,Male,Electronics,6,3923.5,Card,Delivered,Kolkata,4
4609,18981,Rahul,Other,Electronics,2,1917.09,Card,Cancelled,Kolkata,1
3817,17041,Kiran,Male,Grocery,7,1294.19,Cash,Delivered,Chennai,4
1154,13865,Priya,Female,Clothing,7,112.09,UPI,Delivered,Chennai,3
4170,15912,,Male,Clothing,6,2513.09,UPI,Delivered,Chennai,4
2299,16053,Pooja,Female,Electronics,1,4206.46,Card,Cancelled,,3
4332,19952,Amit,Male,Grocery,4,1404.29,Cash,Delivered,Mumbai,4
2772,14941,Neha,Female,Furniture,3,845.98,Card,Delivered,Bangalore,4
4188,12985,Rahul,Female,Furniture,6,4668.06,Net Banking,Delivered,Kolkata,3
4387,10868,Amit,Male,Furniture,9,3222.53,Card,Delivered,Mumbai,5
2960,18015,Amit,Female,Grocery,9,,Card,Delivered,Pune,3
1963,19867,Ravi,Female,Furniture,1,1038.44,UPI,Delivered,Chennai,4
2319,13317,Neha,Male,Electronics,4,431.3,,Delivered,Delhi,4
3929,16301,Kiran,Female,Furniture,1,4737.28,Card,Delivered,Mumbai,3
4775,17957,Amit,Female,Furniture,6,2062.01,UPI,Delivered,Hyderabad,4
1058,10496,Amit,Male,Furniture,9,4712.82,Net Banking,Pending,Kolkata,2
4008,18471,Anuja,Male,Furniture,6,4268.1,UPI,Delivered,Mumbai,4
2914,18974,Neha,Female,Furniture,9,,Cash,Pending,Mumbai,4
4058,12015,Arjun,Male,Furniture,1,126.36,Net Banking,Pending,,4
4810,11155,Sneha,Male,Clothing,7,2439.13,Net Banking,Cancelled,Kolkata,2
3277,12817,Arjun,Female,Furniture,1,1521.56,Net Banking,Delivered,Pune,5
2910,13659,Priya,Female,Clothing,2,4267.21,UPI,Delivered,Kolkata,5
2866,18194,Kiran,Male,Clothing,2,434.46,Card,Delivered,Mumbai,4
1978,15257,Arjun,Female,Clothing,7,4331.39,Net Banking,Delivered,Kolkata,3
2021,10544,Pooja,Female,Grocery,1,3327.26,UPI,Delivered,Mumbai,4
4948,17378,Neha,Male,Furniture,2,4931.81,Card,Pending,Bangalore,3
4308,18709,,Male,Books,6,4476.37,Card,Delivered,Hyderabad,5
3710,13097,Arjun,Male,Grocery,9,2580.17,Cash,Delivered,Kolkata,5
2058,13026,Ravi,Female,Grocery,6,4498.02,UPI,Pending,Bangalore,3
4111,17836,Rahul,Female,Clothing,4,4576.17,Cash,Delivered,Chennai,4
3883,18766,Sneha,Female,Clothing,6,1451.76,,Delivered,Delhi,5
2089,19762,Pooja,Female,Electronics,5,,Card,Delivered,Pune,4
4618,15429,Amit,Other,Electronics,2,714.97,Net Banking,Delivered,Pune,4
3608,17379,Pooja,Female,Furniture,2,988.65,Card,Delivered,Mumbai,5
4775,11004,Rahul,Female,Clothing,6,4964.64,UPI,Pending,Hyderabad,3
3885,11875,Priya,Male,Books,1,126.29,Net Banking,Cancelled,Hyderabad,2
4010,12665,Sneha,Male,Furniture,3,4142.37,Cash,Pending,Chennai,2
1984,12607,Amit,Female,Books,1,4109.34,UPI,Delivered,Hyderabad,4
2030,11895,Arjun,Male,Books,9,2059.6,Card,Pending,Kolkata,4
4236,11468,Arjun,Female,Books,8,1851.32,UPI,Delivered,Chennai,4
4313,15249,Arjun,Male,Clothing,3,355.71,Net Banking,Delivered,Delhi,4
1838,11920,Sneha,Male,Books,6,3565.64,Card,Pending,Bangalore,3
4190,12971,Sneha,Male,Books,4,1897.71,Net Banking,Delivered,Bangalore,4
4046,16416,Arjun,Female,Furniture,9,1810.74,Cash,Cancelled,Mumbai,2
4962,13089,Kiran,Female,Clothing,4,1472.13,Cash,Delivered,Kolkata,4
2409,16368,Ravi,Male,Furniture,2,3788.46,UPI,Pending,Bangalore,3
3533,19605,Sneha,Female,Electronics,2,4284.61,,Delivered,,4
1353,15008,Priya,Male,Clothing,7,365.16,Card,Delivered,Hyderabad,4
1858,11461,Arjun,Female,Books,6,2729.37,Card,Delivered,Hyderabad,4
1648,10494,Kiran,Female,Books,6,2301.4,Net Banking,Pending,Kolkata,4
1778,13389,Rahul,Female,Books,1,3687.16,Cash,Delivered,Mumbai,5
1779,14317,Amit,Male,Clothing,6,692.51,Net Banking,Delivered,Mumbai,4
3236,11976,Priya,Male,Books,3,4784.99,,Delivered,Delhi,4
2799,17714,Priya,Male,Electronics,6,3243.82,Net Banking,Delivered,Delhi,3
1709,13770,Sneha,Female,Electronics,4,,UPI,Delivered,Delhi,4
4353,12646,Rahul,Female,Books,3,4304.97,Card,Delivered,Mumbai,4
3156,11663,Sneha,Other,Books,2,3162.57,Net Banking,Delivered,Bangalore,4
4814,17707,Neha,Female,Furniture,6,3827.49,UPI,Delivered,Pune,5
2772,14682,Neha,Male,Books,2,3917.76,Cash,Delivered,Bangalore,5
4618,18098,Sneha,Female,Books,5,1772.26,UPI,Pending,Chennai,2
2367,15672,Pooja,Male,Furniture,9,1002.12,Net Banking,Delivered,Kolkata,4
2434,19416,Sneha,Male,Furniture,7,3458.18,Card,Delivered,Pune,4
4642,10628,Anuja,Female,Grocery,2,2888.88,Card,Delivered,Delhi,5
4870,11075,Priya,Male,Clothing,6,1517.59,Card,Delivered,Kolkata,4
2783,10607,Amit,Male,Books,5,4779.82,Net Banking,Delivered,Mumbai,4
1056,13424,Kiran,Male,Electronics,8,341.07,Card,Delivered,Pune,5
2514,15397,Sneha,Male,Grocery,5,2925.38,,Delivered,Kolkata,4
3659,13428,Arjun,Male,Clothing,8,664.56,Net Banking,Delivered,Hyderabad,3
2380,18641,Anuja,Female,Clothing,8,208.93,UPI,Delivered,Delhi,3
3861,19656,Anuja,Male,Grocery,4,2435,,Pending,Chennai,3
4569,12035,Ravi,Female,Electronics,7,229.44,Net Banking,Delivered,Chennai,4
2472,15448,Ravi,Female,Grocery,8,137.06,Cash,Delivered,Kolkata,4
3768,14537,Priya,Female,Grocery,7,3487.33,Net Banking,Cancelled,Bangalore,1
2635,11213,Pooja,Male,Electronics,3,795.58,Net Banking,Delivered,Kolkata,4
1277,18201,Anuja,Female,Books,5,2197.03,UPI,Cancelled,Delhi,2
2693,15801,Pooja,Male,Furniture,7,3666.77,Card,Delivered,Bangalore,3
4427,16732,Amit,Female,Clothing,6,3665.34,Net Banking,Pending,Pune,2
2438,16310,Anuja,Male,Grocery,7,225.59,UPI,Delivered,Chennai,3
3139,15984,Priya,Male,Books,3,4054.31,Net Banking,Pending,Pune,3
4665,16468,Pooja,Male,Electronics,9,3290.37,Cash,Pending,Delhi,3
4228,11500,Neha,Male,Furniture,5,2996.92,Cash,Delivered,Delhi,4
4755,15897,Pooja,Male,Clothing,6,4369.69,Card,Returned,Kolkata,2
2428,11030,Anuja,Female,Furniture,9,890.17,UPI,Cancelled,Delhi,2
2716,13190,Amit,Male,Clothing,2,4892.24,Card,Delivered,Pune,5
4366,10337,Neha,Female,Electronics,9,1113.13,,Delivered,,4
3294,15419,Priya,Male,Electronics,2,,Cash,Cancelled,Kolkata,2
3374,12962,Kiran,Male,Books,6,2512.97,Cash,Delivered,Pune,4
4065,12429,Kiran,Male,Clothing,6,3547.67,UPI,Delivered,Hyderabad,4
2542,14517,Anuja,Female,Clothing,5,2183.72,Cash,Returned,Delhi,1
2553,18985,,Female,Grocery,6,1893.85,Net Banking,Delivered,Kolkata,5
4681,14736,Pooja,Female,Furniture,4,1241.21,Net Banking,Delivered,Pune,3
2319,12478,Pooja,Male,Furniture,3,2009.3,Card,Delivered,Kolkata,4
2091,17723,Priya,Male,Furniture,2,1838.36,Cash,Delivered,Mumbai,4
4701,12537,Rahul,Female,Clothing,1,1521.26,UPI,Delivered,Kolkata,4
1434,16056,Rahul,Female,Grocery,8,3045.26,,Pending,Delhi,3
1379,18625,Rahul,Male,Books,5,4702.5,Net Banking,Delivered,Pune,5
4294,19359,Pooja,Female,Electronics,5,1388.02,Card,Delivered,Mumbai,3
2379,11239,Pooja,Female,Furniture,8,3035.9,Net Banking,Delivered,,4
2390,13599,Neha,Female,Books,2,4830,Card,Delivered,Mumbai,5
3946,15356,Ravi,Male,Clothing,7,528.42,Card,Delivered,Kolkata,4
3413,13046,Sneha,Female,Clothing,6,3882.58,UPI,Delivered,Delhi,3
4818,15387,Priya,Male,Clothing,3,1219.55,Net Banking,Delivered,,4
4350,15080,Neha,Female,Grocery,2,4222.77,Card,Delivered,Pune,5
1102,13476,Priya,Female,Furniture,8,4900.39,Net Banking,Delivered,Mumbai,3
2822,17162,Rahul,Male,Clothing,1,1807.08,Cash,Delivered,Pune,4
1909,16655,Kiran,Male,Clothing,4,1494.36,UPI,Delivered,Delhi,4
3979,15704,Priya,Female,Books,8,4512.73,Cash,Pending,Pune,2
4694,19604,Neha,Male,Books,4,1036.28,Cash,Delivered,Hyderabad,4
3507,19361,Rahul,Male,Books,9,3977.64,Cash,Pending,Mumbai,2
4450,17720,Sneha,Male,Furniture,9,2303.95,Card,Delivered,Chennai,3
3921,16176,Sneha,Male,Grocery,6,325.73,Net Banking,Delivered,Hyderabad,4
3803,12389,Priya,Female,Furniture,7,687.11,UPI,Pending,Hyderabad,3
2141,15293,Ravi,Female,Grocery,2,2987.18,Net Banking,Pending,Chennai,3
2301,18002,Arjun,Female,Furniture,4,3979.81,Net Banking,Pending,Delhi,3
2526,15616,Ravi,Female,Books,1,4968.82,Net Banking,Pending,Chennai,2
4427,19108,Anuja,Male,Electronics,1,1983.14,Net Banking,Returned,Kolkata,2
2570,13845,Ravi,Male,Clothing,3,1612.96,,Delivered,Hyderabad,4
2086,13830,Arjun,Male,Electronics,1,4013.13,UPI,Pending,Chennai,4
3046,13909,Sneha,Female,Clothing,5,1257.2,UPI,Cancelled,Hyderabad,2
4770,12206,Rahul,Other,Electronics,8,3670.1,Cash,Returned,,3
4588,19921,,Male,Books,1,1154.9,UPI,Returned,Hyderabad,2
2231,17711,,Female,Furniture,9,,UPI,Delivered,Hyderabad,4
3043,19449,Sneha,Other,Clothing,7,3615.14,UPI,Delivered,Pune,4
2064,18096,Arjun,Male,Grocery,5,2251.61,Card,Delivered,Hyderabad,4
4485,15785,Arjun,Male,Grocery,1,2219.36,Card,Delivered,Chennai,3
3300,10267,Priya,Male,Furniture,2,,Cash,Delivered,Hyderabad,4
3908,14507,Anuja,Male,Books,8,3094.9,Card,Delivered,Bangalore,4
2869,16089,,Female,Electronics,4,4172.08,Net Banking,Delivered,,3
3092,10521,Pooja,Male,Books,6,3417.12,Net Banking,Delivered,Bangalore,3
2278,15425,Kiran,Female,Furniture,7,3875.89,Cash,Cancelled,Kolkata,3
1560,15189,Arjun,Female,Electronics,3,2088.94,Net Banking,Delivered,Kolkata,4
2772,13264,Anuja,Male,Clothing,9,4600.17,Cash,Pending,Hyderabad,3
2609,10888,,Male,Electronics,1,1233.41,Card,Pending,Mumbai,4
3089,15752,Arjun,Female,Clothing,4,2794.21,Card,Cancelled,Mumbai,2
2878,14488,Rahul,Male,Electronics,7,4255.63,Cash,Delivered,Pune,4
2943,19357,Priya,Male,Clothing,6,4247.29,Card,Delivered,Delhi,5
3506,14243,Arjun,Male,Grocery,2,,Card,Delivered,Pune,4
1336,18620,Arjun,Female,Books,4,1508.7,Cash,Cancelled,Delhi,2
1741,13088,Anuja,Female,Grocery,8,2663.01,Cash,Delivered,Pune,4
1702,18524,Arjun,Female,Furniture,5,4605.78,Card,Pending,Pune,2
1111,17562,Neha,Female,Electronics,4,2843.32,Card,Delivered,Pune,3
1731,10065,Arjun,Male,Grocery,7,1991.12,Card,Delivered,Hyderabad,3
1357,16579,,Female,Furniture,7,541.69,Net Banking,Pending,,3
1643,18803,Anuja,Male,Electronics,4,3421.78,Cash,Delivered,Delhi,4
1905,17252,Amit,Male,Grocery,5,2470.75,Card,Delivered,Chennai,4
4300,13384,Rahul,Male,Clothing,4,3473.9,UPI,Pending,Pune,3
4693,16107,Kiran,Male,Books,7,3278.73,Net Banking,Cancelled,Mumbai,1
3273,16902,Rahul,Male,Books,6,3809.94,Cash,Pending,Bangalore,3
1606,19030,Kiran,Male,Clothing,8,606.96,Cash,Delivered,Mumbai,4
1456,10764,Ravi,Female,Grocery,3,3296.67,Card,Delivered,Hyderabad,5
3328,10950,Ravi,Female,Furniture,8,3192.66,Card,Pending,Bangalore,3
3381,11563,Anuja,Female,Grocery,1,441.39,Net Banking,Delivered,Kolkata,5
1698,15131,Sneha,Male,Furniture,2,1713.63,Cash,Delivered,Chennai,4
2012,12823,Amit,Male,Books,9,2307.26,UPI,Cancelled,Kolkata,3
2423,11100,Arjun,Male,Electronics,7,3666.19,Cash,Pending,Mumbai,2
2678,16537,Rahul,Male,Furniture,9,636.61,Card,Returned,Delhi,2
2909,13905,Priya,Female,Books,6,4380.03,Card,Cancelled,Mumbai,2
1886,11725,Kiran,Female,Furniture,4,964.9,Card,Delivered,Kolkata,3
3442,13442,Pooja,Other,Furniture,3,252.31,UPI,Delivered,Chennai,5
1760,12233,Arjun,Female,Furniture,5,535.1,Net Banking,Delivered,Chennai,5
1013,15318,Anuja,Female,Electronics,2,4898.46,Cash,Delivered,Bangalore,4
2968,14734,Amit,Female,Grocery,1,3344.48,Card,Delivered,Hyderabad,4
3617,14042,Arjun,Male,Books,4,2091.68,UPI,Delivered,Delhi,3
3866,17187,Sneha,Male,Clothing,3,2053.17,Net Banking,Delivered,Hyderabad,4
2008,10782,Kiran,Female,Clothing,8,2170.09,Cash,Delivered,Delhi,4
4158,18976,Ravi,Female,Clothing,9,2303.4,Card,Delivered,Pune,4
2697,17835,Anuja,Female,Grocery,2,4972.46,Card,Pending,,3
3081,18563,Pooja,Female,Furniture,2,4187.34,UPI,Delivered,Hyderabad,3
3139,14507,Neha,Female,Electronics,2,,Card,Delivered,Chennai,3
3474,14118,Rahul,Female,Clothing,7,1704.21,Card,Pending,Bangalore,3
2591,15760,,Female,Grocery,7,4251.1,Cash,Delivered,Mumbai,3
4418,12964,Neha,Female,Grocery,4,3391.95,Cash,Returned,Delhi,3
4314,17320,Amit,Female,Clothing,3,3874.11,,Delivered,Delhi,3
1951,12765,,Female,Clothing,8,2395.28,Cash,Delivered,Delhi,4
2136,14907,Pooja,Female,Electronics,6,513.98,Cash,Pending,Hyderabad,4
2560,13017,Ravi,Female,Grocery,6,1452.26,Net Banking,Delivered,Kolkata,4
2356,19231,Ravi,Female,Clothing,1,2074.33,UPI,Delivered,Pune,3
2111,15062,Amit,Male,Clothing,8,1503.7,Net Banking,Delivered,Kolkata,5
3150,19524,Arjun,Male,Books,4,2937.68,,Pending,Chennai,2
3808,16017,Pooja,Male,Books,2,3532.69,Cash,Delivered,Kolkata,4
2070,16875,Neha,Male,Grocery,9,2036.54,UPI,Delivered,Delhi,5
1489,13872,Arjun,Female,Grocery,7,646.13,Card,Pending,Delhi,3
4483,18785,Pooja,Female,Electronics,6,4698.01,Net Banking,Delivered,Pune,3
1147,19855,Amit,Male,Electronics,7,,Net Banking,Delivered,Chennai,5
4888,19609,Rahul,Male,Electronics,6,3476,UPI,Delivered,Mumbai,3
3135,15378,Kiran,Female,Electronics,5,3004.37,UPI,Delivered,Kolkata,4
2874,10533,Pooja,Male,Furniture,3,1454.79,Card,Returned,Chennai,2
1110,13966,Priya,Female,Furniture,3,467.37,Card,Delivered,Mumbai,4
2534,15346,,Male,Electronics,1,2859.29,UPI,Delivered,Hyderabad,4
3345,18007,Ravi,Female,Books,3,1990.84,Net Banking,Cancelled,Kolkata,1
4354,19322,Rahul,Male,Furniture,2,1494.73,Card,Delivered,,5
4688,14537,Rahul,Male,Electronics,2,3054.29,Net Banking,Delivered,Delhi,4
4427,17758,Neha,Other,Books,4,4933.65,Cash,Pending,Kolkata,3
2391,15950,Amit,Female,Books,6,2682.98,Cash,Pending,Bangalore,3
1643,15056,Amit,Female,Grocery,5,368.89,Card,Cancelled,Hyderabad,2
2079,14722,Neha,Female,Furniture,2,699.48,Card,Delivered,Bangalore,4
3169,11879,Sneha,Female,Furniture,8,834.1,UPI,Delivered,Mumbai,4
4344,17137,Rahul,Female,Books,4,3897.88,Net Banking,Delivered,Delhi,4
1818,14162,Amit,Male,Clothing,8,965.03,Card,Cancelled,Pune,3
3461,18664,Anuja,Female,Clothing,1,1284.58,Card,Delivered,,4
4696,18991,Amit,Male,Grocery,4,1412,Net Banking,Delivered,Pune,5
1002,10329,Amit,Male,Grocery,8,4649.35,UPI,Delivered,Chennai,4
1902,10625,Amit,Male,Books,4,753.21,Net Banking,Delivered,Chennai,5
1637,15492,Arjun,Female,Electronics,2,887.23,Cash,Delivered,Pune,5
4266,15758,Sneha,Female,Grocery,4,4978.67,Card,Delivered,Bangalore,4
1433,11286,Kiran,Female,Furniture,4,2348.59,Card,Delivered,Hyderabad,4
1959,15872,Ravi,Female,Clothing,9,3054.25,Net Banking,Pending,,3
1342,18509,Sneha,Female,Books,8,4186.97,Card,Delivered,Mumbai,4
3556,14817,Priya,Female,Furniture,8,4959.33,,Delivered,Bangalore,4
1573,16707,,Female,Furniture,2,1315.02,Net Banking,Pending,Mumbai,3
4215,14829,Anuja,Male,Clothing,7,1439.64,Net Banking,Delivered,Hyderabad,4
3805,11140,Arjun,Female,Electronics,6,700.26,UPI,Delivered,Mumbai,4
1623,19896,Ravi,Female,Clothing,4,2355.28,UPI,Delivered,Chennai,4
1791,14200,Pooja,Male,Furniture,3,4583.07,Net Banking,Cancelled,Mumbai,1
4625,19475,Kiran,Female,Grocery,6,1271.86,Card,Delivered,Kolkata,4
4416,10388,Sneha,Female,Books,1,2268.8,UPI,Delivered,Mumbai,4
2755,10539,,Female,Grocery,2,2993.88,UPI,Delivered,Delhi,4
3226,14983,Anuja,Male,Furniture,2,2562.06,Card,Delivered,Pune,5
2213,10814,Arjun,Other,Books,1,1711.91,UPI,Cancelled,Mumbai,1
3420,10877,Pooja,Male,Electronics,6,3665.24,UPI,Delivered,Mumbai,4
3126,18689,Pooja,Male,Grocery,5,4980.94,Card,Returned,Chennai,3
4262,13358,Anuja,Male,Clothing,3,3874.49,Cash,Pending,Hyderabad,4
2294,11019,Arjun,Female,Electronics,5,,Net Banking,Delivered,Chennai,3
1552,12377,Sneha,Female,Clothing,5,2991.17,Net Banking,Pending,Chennai,4
3694,15819,Ravi,Male,Books,2,2124.16,Card,Pending,Pune,3
4595,14814,Neha,Male,Furniture,5,478.88,Card,Delivered,Hyderabad,4
2969,17638,Amit,Female,Furniture,5,4869.61,Card,Delivered,Hyderabad,4
4119,14395,Neha,Male,Electronics,1,3415,Net Banking,Cancelled,Delhi,2
4191,16372,Rahul,Male,Books,3,3653.28,Net Banking,Delivered,Chennai,4
3349,18419,Arjun,Female,Electronics,9,4153.45,Card,Delivered,Hyderabad,4
4806,11354,,Male,Grocery,7,438.38,Cash,Delivered,Kolkata,3
3569,14075,Sneha,Male,Grocery,6,1692.79,Card,Returned,Bangalore,3
1016,13959,Rahul,Female,Clothing,9,4392.26,UPI,Delivered,Delhi,4
1892,17596,Rahul,Male,Electronics,3,1881.8,Net Banking,Cancelled,Mumbai,1
2855,13744,Sneha,Male,Grocery,5,2959.73,Card,Pending,,3
2255,18046,Pooja,Male,Clothing,8,426.49,Card,Delivered,Chennai,4
2876,16474,Ravi,Female,Clothing,1,1182.84,Card,Pending,Bangalore,3
1474,10759,Sneha,Female,Clothing,9,,UPI,Delivered,Delhi,5
3860,16168,Sneha,Female,Electronics,2,2506.56,Cash,Delivered,Kolkata,3
2881,15767,Anuja,Female,Clothing,3,4311,Net Banking,Cancelled,Kolkata,2
4850,10235,Priya,Male,Clothing,6,4292.89,UPI,Delivered,Hyderabad,4
3300,15288,Priya,Female,Grocery,4,3305.81,Cash,Delivered,Bangalore,4
3300,15309,Sneha,Male,Furniture,3,3366.39,Cash,Delivered,Pune,4
2511,16230,Neha,Male,Books,7,4889.54,UPI,Delivered,Pune,4
1634,16565,Anuja,Female,Grocery,8,4359.21,UPI,Delivered,Bangalore,4
3760,15606,Sneha,Male,Grocery,7,451.27,Card,Delivered,Chennai,5
4348,18418,Ravi,Female,Books,9,1755.66,Card,Delivered,Bangalore,4
4318,10105,Amit,Female,Electronics,3,3298.79,Cash,Delivered,Delhi,5
3156,15620,Amit,Male,Electronics,5,2073.5,Card,Delivered,Bangalore,4
2066,19941,Priya,Female,Grocery,3,3459.56,UPI,Pending,Bangalore,3
4461,10700,Anuja,Female,Clothing,7,4212.62,Card,Delivered,Kolkata,4
2906,14179,Sneha,Female,Grocery,5,2549.31,Card,Delivered,Delhi,4
4102,17430,Rahul,Female,Furniture,3,1287.08,Net Banking,Delivered,Hyderabad,4
3861,15695,Pooja,Female,Electronics,1,,Card,Delivered,Bangalore,4
4645,16533,Amit,Male,Clothing,7,4135.37,Card,Returned,Pune,2
1772,11912,Anuja,Male,Grocery,5,2754.61,UPI,Delivered,Mumbai,4
2772,13346,Anuja,Female,Electronics,1,3561.19,Card,Pending,Chennai,3
3294,13051,Pooja,Male,Furniture,3,366.52,UPI,Delivered,Chennai,4
4430,15692,Ravi,Male,Grocery,3,527.25,Net Banking,Pending,Pune,4
2847,19953,Priya,Female,Electronics,8,2173.88,UPI,Pending,Hyderabad,4
1292,15539,Pooja,Female,Electronics,1,1033.58,Net Banking,Delivered,Pune,5
4714,11741,Arjun,Female,Clothing,3,853.4,UPI,Delivered,Delhi,3
1907,14768,Arjun,Male,Electronics,5,,Net Banking,Delivered,Delhi,4
2955,18281,Kiran,Female,Clothing,7,3509.72,Card,Returned,Bangalore,2
3062,13275,Pooja,Female,Grocery,1,1501.53,Net Banking,Pending,Hyderabad,4
2013,10809,Kiran,Male,Grocery,6,,Cash,Delivered,Chennai,4
4642,10942,Sneha,Other,Electronics,9,1645.6,Cash,Delivered,Delhi,4
2681,17849,Priya,Male,Grocery,6,3059.61,Card,Delivered,Kolkata,4
2031,17099,Sneha,Male,Furniture,1,173.66,Card,Pending,Bangalore,3
1861,11918,Neha,Female,Clothing,6,1774.92,Net Banking,Delivered,Kolkata,4
4619,14942,Priya,Female,Books,3,299.22,Net Banking,Cancelled,Hyderabad,2
2083,11892,Priya,Other,Grocery,2,442.86,Cash,Cancelled,Delhi,1
2908,11154,Priya,Female,Clothing,8,1475.02,Card,Delivered,Bangalore,4
3428,10703,Arjun,Female,Electronics,2,2432.47,Card,Delivered,Chennai,4
1988,14953,Neha,Female,Clothing,5,2620.61,Net Banking,Delivered,Pune,5
3701,14467,Kiran,Female,Clothing,9,3954.85,Cash,Delivered,Kolkata,5
1947,15310,Arjun,Female,Electronics,4,4810.88,Card,Delivered,Hyderabad,4
4650,16395,Sneha,Male,Books,1,1949.91,Card,Delivered,Bangalore,3
2478,15249,Kiran,Female,Clothing,5,2329.56,,Delivered,Bangalore,5
3808,15876,Ravi,Female,Clothing,5,2348.97,Cash,Delivered,Delhi,4
1529,14997,Kiran,Male,Furniture,8,1077.94,Cash,Delivered,Mumbai,4
3799,12044,Pooja,Female,Books,7,2709.39,Cash,Delivered,Bangalore,5
2636,12441,Anuja,Female,Grocery,5,867.45,UPI,Delivered,Hyderabad,5
2994,12166,Priya,Other,Grocery,5,431.44,UPI,Delivered,Chennai,3
3532,15461,Sneha,Female,Electronics,3,4768.78,Cash,Delivered,Hyderabad,4
2296,15546,Ravi,Female,Grocery,9,3554.08,Card,Delivered,Bangalore,4
2107,17313,,Female,Clothing,7,2355.11,Net Banking,Delivered,,4
3117,19885,,Female,Grocery,1,1399.77,Card,Delivered,Bangalore,4
3080,15475,Arjun,Male,Clothing,3,4366.75,Cash,Pending,Kolkata,3
4906,11645,Rahul,Female,Books,4,3634.49,,Delivered,Pune,5
1074,18022,Anuja,Male,Grocery,7,507.38,Cash,Delivered,Pune,4
2673,16110,Priya,Female,Clothing,9,2323.44,Net Banking,Delivered,Kolkata,4
3872,12822,Amit,Female,Books,9,742.94,Card,Returned,,2
1344,14284,Pooja,Male,Grocery,3,2268.81,Card,Delivered,Pune,5
3409,12558,Anuja,Male,Books,1,2664.79,Card,Delivered,Hyderabad,4
4772,12880,Rahul,Male,Furniture,9,1286.64,Card,Returned,Kolkata,2
3551,17373,Arjun,Female,Clothing,9,1176.66,UPI,Cancelled,Hyderabad,2
2418,10573,Kiran,Other,Books,1,339.62,Net Banking,Delivered,Kolkata,4
2508,19911,Anuja,Female,Furniture,6,3374.65,Net Banking,Delivered,Pune,4
1045,17008,Rahul,Male,Electronics,3,1571.13,Net Banking,Pending,Pune,3
4493,10234,Sneha,Female,Clothing,6,1278.79,Net Banking,Delivered,Mumbai,4
1404,13343,Pooja,Female,Books,2,3055.64,Card,Delivered,Hyderabad,4
3182,12661,Ravi,Female,Books,5,2804.43,Net Banking,Pending,Delhi,3
3028,11109,Anuja,Female,Grocery,4,1408.98,Card,Returned,Delhi,2
1557,10704,Sneha,Male,Grocery,4,842.21,Card,Delivered,Chennai,4
2093,16184,,Male,Clothing,3,2568.67,UPI,Delivered,,3
3989,10929,Pooja,Male,Electronics,1,1622.54,UPI,Delivered,Bangalore,4
3717,11726,Priya,Male,Furniture,7,3360.23,UPI,Delivered,Bangalore,5
4521,12952,Anuja,Female,Furniture,7,4090.97,Cash,Pending,Delhi,3
4828,18021,Arjun,Male,Furniture,6,2745.77,Net Banking,Delivered,Mumbai,4
3489,12248,,Female,Books,7,1928.62,UPI,Delivered,Delhi,3
1412,13630,Ravi,Male,Grocery,3,3241.69,Net Banking,Delivered,Hyderabad,4
1234,13092,Sneha,Male,Furniture,5,2319.55,,Pending,Pune,3
1649,19777,Ravi,Female,Clothing,1,3547.18,Card,Delivered,Kolkata,4
2151,18591,Arjun,Female,Electronics,5,4816.85,Net Banking,Delivered,Bangalore,5
1215,10613,Neha,Male,Electronics,3,210.32,UPI,Delivered,Mumbai,4
3408,11160,Kiran,Female,Books,3,,UPI,Delivered,Hyderabad,3
2098,10951,Ravi,Female,Grocery,9,1901.81,Card,Pending,Kolkata,3
3953,15828,Priya,Male,Clothing,3,1369.89,Cash,Delivered,,3
2205,11231,Amit,Male,Books,8,3841.77,,Pending,Delhi,3
4954,18204,Sneha,Female,Grocery,7,3896.9,UPI,Delivered,Pune,3
4408,10429,Arjun,Female,Electronics,7,2258.01,Cash,Delivered,Kolkata,4
1852,16609,Anuja,Female,Electronics,3,1416.75,Card,Cancelled,Chennai,2
1021,12249,Priya,Female,Electronics,7,3505.05,Card,Cancelled,Kolkata,2
2929,18457,Rahul,Female,Electronics,5,1863.48,Cash,Delivered,Bangalore,3
3048,16208,Amit,Male,Books,9,2961.57,Cash,Delivered,Hyderabad,5
3983,15775,Anuja,Male,Furniture,6,4244.65,Card,Delivered,Bangalore,5
2956,12709,Kiran,Other,Electronics,3,198.76,Cash,Delivered,Kolkata,5
4218,17543,Ravi,Female,Books,5,1495.99,Net Banking,Delivered,Bangalore,3
1133,16966,Pooja,Male,Clothing,9,2567.13,UPI,Delivered,Pune,4
1697,11434,,Female,Electronics,3,1813.26,UPI,Delivered,Chennai,5
1924,13281,Neha,Male,Books,5,2542.99,Card,Delivered,Hyderabad,4
3929,18275,Ravi,Male,Electronics,4,1192.45,Cash,Delivered,Chennai,3
2215,13237,Ravi,Male,Clothing,7,2889.42,Net Banking,Delivered,Bangalore,3
1161,10562,Kiran,Female,Clothing,6,2125.1,Cash,Delivered,Kolkata,4
2153,16117,Sneha,Male,Clothing,8,1478.22,Cash,Delivered,Mumbai,5
2768,14656,Neha,Female,Grocery,8,3348.82,Card,Delivered,Delhi,3
2160,17915,Kiran,Male,Electronics,3,3030.13,Card,Delivered,Hyderabad,5
4012,16587,Ravi,Male,Clothing,6,779.84,Card,Delivered,Pune,4
1394,13239,Rahul,Female,Clothing,9,672.15,Net Banking,Returned,Chennai,3
2886,18586,Anuja,Female,Books,3,4447.49,Cash,Delivered,Kolkata,5
1633,18391,Neha,Male,Grocery,9,,Net Banking,Delivered,Delhi,4
1397,13557,Neha,Female,Grocery,4,2388.06,Card,Delivered,Chennai,5
4139,12163,,Male,Grocery,5,3952.38,Card,Delivered,Chennai,3
4506,18953,Sneha,Other,Furniture,6,4075.09,UPI,Delivered,Pune,4
3378,11561,Neha,Male,Electronics,1,2263.26,Card,Cancelled,Hyderabad,2
1001,18535,Amit,Male,Furniture,5,2083.23,Net Banking,Delivered,Hyderabad,3
3011,11799,,Male,Furniture,9,1730.25,Card,Returned,Mumbai,1
4725,17579,Anuja,Female,Books,1,315.49,UPI,Delivered,Hyderabad,3
2218,19629,,Female,Electronics,8,3336.76,Net Banking,Delivered,Chennai,3
4911,16617,Priya,Male,Books,9,931.03,Cash,Delivered,Pune,4
3889,19678,Neha,Male,Clothing,3,3120.84,Cash,Delivered,Delhi,3
3781,13129,Sneha,Female,Electronics,6,3098.77,UPI,Delivered,Mumbai,3
4575,15251,Ravi,Female,Furniture,2,1600.96,Cash,Cancelled,Bangalore,3
3206,17234,Kiran,Male,Furniture,9,4905.86,Card,Delivered,Pune,3
2603,10694,Neha,Female,Electronics,8,4498.23,Net Banking,Delivered,Hyderabad,3
4231,16176,Anuja,Male,Furniture,5,4635.84,UPI,Pending,Chennai,2
1857,11191,Ravi,Male,Books,6,2985.39,UPI,Pending,Mumbai,2
3220,10992,Arjun,Female,Furniture,6,3143.86,Net Banking,Delivered,Kolkata,4
3454,15580,Ravi,Female,Electronics,7,2373.54,Net Banking,Delivered,Mumbai,5
3093,18481,Kiran,Male,Books,8,1393.07,Net Banking,Pending,Delhi,3
4923,15766,Ravi,Male,Grocery,7,4518.25,UPI,Delivered,Kolkata,4
3675,13621,,Male,Grocery,1,1753.36,Card,Delivered,Kolkata,3
1186,17429,Pooja,Female,Electronics,3,2152,Card,Pending,Pune,3
2269,15167,Ravi,Female,Grocery,1,4625.49,Card,Delivered,Bangalore,3
1981,11438,Ravi,Female,Books,4,,UPI,Delivered,Bangalore,4
3822,13853,Pooja,Male,Books,3,1535,UPI,Delivered,Mumbai,4
1271,16968,Amit,Male,Books,8,1080,Net Banking,Delivered,Chennai,5
4447,11487,Ravi,Male,Electronics,4,3544.79,Cash,Delivered,Bangalore,4
3032,15541,Rahul,Male,Furniture,8,1865.23,Cash,Delivered,Bangalore,4
3896,11409,Pooja,Female,Grocery,7,1703.84,Card,Pending,Delhi,3
1244,14665,Anuja,Female,Grocery,2,1376.99,UPI,Delivered,Kolkata,4
2349,13414,Anuja,Female,Grocery,9,4516.66,Cash,Delivered,Mumbai,5
3541,10722,Priya,Male,Clothing,6,1151.37,Cash,Delivered,Chennai,4
4157,19719,Neha,Male,Grocery,9,225.33,Card,Delivered,Kolkata,4
2759,11067,Neha,Female,Furniture,6,4705.07,UPI,Delivered,Kolkata,4
4344,12416,Pooja,Female,Clothing,8,2208.21,Card,Delivered,Delhi,4
3280,12737,,Other,Furniture,2,2066.98,Card,Pending,Mumbai,3
2485,19955,Priya,Male,Electronics,1,1850.14,Net Banking,Pending,,2
3434,18050,Pooja,Female,Books,4,3951.49,Card,Returned,Hyderabad,2
2134,17111,Rahul,Male,Clothing,6,158.37,UPI,Delivered,Delhi,3
3585,16833,Anuja,Female,Electronics,1,3193.06,Card,Delivered,Pune,3
3260,16708,Anuja,Male,Clothing,6,2313.09,Card,Delivered,Mumbai,4
1259,15660,Rahul,Female,Grocery,8,395.92,Net Banking,Delivered,Bangalore,4
4364,13319,Amit,Female,Grocery,2,1960.45,Net Banking,Delivered,Delhi,4
2892,18159,Pooja,Female,Electronics,8,4917.07,Cash,Delivered,Chennai,4
2377,12243,Anuja,Other,Clothing,3,3089.23,Net Banking,Delivered,Mumbai,4
4149,18071,Pooja,Other,Furniture,4,2083.62,Cash,Pending,Pune,2
3947,18678,Kiran,Female,Furniture,4,,Card,Cancelled,Delhi,2
1571,13139,Neha,Male,Grocery,5,3842.72,,Delivered,Hyderabad,4
1592,19967,Sneha,Female,Electronics,7,1248.53,Cash,Pending,Bangalore,3
1493,12925,Sneha,Female,Clothing,4,4012.75,UPI,Pending,Chennai,4
1779,15930,Arjun,Female,Electronics,9,449.45,Card,Cancelled,Bangalore,2
4498,16903,Kiran,Female,Clothing,9,1558.83,Card,Delivered,Hyderabad,4
4545,12612,Kiran,Male,Electronics,9,,Card,Delivered,Pune,5
4474,17471,Arjun,Male,Electronics,7,4221.53,Net Banking,Pending,Delhi,3
2377,18085,Kiran,Male,Grocery,5,2338.96,Net Banking,Delivered,Delhi,4
3224,15024,Pooja,Male,Furniture,8,,Net Banking,Cancelled,Mumbai,3
2257,11609,Anuja,Female,Clothing,3,4376.59,Cash,Delivered,Chennai,5
2912,10769,Sneha,Male,Grocery,4,1236.7,Net Banking,Pending,Hyderabad,2
3490,19670,Pooja,Male,Furniture,7,3455.48,Card,Pending,Pune,4
1035,14218,Priya,Male,Grocery,6,1491.98,UPI,Delivered,Kolkata,4
4839,14313,Neha,Male,Grocery,1,4084.9,Net Banking,Delivered,Hyderabad,4
3385,17367,Pooja,Male,Grocery,8,1632.77,Card,Delivered,Kolkata,4
4492,18287,Ravi,Female,Clothing,1,3797.27,UPI,Pending,Hyderabad,3
4900,16496,Neha,Male,Grocery,4,4534.1,Net Banking,Delivered,,4
3317,15748,Rahul,Female,Electronics,8,191.68,Cash,Pending,Chennai,3
1497,11810,Ravi,Male,Electronics,8,3286.29,Card,Delivered,Kolkata,4
1231,17429,Neha,Male,Clothing,9,1028.4,Net Banking,Cancelled,Pune,2
1155,19326,Pooja,Female,Furniture,4,4575.04,Cash,Delivered,Mumbai,5
1016,12083,Amit,Female,Books,3,155.7,Net Banking,Delivered,Kolkata,3
2799,10947,Kiran,Male,Clothing,4,,,Delivered,Mumbai,4
3487,13936,Neha,Male,Books,4,4333.27,Net Banking,Pending,Kolkata,4
1063,16276,Ravi,Male,Clothing,9,4511.56,Net Banking,Delivered,Pune,4
4940,19715,Ravi,Female,Clothing,5,728.9,Cash,Pending,Bangalore,3
3264,16073,Rahul,Female,Grocery,2,264.08,UPI,Delivered,Delhi,4
1330,15533,Ravi,Male,Furniture,1,3708.03,Card,Pending,Hyderabad,3
4066,14481,Neha,Female,Furniture,1,1491.85,UPI,Delivered,Kolkata,4
3184,18818,Ravi,Female,Grocery,9,1525.5,Cash,Delivered,Kolkata,4
4591,12096,Neha,Male,Books,8,1391.97,Net Banking,Cancelled,Hyderabad,2
3314,18327,Amit,Male,Electronics,3,4165.79,Card,Delivered,Kolkata,4
4380,12939,Neha,Other,Books,4,4962.14,UPI,Cancelled,Kolkata,2
3711,17833,Pooja,Male,Books,5,3183.97,Net Banking,Delivered,Bangalore,3
3617,19015,Priya,Female,Electronics,8,385.94,Cash,Delivered,Chennai,4
3754,12745,Anuja,Female,Electronics,1,4680.96,UPI,Delivered,Delhi,5
3497,12076,Priya,Female,Books,6,3855.48,Cash,Delivered,Pune,3
2249,14604,Ravi,Female,Grocery,6,2124.24,UPI,Pending,Kolkata,3
2125,13683,Kiran,Female,Books,6,2519.09,Card,Delivered,Hyderabad,4
3994,17323,Rahul,Female,Clothing,8,1564.01,UPI,Delivered,Bangalore,4
1802,13832,Rahul,Male,Furniture,3,2361.27,Cash,Delivered,,4
2656,15152,Neha,Male,Grocery,5,3711.9,UPI,Delivered,Chennai,4
1893,17389,Anuja,Female,Clothing,8,106.05,Cash,Pending,Pune,3
4893,11536,Pooja,Female,Clothing,7,4552.32,UPI,Pending,Mumbai,3
2016,16175,Arjun,Male,Grocery,9,4880.95,UPI,Delivered,,3
3935,17425,Neha,Female,Furniture,1,2229.61,Cash,Delivered,Chennai,4
2280,15086,Ravi,Male,Electronics,5,1998.7,Card,Delivered,Kolkata,4
3995,18511,Ravi,Female,Furniture,5,620.05,Cash,Delivered,Mumbai,3
1876,11196,Arjun,Female,Furniture,7,1349.06,Card,Delivered,,4
3257,18562,Priya,Male,Grocery,5,2065.33,Net Banking,Returned,Pune,2
2327,10979,Rahul,Male,Grocery,8,2226.89,Cash,Delivered,Kolkata,3
2230,13205,Kiran,Male,Books,9,318.39,,Returned,Delhi,3
4576,10207,Amit,Male,Furniture,7,3177.62,Card,Pending,,3
2386,15406,Ravi,Male,Clothing,2,570.76,Cash,Cancelled,Chennai,2
4217,14543,Kiran,Female,Clothing,2,2067.49,UPI,Returned,Chennai,2
1689,19820,Ravi,Male,Furniture,1,939.9,Cash,Delivered,Kolkata,5
1636,19217,Priya,Male,Books,7,1834.37,Net Banking,Delivered,Bangalore,4
1956,11603,Priya,Female,Furniture,7,749.13,UPI,Delivered,Bangalore,4
4750,11679,Neha,Other,Furniture,7,2992.17,Cash,Delivered,Mumbai,4
4277,15400,Ravi,Female,Electronics,2,4902.7,Net Banking,Delivered,Delhi,5
2416,10065,Anuja,Male,Furniture,2,640.66,Card,Delivered,Bangalore,5
1699,12520,Pooja,Female,Grocery,7,2987.96,UPI,Delivered,Hyderabad,4
4651,12836,Pooja,Male,Books,1,400.83,UPI,Delivered,Mumbai,4
3707,11018,Ravi,Male,Grocery,4,267.93,Net Banking,Cancelled,Delhi,1
3213,17425,Ravi,Female,Books,9,1198.95,Card,Delivered,Hyderabad,4
4052,15772,Anuja,Male,Books,9,3665.56,Card,Cancelled,Mumbai,3
1380,16614,Neha,Male,Furniture,9,4076.2,Card,Delivered,Kolkata,4
1745,13647,Sneha,Male,Grocery,8,1494.18,Net Banking,Returned,Pune,2
1701,15411,Priya,Male,Grocery,4,2149.88,UPI,Delivered,Bangalore,4
2742,18650,Anuja,Male,Books,7,2389.91,Cash,Delivered,Kolkata,3
3558,11848,Priya,Female,Books,5,4705.5,UPI,Pending,Chennai,3
1758,11313,Amit,Male,Grocery,9,3512.7,Cash,Pending,Mumbai,3
4981,10106,Rahul,Female,Clothing,8,3376.08,Card,Pending,Bangalore,4
4174,16353,Neha,Male,Grocery,7,1113.2,UPI,Delivered,Pune,5
3813,15765,Sneha,Female,Electronics,9,,UPI,Pending,Delhi,3
2173,16810,Pooja,Male,Clothing,8,4042.35,UPI,Delivered,Kolkata,5
1425,10957,Pooja,Female,Furniture,9,4403.47,Net Banking,Pending,Pune,3
2098,19852,Pooja,Male,Clothing,5,4701.65,UPI,Cancelled,Pune,2
3888,14928,Ravi,Female,Electronics,8,2898.45,UPI,Cancelled,Pune,2
3514,13424,,Female,Electronics,7,3025.86,Cash,Pending,Pune,4
4347,15700,Ravi,Male,Electronics,7,704.57,Cash,Delivered,Hyderabad,4
2836,11672,Rahul,Female,Clothing,2,1227.62,Net Banking,Pending,Pune,2
2024,12296,Amit,Male,Electronics,7,1688.35,Cash,Delivered,Pune,3
3581,16825,Rahul,Male,Grocery,9,1858.74,Cash,Delivered,,4
3305,13824,Arjun,Female,Grocery,6,2050.03,Net Banking,Delivered,Hyderabad,4
4226,14364,Sneha,Male,Electronics,6,2821.07,Cash,Delivered,Pune,4
1755,12246,Neha,Male,Grocery,4,4516.45,Card,Delivered,Hyderabad,4
2296,12786,Sneha,Male,Grocery,7,4934.49,Cash,Delivered,Bangalore,4
1097,15991,Pooja,Female,Clothing,4,2778.11,,Delivered,Delhi,5
3687,13827,Rahul,Female,Books,2,1145.71,Card,Pending,Hyderabad,3
2259,10056,Priya,Female,Grocery,6,2168.69,Card,Cancelled,Delhi,2
4767,18903,Sneha,Male,Electronics,1,4075.89,Net Banking,Delivered,Mumbai,4
2197,10470,Anuja,Female,Clothing,7,4380.23,UPI,Delivered,Delhi,4
4719,10600,Sneha,Male,Clothing,4,1365.73,Card,Delivered,,5
4536,13408,Ravi,Female,Electronics,1,1085.51,Card,Delivered,Pune,5
4679,18011,Arjun,Male,Grocery,8,4427.83,UPI,Delivered,Pune,4
4398,18260,Ravi,Female,Grocery,8,4151.28,UPI,Pending,Pune,3
4271,13130,Kiran,Male,Clothing,6,238.04,Card,Cancelled,Delhi,2
4472,11550,Rahul,Female,Clothing,4,3773.5,Net Banking,Delivered,Pune,3
3914,10489,Ravi,Male,Clothing,3,4949.05,UPI,Delivered,Chennai,4
2107,17385,Amit,Male,Books,9,1950,Cash,Delivered,Kolkata,4
3779,14758,Neha,Female,Books,4,4705.67,,Cancelled,Hyderabad,1
3610,14096,Sneha,Female,Books,6,1432.57,Card,Delivered,Bangalore,3
4264,18534,Amit,Female,Clothing,5,4237.22,Card,Delivered,Mumbai,4
1775,15231,Anuja,Male,Books,6,2784.99,UPI,Cancelled,Chennai,1
2768,10693,Sneha,Female,Grocery,1,,UPI,Delivered,Kolkata,4
2787,12241,Neha,Male,Clothing,9,770.71,Net Banking,Delivered,Hyderabad,4
1147,16601,Arjun,Male,Clothing,1,3148.5,UPI,Delivered,Pune,4
1943,10798,Amit,Male,Electronics,3,,UPI,Delivered,Delhi,4
3773,16997,Arjun,Male,Electronics,6,3798.96,Card,Pending,,3
4093,14053,Pooja,Male,Books,6,1931.74,Cash,Cancelled,Hyderabad,2
1891,10143,Priya,Female,Furniture,9,4433.3,UPI,Delivered,Chennai,4
3674,19781,Priya,Female,Electronics,4,,Card,Pending,Delhi,2
1388,19752,Sneha,Male,Books,9,523.03,Cash,Delivered,Mumbai,4
3263,11038,Kiran,Male,Furniture,3,2293.73,UPI,Delivered,Bangalore,4
1719,17953,Sneha,Female,Electronics,9,,Card,Delivered,Delhi,5
1272,15943,,Male,Electronics,3,3621.14,UPI,Delivered,Hyderabad,3
4345,11649,Priya,Female,Furniture,5,2600.23,UPI,Delivered,Mumbai,3
2525,13188,Amit,Female,Grocery,2,358.3,Cash,Delivered,Kolkata,5
2821,10358,Arjun,Female,Furniture,8,1401.85,UPI,Delivered,Delhi,5
1100,19026,Neha,Female,Books,6,575.52,UPI,Delivered,Mumbai,3
1728,15009,Sneha,Female,Furniture,7,328.16,UPI,Delivered,Mumbai,4
2098,18914,Amit,Male,Electronics,3,,UPI,Returned,Mumbai,2
1077,17002,Amit,Female,Grocery,1,874.54,Net Banking,Delivered,Bangalore,3
2476,13201,Rahul,Male,Clothing,3,3773.08,UPI,Pending,,3
2845,19895,Amit,Female,Books,1,1503.82,Card,Cancelled,Bangalore,2
2983,15930,Anuja,Male,Furniture,2,1275.61,Net Banking,Delivered,Delhi,4
1738,12001,Rahul,Male,Books,2,1845.84,Net Banking,Delivered,Kolkata,4
2247,10745,Arjun,Male,Electronics,6,3335.97,Card,Delivered,Bangalore,4
4315,13475,Rahul,Male,Books,9,,Net Banking,Delivered,Delhi,4
4902,15794,Amit,Male,Books,4,1271.96,Net Banking,Delivered,Kolkata,4
2927,10906,Priya,Male,Books,2,223.3,Net Banking,Delivered,Delhi,3
3500,15299,Kiran,Male,Clothing,5,262.37,UPI,Delivered,Kolkata,4
2581,11081,Ravi,Male,Electronics,1,3205.3,Card,Delivered,Bangalore,4
1176,15704,Priya,Female,Clothing,1,4152.74,Net Banking,Cancelled,Delhi,3
4780,19106,Sneha,Female,Furniture,5,4951.87,Net Banking,Delivered,Mumbai,5
4866,11118,Kiran,Female,Electronics,9,4451.16,Net Banking,Delivered,Kolkata,4
3236,16329,Pooja,Female,Books,2,2991.52,,Pending,Mumbai,2
1740,10148,Pooja,Female,Clothing,9,984.43,UPI,Delivered,Chennai,4
1699,12102,Sneha,Male,Electronics,5,4076.78,UPI,Delivered,Delhi,4
2150,18120,,Male,Clothing,5,848.2,Cash,Pending,Delhi,4
1832,12276,Ravi,Female,Furniture,2,,Net Banking,Pending,Delhi,3
2234,13712,Anuja,Female,Books,2,2940.71,Net Banking,Pending,Bangalore,4
4228,17044,Arjun,Female,Books,1,1488.17,Cash,Delivered,Kolkata,5
3811,14023,Amit,Female,Books,6,4488.9,Cash,Cancelled,Kolkata,2
3312,15207,Kiran,Male,Books,4,2080.25,Cash,Delivered,Kolkata,4
1666,10063,Neha,Female,Grocery,4,4335.67,Net Banking,Pending,Delhi,3
3155,18707,Arjun,Female,Grocery,8,2664,Cash,Delivered,Pune,4
1775,12287,Arjun,Female,Grocery,9,4864.43,Card,Pending,Bangalore,3
1955,14637,Amit,Female,Electronics,3,159.93,UPI,Delivered,Kolkata,4
4558,16401,Kiran,Female,Clothing,9,1475.74,,Delivered,Chennai,4
1152,11315,Amit,Female,Grocery,7,3832.33,Card,Delivered,Bangalore,4
3984,17975,Sneha,Male,Books,5,4153.41,Cash,Delivered,Mumbai,4
1920,17727,Anuja,Female,Grocery,2,1737.53,Card,Delivered,Chennai,4
3774,17170,,Female,Books,5,4229.57,Cash,Delivered,Bangalore,5
2203,18215,Anuja,Female,Furniture,1,1501.61,Card,Delivered,Pune,3
4774,10731,Ravi,Male,Books,4,4564.11,Card,Delivered,Delhi,5
2030,17189,Neha,Female,Furniture,6,1638.88,Cash,Delivered,Kolkata,3
4402,14522,Anuja,Female,Electronics,6,1793.06,Net Banking,Pending,,3
1391,11173,Pooja,Female,Clothing,6,392.44,Card,Delivered,Chennai,4
3237,16563,Pooja,Male,Clothing,3,894.49,Net Banking,Delivered,Mumbai,4
2473,17961,Sneha,Male,Books,3,4175.47,Card,Cancelled,Hyderabad,2
1865,13870,Priya,Male,Electronics,7,1020.61,Net Banking,Cancelled,Bangalore,3
1142,10098,Priya,Female,Electronics,8,4805.13,Net Banking,Delivered,Pune,4
4331,13090,Priya,Female,Clothing,8,383.62,UPI,Delivered,Bangalore,5
3679,16935,Amit,Female,Electronics,6,3581.04,UPI,Cancelled,Kolkata,2
2774,13667,,Male,Electronics,6,1919.57,Net Banking,Returned,Delhi,2
2881,10402,Anuja,Other,Books,5,690.67,Cash,Delivered,Bangalore,4
2432,12155,Pooja,Female,Grocery,2,3829.93,Cash,Delivered,Chennai,4
2652,11037,Priya,Male,Grocery,4,1517.84,UPI,Cancelled,Pune,2
3048,16125,Ravi,Female,Grocery,8,860.58,UPI,Delivered,Pune,5
1203,10434,Rahul,Female,Grocery,7,4179.3,Net Banking,Pending,Delhi,3
4145,18325,Sneha,Female,Electronics,6,3036.02,UPI,Cancelled,Bangalore,2
1148,12630,Rahul,Female,Books,3,2058.36,UPI,Cancelled,Hyderabad,3
3103,18421,Ravi,Female,Clothing,6,196.75,Cash,Delivered,Mumbai,4
3716,16209,Amit,Male,Books,5,2087.56,Net Banking,Delivered,Pune,4
1066,19079,Anuja,Female,Furniture,9,4245.13,Net Banking,Delivered,Mumbai,5
1486,14533,Anuja,Female,Books,4,1306.96,UPI,Delivered,Mumbai,4
4614,18879,Arjun,Female,Electronics,9,1959.45,,Pending,Bangalore,4
3990,17636,Anuja,Female,Books,2,1172.67,,Delivered,Delhi,5
4456,10908,Priya,Male,Clothing,1,876.04,Card,Delivered,Hyderabad,5
3984,11842,Ravi,Female,Grocery,3,1328.42,Net Banking,Delivered,Hyderabad,4
2764,11671,Neha,Male,Grocery,3,2334.75,Net Banking,Delivered,Pune,4
2946,10465,Arjun,Female,Furniture,7,,Net Banking,Delivered,,5
3735,12592,Arjun,Male,Clothing,8,2870.02,Net Banking,Delivered,Kolkata,4
3936,12598,Priya,Female,Furniture,7,713.8,UPI,Cancelled,Hyderabad,1
3816,14141,Rahul,Male,Furniture,2,3008.19,Card,Delivered,Delhi,4
2528,18581,Priya,Male,Books,1,4309.86,Net Banking,Delivered,Delhi,4
2203,13385,Neha,Male,Books,9,705.72,,Delivered,Hyderabad,4
3987,10377,Arjun,Male,Books,3,4036.86,,Delivered,Kolkata,3
4757,16642,Pooja,Female,Grocery,2,1132.61,Net Banking,Returned,Mumbai,2
4545,12486,Ravi,Male,Furniture,1,3885.85,Cash,Delivered,Chennai,3
4673,17396,Kiran,Female,Furniture,3,4238.65,UPI,Pending,Pune,3
4144,12504,Arjun,Male,Grocery,9,606.21,Cash,Delivered,Hyderabad,4
1661,10656,Arjun,Male,Clothing,5,,Net Banking,Delivered,Delhi,4
1929,10170,Arjun,Male,Books,1,388.37,UPI,Delivered,Bangalore,4
2812,17623,Anuja,Male,Furniture,7,538.41,Card,Delivered,Delhi,4
2642,12911,Pooja,Female,Electronics,3,4354.23,Cash,Delivered,Chennai,4
1312,13183,Anuja,Female,Grocery,5,750.2,Net Banking,Cancelled,Hyderabad,2
1103,16004,Rahul,Male,Clothing,8,3273.2,Net Banking,Delivered,Mumbai,5
3532,11941,Ravi,Male,Furniture,7,1501.2,UPI,Delivered,Pune,4
4979,14415,Rahul,Female,Furniture,3,3846.81,Cash,Pending,Delhi,3
3482,11049,Priya,Male,Clothing,6,927.31,Card,Delivered,Bangalore,4
2518,14927,Amit,Male,Electronics,4,1030.67,UPI,Delivered,Bangalore,4
4938,16553,Anuja,Female,Grocery,1,327.36,Card,Delivered,Delhi,3
2473,18719,Arjun,Female,Clothing,4,2131.42,Net Banking,Delivered,Kolkata,4
2811,17750,Anuja,Female,Books,5,2275.83,Card,Delivered,Mumbai,3
1972,14107,Rahul,Male,Books,3,1440.49,Net Banking,Delivered,Delhi,4
1128,12282,Priya,Male,Grocery,6,2020.71,Net Banking,Delivered,Chennai,5
1662,14228,Amit,Male,Books,6,3749.26,Card,Pending,Bangalore,4
4796,18730,Pooja,Female,Books,2,4589.58,Cash,Delivered,Delhi,4
4183,16900,Priya,Male,Furniture,3,3911.8,UPI,Returned,Kolkata,1
3497,12882,Rahul,Female,Furniture,8,2374.46,Card,Delivered,Bangalore,4
1127,17768,Priya,Female,Electronics,3,4881.89,Cash,Cancelled,Bangalore,1
1363,19531,Ravi,Male,Furniture,6,4819.14,Cash,Delivered,Chennai,4
2624,11497,Kiran,Male,Electronics,1,1683.74,Cash,Delivered,Mumbai,5
4398,18954,Kiran,Male,Grocery,7,2726.99,Net Banking,Delivered,Mumbai,4
3523,19479,Anuja,Female,Books,3,1993.78,Card,Delivered,Delhi,3
3089,14944,Arjun,Male,Electronics,6,3862.47,Cash,Delivered,Mumbai,3
1442,16635,Rahul,Female,Grocery,5,1753.07,Net Banking,Delivered,Chennai,5
3258,12591,Ravi,Female,Clothing,1,243.47,Cash,Pending,Pune,3
1028,12899,Amit,Male,Electronics,6,3104.05,Net Banking,Pending,Chennai,2
1648,18890,Anuja,Male,Grocery,1,1792.42,UPI,Delivered,Kolkata,3
4996,10857,Sneha,Female,Electronics,7,3313.36,Card,Cancelled,Pune,2
3053,14001,Anuja,Male,Furniture,2,1021,Net Banking,Pending,Pune,3
4568,18303,Sneha,Female,Clothing,9,2012.91,UPI,Delivered,Hyderabad,5
1474,10759,Sneha,Female,Clothing,9,,UPI,Delivered,Delhi,4
4494,10195,Amit,Female,Clothing,1,4578.34,Card,Delivered,Bangalore,4
2262,12756,Anuja,Female,Books,3,1560.17,Net Banking,Delivered,Pune,3
3880,15782,Sneha,Female,Books,3,,UPI,Delivered,Hyderabad,3
2247,10331,Anuja,Male,Electronics,1,2370.26,Card,Pending,Hyderabad,2
2831,14081,Priya,Male,Electronics,7,2744.3,UPI,Delivered,Delhi,5
1193,18103,Priya,Male,Grocery,7,4158.46,UPI,Delivered,Chennai,4
1863,12711,,Male,Clothing,7,,Cash,Delivered,Bangalore,5
3054,11349,Neha,Male,Grocery,3,2797.38,Cash,Delivered,Hyderabad,3
1400,18971,Arjun,Female,Grocery,5,326.07,Card,Delivered,Delhi,3
2433,14787,Pooja,Male,Clothing,1,3682.52,Card,Delivered,Delhi,5
3122,16101,Rahul,Female,Grocery,1,2402.55,Net Banking,Delivered,Bangalore,3
1864,14923,Anuja,Female,Clothing,6,4779.89,Card,Cancelled,Mumbai,1
1777,17179,Kiran,Female,Furniture,6,2920.89,UPI,Delivered,Delhi,4
2761,12800,Priya,Male,Furniture,1,3040.34,UPI,Delivered,Hyderabad,4
1352,19274,Amit,Female,Furniture,8,2081.3,Card,Delivered,Bangalore,4
3139,14379,Ravi,Male,Electronics,3,750.82,Card,Delivered,Mumbai,4
3237,14992,Anuja,Male,Electronics,8,1465.3,Card,Pending,Delhi,3
2914,13273,Neha,Male,Books,4,3246.63,Net Banking,Delivered,Bangalore,4
1654,10343,Rahul,Female,Grocery,6,283.82,Net Banking,Delivered,Pune,4
4423,12409,Kiran,Male,Grocery,9,2139.75,Card,Delivered,Mumbai,3
2704,16277,Priya,Male,Clothing,5,3112.58,UPI,Delivered,,4
1159,12060,Ravi,Female,Books,9,2559.71,Net Banking,Delivered,Delhi,5
4611,12263,Ravi,Female,Furniture,9,1481.95,,Delivered,Delhi,4
2204,13977,Anuja,Male,Grocery,7,3374.92,Net Banking,Delivered,Delhi,5
1515,12016,Priya,Male,Clothing,4,2307.82,Card,Delivered,Kolkata,3
4241,16912,Priya,Female,Electronics,3,3684.39,Cash,Delivered,Bangalore,3
4994,11496,Rahul,Male,Electronics,6,1623.89,Card,Pending,Pune,3
3414,11852,Rahul,Male,Books,5,4434.55,Card,Delivered,Hyderabad,3
1463,18783,Arjun,Female,Clothing,7,1945.1,Net Banking,Delivered,Pune,4
4588,11265,Rahul,Female,Books,2,2097.57,Cash,Cancelled,Hyderabad,3
2158,19400,Priya,Female,Books,6,2135.1,UPI,Delivered,Bangalore,4
3662,14514,Rahul,Male,Books,2,2440.94,Cash,Cancelled,Mumbai,2
3844,11298,Anuja,Male,Clothing,1,2265.7,Cash,Delivered,Delhi,4
4348,14526,Amit,Male,Clothing,4,3869.21,Cash,Pending,Mumbai,2
4331,13967,Amit,Male,Electronics,9,1821.91,Card,Cancelled,Hyderabad,3
4576,10663,Kiran,Male,Books,4,1884.63,Net Banking,Delivered,Mumbai,4
1104,17218,Amit,Male,Furniture,8,4900.42,Net Banking,Delivered,Hyderabad,5
4041,15558,Sneha,Female,Books,7,,Net Banking,Delivered,Bangalore,4
4641,17897,Amit,Male,Electronics,2,4635.37,Cash,Delivered,Bangalore,3
1323,15778,Ravi,Male,Grocery,2,2958.92,Card,Delivered,Kolkata,4
1366,15698,Priya,Male,Furniture,2,987.12,Card,Cancelled,Pune,1
1275,19677,Sneha,Male,Furniture,1,2457.64,Card,Delivered,Bangalore,4
3854,13985,Amit,Female,Furniture,2,821.21,Card,Pending,Pune,4
2279,18424,Kiran,Male,Grocery,6,114.77,UPI,Delivered,Delhi,5
4566,10005,,Female,Furniture,4,2022.2,Card,Cancelled,Pune,3
4446,12985,Arjun,Female,Electronics,1,499.61,UPI,Delivered,Bangalore,4
3373,12567,Sneha,Female,Books,5,3053.23,Cash,Delivered,Kolkata,4
4005,19436,Priya,Male,Electronics,9,3645.86,Card,Delivered,Chennai,4
2609,13767,Rahul,Male,Books,8,3130.58,Card,Pending,Delhi,4
2028,13170,Pooja,Male,Clothing,9,1686.89,UPI,Delivered,Mumbai,4
4776,17990,Ravi,Female,Electronics,7,3353.85,Net Banking,Delivered,Pune,4
3661,12210,Sneha,Male,Books,2,406.49,Cash,Delivered,Pune,4
3691,12397,Arjun,Female,Grocery,6,2375.33,Card,Cancelled,,2
2494,11568,Arjun,Male,Clothing,8,3177.66,Cash,Delivered,Bangalore,4
3470,12260,Anuja,Female,Electronics,5,2748.13,UPI,Delivered,Pune,4
3973,16665,Priya,Male,Furniture,1,1918.31,Card,Pending,Hyderabad,2
3940,16156,Amit,Female,Electronics,8,833.55,UPI,Delivered,Delhi,3
2688,17381,Arjun,Male,Grocery,2,1388.57,Cash,Delivered,Bangalore,4
3426,16683,Kiran,Other,Clothing,6,1795.52,Cash,Delivered,Kolkata,4
2913,15717,Neha,Male,Furniture,7,672.4,UPI,Delivered,Kolkata,4
3283,12246,Ravi,Female,Books,2,2952.65,Net Banking,Delivered,Delhi,4
4145,12744,Ravi,Female,Clothing,2,3299.82,UPI,Delivered,Kolkata,3
3380,10507,Amit,Male,Electronics,6,148.33,UPI,Delivered,Mumbai,4
4243,17275,Neha,Female,Books,5,1091.16,UPI,Delivered,Kolkata,4
2145,15782,Arjun,Male,Furniture,3,1879.96,Net Banking,Delivered,Mumbai,4
3918,11695,Arjun,Female,Clothing,7,4510.04,Card,Delivered,Pune,4
4516,13756,Kiran,Male,Grocery,9,1652.97,Cash,Delivered,Chennai,4
2440,19318,Rahul,Male,Furniture,6,4938.73,UPI,Cancelled,Bangalore,2
3109,19709,,Male,Clothing,7,1566.01,Net Banking,Delivered,Chennai,4
4868,17641,Arjun,Male,Clothing,7,2133.05,UPI,Delivered,Pune,4
4430,11812,Rahul,Male,Clothing,9,3515.34,Cash,Delivered,Hyderabad,4
4921,18945,Ravi,Female,Books,1,3705.8,Cash,Pending,Pune,4
2089,15688,Arjun,Female,Electronics,1,,,Delivered,Kolkata,4
4655,14722,Arjun,Male,Clothing,7,2525.21,UPI,Delivered,Bangalore,4
2710,17086,Kiran,Male,Grocery,1,2897.29,Card,Pending,Pune,2
2837,13681,Ravi,Male,Furniture,4,2757.03,,Delivered,Pune,3
1396,17035,Priya,Male,Electronics,9,2926.64,UPI,Delivered,Chennai,5
2420,12521,Ravi,Male,Furniture,9,186.18,Card,Delivered,Mumbai,4
2950,14765,Neha,Male,Grocery,1,1689.18,Card,Delivered,Kolkata,4
1924,12391,Neha,Female,Electronics,9,812.35,UPI,Delivered,Pune,4
1601,18250,Kiran,Female,Furniture,4,3464.55,Cash,Delivered,Mumbai,4
4504,14866,Kiran,Female,Grocery,3,3032.08,Net Banking,Delivered,Kolkata,4
3827,10460,Neha,Female,Furniture,5,4839.03,Card,Delivered,Hyderabad,3
3619,14856,Anuja,Male,Clothing,1,875.9,UPI,Delivered,Mumbai,3
2581,17253,Rahul,Female,Books,2,1823.78,Net Banking,Delivered,Delhi,5
3963,15606,Kiran,Other,Furniture,9,3402.1,UPI,Delivered,Hyderabad,4
2469,12894,Priya,Male,Grocery,3,387.85,Net Banking,Delivered,Delhi,4
4808,17232,Ravi,Male,Clothing,1,3702.14,Net Banking,Cancelled,Pune,2
3065,13406,Ravi,Male,Furniture,5,931.84,Card,Cancelled,Delhi,1
1306,19771,Amit,Female,Furniture,6,796.37,,Delivered,Delhi,4
4557,12428,Amit,Female,Grocery,5,1401.53,Cash,Delivered,Pune,3
1726,11919,Kiran,Female,Grocery,7,1042.7,Net Banking,Delivered,Kolkata,3
4873,13139,Kiran,Female,Electronics,3,913.8,Card,Pending,Bangalore,2
1786,15656,Ravi,Male,Electronics,3,3782.67,Net Banking,Returned,Hyderabad,3
3705,11904,Ravi,Male,Electronics,9,,UPI,Delivered,Mumbai,4
2636,19270,Kiran,Female,Furniture,4,2507.23,Net Banking,Delivered,Delhi,5
3747,13823,Neha,Male,Clothing,5,3711.61,Card,Delivered,Bangalore,4
1435,11689,,Male,Furniture,2,2218.97,Net Banking,Delivered,Delhi,4
3351,19466,Sneha,Female,Clothing,6,2850.57,Card,Pending,Mumbai,3
4963,10372,Rahul,Male,Electronics,1,3788.3,Card,Pending,Hyderabad,4
3612,11777,Sneha,Male,Electronics,2,2034.12,Cash,Pending,Hyderabad,3
2629,13991,Amit,Male,Electronics,8,3647.19,Cash,Cancelled,Delhi,1
4323,18645,Amit,Female,Books,3,3974.48,Card,Delivered,Chennai,4
4750,15088,Neha,Female,Grocery,6,,Cash,Delivered,Pune,5
1609,15061,Arjun,Male,Electronics,7,1628.97,Net Banking,Delivered,Delhi,4
1848,18359,Arjun,Male,Clothing,6,3570.25,UPI,Delivered,Chennai,5
1614,13994,Anuja,Female,Clothing,1,3050.6,Net Banking,Delivered,Hyderabad,4
2489,13120,Priya,Female,Electronics,5,3312.25,Card,Pending,Chennai,2
1987,15698,Neha,Male,Clothing,7,1088.68,UPI,Delivered,Delhi,5
3008,16282,Kiran,Male,Electronics,3,656.77,Net Banking,Delivered,Mumbai,4
1684,10443,Pooja,Male,Furniture,7,1424.24,UPI,Pending,Hyderabad,3
1462,17933,,Male,Clothing,8,2088.85,UPI,Pending,,4
2496,17287,Amit,Female,Grocery,8,160.6,,Pending,Bangalore,2
2834,13904,Priya,Female,Books,2,,Net Banking,Delivered,Kolkata,5
1190,13990,Rahul,Male,Clothing,8,4726.25,Cash,Returned,Pune,2
1617,15882,Amit,Female,Clothing,9,4765.97,Net Banking,Delivered,Delhi,5
4998,16755,Rahul,Female,Books,6,4577.08,Cash,Delivered,Chennai,3
2156,19900,Sneha,Female,Furniture,1,2956.43,UPI,Delivered,Bangalore,4
2305,19790,Pooja,Female,Electronics,4,2953.13,UPI,Delivered,Pune,4
3056,13051,Kiran,Female,Books,8,385.35,Cash,Delivered,Kolkata,3
3950,19690,Amit,Male,Books,6,3418.54,Cash,Pending,Pune,2
3360,10721,Arjun,Male,Grocery,4,1041.28,Net Banking,Pending,Pune,4
1039,14948,Sneha,Male,Grocery,2,607.73,Net Banking,Pending,Hyderabad,2
1615,19368,Sneha,Male,Books,1,1411.93,Card,Pending,Kolkata,3
1440,15041,Sneha,Female,Clothing,6,239.97,Cash,Pending,Mumbai,4
3051,19186,Amit,Female,Furniture,8,354.39,Card,Delivered,Delhi,4
4980,11784,Arjun,Female,Furniture,7,3934.46,UPI,Delivered,Pune,4
1673,12426,Anuja,Male,Clothing,7,4960.09,Net Banking,Delivered,Hyderabad,4
4182,15518,Ravi,Female,Electronics,6,1563.03,Card,Delivered,Chennai,4
3786,13201,Neha,Male,Electronics,1,2976.98,Net Banking,Delivered,Chennai,4
2956,18994,Sneha,Female,Grocery,5,349.08,Cash,Delivered,Pune,4
1741,11656,Anuja,Female,Grocery,9,1994.83,UPI,Delivered,Bangalore,3
3528,14363,Amit,Male,Grocery,8,1961.65,Net Banking,Returned,Kolkata,2
3263,12024,Rahul,Male,Electronics,1,3327.37,Net Banking,Returned,Hyderabad,2
4021,19343,Priya,Female,Furniture,8,3514.21,Net Banking,Delivered,Kolkata,4
4451,18226,Priya,Male,Furniture,7,1442.2,UPI,Cancelled,Kolkata,1
1125,11469,Neha,Male,Books,3,850.14,Cash,Delivered,Hyderabad,4
3204,18221,Priya,Female,Furniture,3,2017.36,Card,Pending,Kolkata,3
1946,17824,,Male,Grocery,5,3626.58,Cash,Delivered,Pune,3
2184,10309,Pooja,Female,Books,9,2019.07,Cash,Delivered,Mumbai,5
3806,12707,Kiran,Male,Books,1,4162.94,Cash,Cancelled,Hyderabad,2
3854,16004,Arjun,Female,Grocery,7,1792.59,Card,Delivered,Delhi,4
3883,12029,,Male,Electronics,5,1811.75,Card,Delivered,Kolkata,4
4561,12438,Ravi,Male,Clothing,9,1035.04,Card,Delivered,Mumbai,4
4281,11764,,Female,Grocery,9,2190.76,UPI,Cancelled,Mumbai,2
3594,10596,Sneha,Female,Books,6,3690.98,Cash,Delivered,Hyderabad,4
4046,14280,Ravi,Female,Books,1,3212.1,Cash,Delivered,Hyderabad,5
2490,12407,Arjun,Female,Furniture,8,965.02,Net Banking,Delivered,Delhi,5
4262,18723,,Female,Furniture,3,1714.08,Card,Delivered,,3
2070,18080,Sneha,Male,Books,5,3875.89,Net Banking,Delivered,Hyderabad,4
4874,19228,Pooja,Male,Books,1,2782.6,Cash,Delivered,Hyderabad,3
3909,17928,Amit,Female,Books,7,1159.29,Card,Delivered,Delhi,4
1539,15229,Neha,Male,Clothing,6,4966.89,Cash,Delivered,Hyderabad,5
3964,18261,Ravi,Male,Electronics,8,3820.32,Card,Delivered,Mumbai,3
4597,14182,Ravi,Female,Grocery,7,614.42,Card,Delivered,Pune,4
1311,18633,Neha,Male,Furniture,5,2819.12,Cash,Delivered,Mumbai,4
2998,19972,Kiran,Male,Books,5,4358.44,Card,Delivered,Pune,4
1271,11616,Sneha,Female,Electronics,5,3869.58,UPI,Cancelled,Delhi,2
4321,12365,Arjun,Male,Books,6,1773.24,Card,Delivered,Pune,4
3838,16537,Anuja,Male,Books,4,971.01,Cash,Returned,,3
2191,12415,Rahul,Female,Grocery,7,3733.56,Card,Pending,Pune,3
1998,11589,Priya,Male,Furniture,7,3594.87,UPI,Delivered,Bangalore,4
3817,12787,Neha,Male,Books,5,2764.84,Cash,Delivered,Delhi,3
1974,17595,Amit,Male,Furniture,5,918.73,Net Banking,Pending,Bangalore,3
3070,19793,Kiran,Male,Clothing,7,3381.68,UPI,Delivered,Mumbai,5
1182,16057,Priya,Female,Clothing,8,2106.9,UPI,Pending,Delhi,4
3059,10763,Neha,Male,Grocery,5,3709.1,Cash,Delivered,Mumbai,4
4252,15134,Arjun,Female,Electronics,3,4829.97,UPI,Delivered,Delhi,4
4874,17399,Rahul,Male,Clothing,8,4427.8,UPI,Delivered,Mumbai,3
4940,19563,Priya,Female,Clothing,6,4363.24,Net Banking,Delivered,Kolkata,5
3778,12056,Ravi,Male,Books,6,544.82,UPI,Delivered,,4
2842,19332,Anuja,Female,Furniture,8,,UPI,Delivered,Pune,4
2292,12940,Anuja,Male,Books,9,1274.23,UPI,Delivered,,4
3235,14524,,Male,Electronics,8,3834.6,Net Banking,Returned,Pune,2
2636,12220,Ravi,Male,Clothing,4,178.31,UPI,Delivered,Kolkata,4
2778,11967,Neha,Female,Furniture,1,2124.4,Cash,Pending,Pune,4
4539,19765,Arjun,Male,Books,1,383.05,Net Banking,Delivered,Pune,3
2236,15718,Arjun,Female,Electronics,8,729.6,Card,Delivered,Pune,4
4914,10541,Priya,Female,Electronics,3,4450.56,Card,Delivered,Pune,3
1179,14329,Rahul,Male,Grocery,8,4614.78,UPI,Cancelled,Kolkata,2
2235,16445,Rahul,Male,Electronics,8,3268.54,Net Banking,Delivered,Hyderabad,4
4276,14818,Arjun,Female,Grocery,5,1901.77,Net Banking,Delivered,Pune,5
3039,15316,Sneha,Female,Electronics,2,3952.16,Net Banking,Delivered,Delhi,4
3934,15143,Priya,Male,Clothing,2,,Net Banking,Delivered,Chennai,3
2076,13992,Sneha,Male,Grocery,2,1846.54,Card,Delivered,Delhi,4
3307,15397,Sneha,Female,Books,5,3461.72,Card,Pending,Bangalore,2
2839,17649,Arjun,Female,Furniture,4,3392.08,UPI,Delivered,Hyderabad,4
4661,12224,Anuja,Female,Books,8,393.11,Net Banking,Delivered,Kolkata,4
4547,15574,Ravi,Female,Grocery,6,715.32,Card,Delivered,Kolkata,5
1223,10318,Arjun,Male,Grocery,1,1029.39,UPI,Delivered,Delhi,4
3246,17377,Pooja,Female,Clothing,7,3640.52,Card,Delivered,Pune,4
4112,16731,Priya,Female,Electronics,9,4679.29,Net Banking,Pending,Mumbai,2
3903,16141,Ravi,Male,Electronics,6,949.13,Cash,Delivered,Bangalore,4
1470,13767,Arjun,Female,Books,8,2343.8,Cash,Delivered,Hyderabad,4
3550,12928,Rahul,Female,Books,8,519.28,Card,Cancelled,Delhi,2
3374,14721,Priya,Male,Electronics,7,3234.18,Net Banking,Cancelled,Delhi,2
1038,17802,Priya,Male,Furniture,4,3027.68,Cash,Delivered,Kolkata,3
4778,10241,Ravi,Male,Electronics,2,327.7,UPI,Delivered,Mumbai,4
2523,15733,Sneha,Male,Furniture,5,3819.7,Card,Pending,Mumbai,3
3239,12130,Sneha,Male,Grocery,7,,Net Banking,Delivered,Delhi,4
3649,17343,Anuja,Male,Furniture,6,3253.35,UPI,Delivered,Chennai,3
1753,11356,Rahul,Male,Electronics,8,700.3,Net Banking,Pending,Pune,4
3433,17318,Neha,Female,Grocery,8,1473.68,Net Banking,Pending,Chennai,3
3091,12996,Kiran,Male,Books,1,4146.32,UPI,Delivered,Chennai,4
3408,18643,Sneha,Female,Clothing,5,220.54,Cash,Delivered,Mumbai,4
3537,17248,Anuja,Male,Furniture,3,699.75,UPI,Delivered,Bangalore,5
2548,18749,Kiran,Male,Electronics,2,4969.36,Cash,Delivered,Mumbai,3
4644,13355,Arjun,Female,Grocery,1,928.12,,Delivered,Hyderabad,4
3853,18783,Rahul,Female,Clothing,9,1415.61,Net Banking,Delivered,Chennai,5
4715,10292,Sneha,Female,Grocery,8,4975.74,Net Banking,Delivered,Bangalore,5
2378,11965,Neha,Male,Grocery,4,4005.94,UPI,Delivered,Kolkata,4
3866,14759,Pooja,Female,Electronics,2,1192.31,Net Banking,Delivered,Pune,4
1983,14385,Ravi,Female,Electronics,5,3012.22,Net Banking,Pending,Mumbai,2
1489,18656,Rahul,Female,Grocery,7,,UPI,Delivered,Kolkata,3
2731,14330,Anuja,Female,Books,3,1152.26,Card,Pending,Kolkata,3
4630,11385,Neha,Male,Books,1,2952.13,UPI,Delivered,Pune,5
3058,18221,Ravi,Male,Grocery,9,1765.42,Net Banking,Delivered,Chennai,4
4609,13153,Kiran,Other,Electronics,1,2514.9,Card,Pending,Hyderabad,3
4435,11473,Kiran,Female,Clothing,1,3536.54,Net Banking,Delivered,Hyderabad,4
4148,16339,Arjun,Female,Clothing,2,2373.91,Card,Delivered,,3
4596,19096,Kiran,Female,Clothing,3,2955.45,Cash,Returned,Pune,2
1218,17066,Pooja,Male,Books,4,3513.29,Net Banking,Delivered,Delhi,3
1883,16157,Amit,Male,Books,5,2170.28,UPI,Delivered,Pune,3
2597,12949,Arjun,Female,Electronics,8,3540.7,Card,Delivered,Bangalore,4
2053,15938,Kiran,Male,Clothing,5,4569.77,Cash,Delivered,Chennai,3
2007,11331,Rahul,Female,Clothing,3,1311.85,Cash,Delivered,Bangalore,3
1433,13231,Sneha,Male,Books,5,1224.18,Net Banking,Pending,Hyderabad,3
3430,13512,Sneha,Female,Clothing,9,,Card,Delivered,Kolkata,4
1302,12233,Neha,Female,Grocery,1,1446.18,Net Banking,Delivered,Delhi,4
1240,15581,Pooja,Male,Clothing,5,4553.99,Card,Pending,Bangalore,2
4943,15723,Sneha,Male,Books,4,4122.82,Net Banking,Delivered,Mumbai,4
2848,11787,Anuja,Male,Electronics,1,4568.51,Cash,Pending,Delhi,3
3394,12581,Rahul,Male,Electronics,7,,Card,Delivered,Chennai,4
1010,19069,Priya,Female,Furniture,5,4450.7,Cash,Delivered,Bangalore,4
2148,11125,Ravi,Male,Grocery,9,1426.5,UPI,Pending,Bangalore,3
3192,11737,Ravi,Other,Clothing,9,4470.91,Net Banking,Delivered,Chennai,4
3907,14147,Ravi,Female,Books,1,1307.86,Net Banking,Delivered,Bangalore,4
4129,12628,Kiran,Female,Electronics,8,1901.11,Net Banking,Delivered,Bangalore,4
3549,18417,Arjun,Male,Books,5,1664.73,UPI,Delivered,Pune,4
2853,16374,Ravi,Female,Furniture,6,1538.16,Cash,Delivered,Mumbai,3
4088,19638,Amit,Female,Grocery,3,929.87,UPI,Pending,Hyderabad,3
3630,11686,Kiran,Male,Clothing,2,3962.06,UPI,Pending,Delhi,3
2991,11083,Neha,Female,Clothing,8,1067.23,Card,Delivered,Kolkata,4
1541,14946,Neha,Female,Clothing,3,1848.65,Card,Delivered,Delhi,4
2622,18239,Neha,Other,Clothing,3,590.33,UPI,Delivered,Kolkata,4
3675,16260,Amit,Male,Clothing,2,673.43,Net Banking,Pending,Chennai,3
3681,11587,Priya,Female,Books,4,3178.24,Net Banking,Delivered,Pune,4
3544,15539,Amit,Female,Clothing,2,,Card,Delivered,Delhi,3
2230,10850,Priya,Male,Clothing,4,4415.19,Cash,Delivered,Mumbai,4
4910,17952,Neha,Male,Books,9,3991.46,Net Banking,Delivered,Delhi,3
2712,14327,Rahul,Male,Grocery,5,4841.5,UPI,Delivered,Bangalore,4
4976,15914,Ravi,Female,Clothing,8,2734.75,Cash,Delivered,Bangalore,4
3368,13765,Sneha,Male,Books,7,2073.18,UPI,Delivered,Delhi,4
2189,12453,Neha,Male,Grocery,3,1690.4,Net Banking,Delivered,Mumbai,4
1823,10701,Sneha,Male,Grocery,8,228.59,Card,Delivered,Hyderabad,4
1741,18737,Sneha,Male,Books,1,4604.55,UPI,Delivered,,4
2164,15909,Rahul,Male,Books,6,3973.05,Net Banking,Delivered,Delhi,4
4253,14187,Arjun,Female,Clothing,2,2019.27,Net Banking,Delivered,Bangalore,5
4896,18748,Pooja,Female,Electronics,2,4057.21,Cash,Cancelled,Kolkata,1
4483,17336,Amit,Female,Grocery,5,527.98,Card,Delivered,Delhi,4
1165,19417,Kiran,Female,Clothing,1,2694.53,Net Banking,Delivered,Mumbai,5
4597,18657,Neha,Female,Electronics,6,2119.57,UPI,Delivered,Mumbai,4
4331,10872,Pooja,Female,Electronics,6,4318.17,UPI,Delivered,,4
4886,12138,Amit,Female,Furniture,1,2536.32,,Pending,Hyderabad,3
3703,18753,Neha,Female,Furniture,7,2846.14,,Pending,Hyderabad,2
3416,16862,Ravi,Male,Books,6,3259.54,Cash,Delivered,Hyderabad,3
2409,18612,Kiran,Male,Grocery,3,3871.12,,Delivered,Pune,4
1774,13896,Pooja,Male,Electronics,2,4645.95,UPI,Delivered,Pune,4
2861,17494,Amit,Male,Electronics,8,1180.68,UPI,Pending,Pune,3
3603,11846,Pooja,Male,Electronics,2,1344.21,Cash,Delivered,Mumbai,4
2462,16659,Priya,Male,Clothing,3,1485.37,Net Banking,Delivered,Pune,5
3640,14046,Anuja,Female,Electronics,5,4074.16,Cash,Delivered,Bangalore,4
3324,18689,Ravi,Female,Grocery,2,836.07,Cash,Delivered,Delhi,4
2892,18302,Sneha,Female,Electronics,8,2562.93,UPI,Returned,Kolkata,1
3850,19940,Ravi,Male,Clothing,7,3575.07,Net Banking,Pending,Mumbai,2
2504,15587,Priya,Other,Furniture,9,2563.29,,Delivered,Kolkata,4
2736,18116,Sneha,Male,Clothing,7,2104.85,Card,Pending,Pune,4
4456,18853,Ravi,Male,Electronics,8,1507.51,Cash,Delivered,Bangalore,5
4744,18074,Kiran,Male,Clothing,9,1696.15,Cash,Delivered,Pune,4
3705,18984,Sneha,Male,Electronics,4,3088.91,UPI,Delivered,Delhi,3
3081,17366,Anuja,Female,Furniture,6,3162.18,UPI,Delivered,Bangalore,5
4435,19487,Arjun,Male,Clothing,5,4399.04,Cash,Delivered,Kolkata,4
4058,18461,Priya,Female,Books,2,2041.1,Card,Delivered,Mumbai,4
1086,18303,Amit,Female,Grocery,9,329.26,Card,Delivered,Hyderabad,4
3911,11502,,Female,Electronics,2,2515.84,Net Banking,Delivered,Kolkata,5
1524,18089,Pooja,Female,Furniture,1,4633.79,UPI,Delivered,Delhi,4
3253,18761,Ravi,Male,Grocery,9,4458.02,Card,Delivered,Bangalore,4
2434,18032,,Female,Electronics,8,2895.03,Card,Cancelled,Bangalore,2
3879,11445,Sneha,Female,Electronics,2,2196.33,Cash,Delivered,Mumbai,4
1292,19969,,Male,Electronics,8,957.62,Net Banking,Pending,,3
4180,10494,Arjun,Male,Electronics,7,792.17,Cash,Cancelled,Mumbai,2
4131,10689,Priya,Female,Books,9,4677.92,Card,Cancelled,Delhi,3
3667,13034,Ravi,Male,Electronics,7,2711.89,Card,Delivered,Delhi,5
4135,11452,Anuja,Female,Books,7,4333.84,Net Banking,Pending,Delhi,4
3831,16412,Priya,Female,Books,9,1202.39,UPI,Cancelled,Bangalore,2
4062,14273,Priya,Female,Furniture,9,1885.62,Net Banking,Pending,Kolkata,2
1728,12624,Kiran,Female,Electronics,1,3235.26,Cash,Delivered,Hyderabad,4
1619,18875,Arjun,Female,Books,7,591.92,UPI,Cancelled,Kolkata,2
3993,10660,Amit,Male,Electronics,4,3499.7,Net Banking,Delivered,Mumbai,5
4322,15913,Sneha,Male,Clothing,6,3487.47,Cash,Delivered,Bangalore,4
4863,12833,Kiran,Female,Furniture,1,1879.1,UPI,Pending,Chennai,3
2141,19713,Priya,Female,Furniture,2,4645.29,Net Banking,Pending,Mumbai,2
2891,11820,Neha,Male,Grocery,1,4123.27,Card,Delivered,Bangalore,4
4828,19971,Neha,Male,Furniture,2,3717.08,Cash,Delivered,Bangalore,4
2251,15747,Neha,Female,Electronics,6,3136.5,UPI,Delivered,Kolkata,3
3936,11186,Ravi,Male,Electronics,7,2541.7,UPI,Pending,Mumbai,4
2325,15273,Pooja,Female,Grocery,1,,Card,Returned,Chennai,1
1484,10058,Ravi,Female,Books,2,4358.69,UPI,Cancelled,Chennai,1
3271,19216,Ravi,Female,Electronics,3,,Card,Pending,Chennai,2
3309,11999,Rahul,Female,Grocery,6,2264.1,Net Banking,Delivered,Mumbai,4
3334,19450,Anuja,Male,Furniture,5,1938.32,Net Banking,Delivered,Delhi,3
1605,13855,Rahul,Female,Clothing,4,2690.62,Net Banking,Delivered,Delhi,5
3255,12064,Amit,Female,Grocery,4,866.12,Card,Delivered,Hyderabad,4
3258,18720,Kiran,Male,Furniture,4,3085.58,Card,Delivered,Bangalore,4
4054,19351,Pooja,Female,Furniture,5,1792.47,Card,Returned,Hyderabad,1
1887,12124,Kiran,Male,Electronics,3,4299.43,UPI,Delivered,Delhi,4
2310,12464,Arjun,Male,Clothing,8,1099.44,UPI,Pending,Hyderabad,2
1000,13060,Neha,Male,Furniture,9,2236.86,UPI,Delivered,Bangalore,5
3410,19828,Kiran,Male,Clothing,2,720.98,Card,Delivered,Bangalore,4
3321,11379,Neha,Male,Electronics,6,3532.99,UPI,Cancelled,Delhi,2
1664,17594,Neha,Female,Grocery,7,4870.07,Card,Delivered,Bangalore,3
4678,11089,Amit,Female,Furniture,9,1711.84,Net Banking,Cancelled,Mumbai,1
4560,11769,Sneha,Female,Furniture,7,1187.56,UPI,Delivered,Kolkata,4
3461,12186,Sneha,Female,Electronics,7,4042.13,UPI,Delivered,Pune,3
1208,11234,Amit,Female,Furniture,6,4398.66,Card,Pending,Bangalore,3
3298,17144,Ravi,Other,Clothing,3,1415.96,UPI,Delivered,Chennai,5
1958,14889,Sneha,Female,Furniture,3,3428.84,Card,Delivered,Bangalore,5
2577,13094,Sneha,Female,Grocery,5,2307.18,Cash,Cancelled,Delhi,2
3711,19910,Kiran,Female,Electronics,3,3991.88,Net Banking,Pending,Pune,3
1562,10510,Priya,Male,Electronics,9,,Card,Delivered,Hyderabad,4
2634,13483,Rahul,Female,Clothing,8,4424.2,Cash,Pending,Mumbai,2
4861,15270,Anuja,Male,Grocery,8,131.73,UPI,Delivered,Mumbai,3
2951,12070,Rahul,Female,Grocery,5,2011.11,Net Banking,Delivered,Kolkata,4
4733,18554,Priya,Female,Clothing,6,2217.98,Card,Delivered,Kolkata,4
2935,15246,Neha,Female,Electronics,2,4303.78,UPI,Delivered,Bangalore,3
3134,14542,Kiran,Female,Grocery,5,1332.34,Card,Returned,,3
3883,19497,Ravi,Female,Grocery,4,2162.29,Cash,Pending,Hyderabad,3
1377,17496,Arjun,Female,Books,5,3174.81,Net Banking,Delivered,Pune,4
4122,10028,Ravi,Male,Books,6,1189.87,UPI,Delivered,Hyderabad,5
3153,13260,Amit,Female,Grocery,8,2089.27,Cash,Returned,Chennai,3
3123,19179,Amit,Female,Furniture,1,3010.11,Net Banking,Delivered,,5
1976,19592,Arjun,Male,Books,5,2110.87,Card,Delivered,Pune,4
1433,15294,Neha,Female,Books,7,4660.98,UPI,Returned,Delhi,3
2012,14114,Neha,Male,Furniture,7,2363.96,Card,Pending,,3
3720,12322,Neha,Male,Electronics,7,4122.56,Net Banking,Delivered,Bangalore,4
4992,18367,Anuja,Male,Books,6,2356.87,Card,Delivered,Delhi,5
2795,13631,Arjun,Male,Clothing,6,1263.07,Card,Delivered,Chennai,3
4831,19167,Priya,Male,Grocery,2,2411.98,Card,Pending,Delhi,3
4840,18382,Neha,Male,Grocery,9,3250.15,Cash,Delivered,Mumbai,3
1585,11104,Sneha,Female,Grocery,4,922.94,Net Banking,Delivered,Chennai,4
2155,12073,Kiran,Male,Books,8,2077.16,Net Banking,Delivered,Delhi,4
3401,17637,Arjun,Male,Grocery,2,2147.56,Card,Delivered,Chennai,5
1330,16661,,Male,Grocery,9,4777.71,Net Banking,Delivered,Delhi,5
3568,14318,Kiran,Male,Grocery,8,1791.68,Card,Pending,Bangalore,3
1729,12205,Rahul,Female,Books,7,445.97,Net Banking,Delivered,Hyderabad,4
4314,10880,,Female,Clothing,5,1542.1,Net Banking,Delivered,Pune,4
2351,16764,Sneha,Male,Books,2,2724.68,Net Banking,Delivered,Hyderabad,5
1633,19582,Kiran,Other,Books,9,4783.47,,Delivered,Hyderabad,5
4454,19200,Rahul,Male,Electronics,9,4218.61,UPI,Delivered,Pune,4
4336,16028,Priya,Female,Books,9,815.28,UPI,Pending,Mumbai,2
3849,16342,Anuja,Female,Furniture,8,,Cash,Delivered,Delhi,4
4907,14145,Amit,Female,Grocery,2,963.91,Cash,Cancelled,Kolkata,2
3218,14103,,Male,Grocery,5,4434.76,Net Banking,Delivered,Hyderabad,3
3345,14177,Anuja,Female,Electronics,6,3338.18,Cash,Delivered,Bangalore,3
2043,12463,Ravi,Male,Furniture,2,4221.93,Card,Delivered,Pune,4
4050,18787,Amit,Female,Books,9,4916.97,,Delivered,Mumbai,4
3512,13849,Amit,Female,Grocery,3,4305.48,Card,Delivered,Bangalore,4
1700,17614,Kiran,Female,Clothing,8,2793.08,,Delivered,Bangalore,4
3983,10619,Arjun,Female,Clothing,5,3971.3,UPI,Delivered,Chennai,4
1197,16709,Ravi,Male,Grocery,5,4786.7,Net Banking,Returned,Pune,2
2611,14105,Anuja,Male,Furniture,6,2574.85,Net Banking,Delivered,Mumbai,4
2939,10071,Arjun,Male,Books,7,1282.4,Cash,Returned,Delhi,1
2147,13605,Kiran,Female,Electronics,6,2385.35,Cash,Delivered,Bangalore,4
2479,14959,Kiran,Female,Electronics,9,2372.31,UPI,Pending,Pune,3
3243,18378,Ravi,Male,Electronics,5,1947.11,UPI,Pending,Bangalore,3
1374,13312,Ravi,Male,Electronics,9,2772.34,Card,Delivered,,4
3079,18109,Rahul,Male,Electronics,9,3738.89,Card,Delivered,Bangalore,4
4249,11524,Priya,Female,Furniture,4,3908.27,,Cancelled,Mumbai,2
1343,12285,Arjun,Male,Books,3,4581.1,Net Banking,Pending,Bangalore,3
4062,16247,Neha,Male,Grocery,6,2847.59,Card,Delivered,Bangalore,4
4013,12036,Pooja,Male,Clothing,6,3162.23,Card,Delivered,Kolkata,4
3391,16467,Kiran,Male,Books,7,2383.26,Net Banking,Delivered,Kolkata,4
4959,19707,,Male,Clothing,5,4048.13,UPI,Cancelled,Chennai,2
1556,11908,Ravi,Female,Electronics,6,1839.87,UPI,Cancelled,Pune,2
4518,10605,Kiran,Female,Furniture,5,4279.66,Cash,Cancelled,Pune,2
3398,12382,Arjun,Female,Electronics,5,4574.36,UPI,Returned,Hyderabad,2
4636,10075,Arjun,Male,Electronics,3,1123.44,Net Banking,Pending,Mumbai,2
4072,13873,Pooja,Male,Books,2,453.62,UPI,Pending,Hyderabad,4
2287,13160,Pooja,Female,Clothing,5,1320.31,Net Banking,Returned,Pune,1
1959,10020,Kiran,Male,Clothing,5,2415.79,UPI,Delivered,Mumbai,4
1633,16761,Ravi,Female,Grocery,5,1077.57,UPI,Delivered,,4
1574,14507,,Female,Electronics,9,1031.46,UPI,Delivered,Kolkata,4
2772,11399,Amit,Male,Furniture,4,691.53,Cash,Delivered,Mumbai,3
4645,17202,Anuja,Male,Electronics,6,1450.54,UPI,Delivered,Bangalore,5
4774,12758,Sneha,Male,Grocery,3,3872.46,Card,Delivered,Hyderabad,4
4465,17095,Anuja,Female,Electronics,8,4352.82,Card,Delivered,Delhi,4
4991,12569,Ravi,Female,Books,7,3707.23,Cash,Delivered,Mumbai,4
1362,16998,Anuja,Female,Books,1,4428.46,Card,Delivered,Bangalore,3
4634,15475,Ravi,Female,Clothing,1,3592.73,Net Banking,Delivered,Chennai,4
4761,17902,Anuja,Female,Books,5,3411.01,UPI,Delivered,Pune,4
1520,11181,Anuja,Male,Furniture,4,355.73,Net Banking,Pending,Pune,3
2567,10749,Pooja,Female,Books,6,1455.7,Cash,Delivered,Mumbai,3
3589,14190,Pooja,Other,Clothing,4,532.56,UPI,Delivered,Delhi,5
2478,10877,Amit,Female,Grocery,4,852.87,Cash,Delivered,Mumbai,4
4175,16575,Amit,Female,Clothing,2,766.2,Cash,Cancelled,Bangalore,2
2082,19967,Sneha,Male,Electronics,2,2997.8,Cash,Delivered,Kolkata,4
3066,15745,Arjun,Male,Electronics,2,716.33,Cash,Returned,Mumbai,2
4335,17960,,Female,Grocery,4,4887.23,UPI,Pending,Delhi,2
4461,11223,Kiran,Male,Books,5,1861.52,Card,Delivered,Kolkata,4
1556,19292,Sneha,Male,Books,8,1402.42,Net Banking,Pending,Mumbai,4
1586,10709,Neha,Female,Clothing,9,3965.35,Net Banking,Delivered,Delhi,5
3120,14496,Neha,Male,Grocery,1,244.75,Cash,Delivered,Bangalore,5
1659,10881,Anuja,Female,Grocery,7,2558.04,UPI,Delivered,Mumbai,4
3741,19835,Sneha,Female,Furniture,9,501.42,,Delivered,Chennai,4
3666,18719,Pooja,Male,Furniture,7,3531.28,Net Banking,Delivered,Delhi,3
1912,18031,Amit,Male,Furniture,5,3366.7,Card,Delivered,Chennai,4
1417,19807,Priya,Male,Grocery,4,4066.99,UPI,Delivered,Chennai,4
1875,14133,Neha,Male,Clothing,7,1738.15,Card,Delivered,Pune,4
1156,19106,Pooja,Female,Electronics,7,1003.03,Net Banking,Delivered,Delhi,4
1650,15681,Priya,Female,Clothing,8,2116.63,Net Banking,Delivered,Delhi,5
3798,14370,Pooja,Female,Clothing,8,2610.99,UPI,Returned,Bangalore,2
3020,13430,Amit,Female,Grocery,5,3420.66,Cash,Delivered,Chennai,4
2016,10458,Arjun,Female,Books,3,1935.38,Net Banking,Delivered,Mumbai,4
1404,14576,Sneha,Female,Books,4,502.85,Cash,Pending,Mumbai,2
3062,10021,Anuja,Other,Books,1,1716.59,UPI,Delivered,Delhi,3
3655,10941,Ravi,Other,Electronics,5,,Card,Delivered,Delhi,4
2574,14071,Amit,Other,Books,3,459.74,Cash,Delivered,Bangalore,5
4755,19292,Rahul,Female,Furniture,6,1563.63,UPI,Delivered,Chennai,4
3042,16563,Kiran,Female,Clothing,4,1215.72,Cash,Delivered,Pune,4
3001,11546,Neha,Female,Books,3,4604.11,Cash,Delivered,Kolkata,3
2829,18955,Arjun,Male,Books,4,2974.65,Card,Returned,Kolkata,2
3831,13367,Kiran,Male,Books,8,4772.42,Card,Delivered,Chennai,4
2938,11851,Rahul,Male,Electronics,2,1965.76,Cash,Delivered,Hyderabad,4
4637,14753,,Male,Electronics,4,1505.9,UPI,Delivered,Mumbai,3
4104,14784,Priya,Male,Furniture,4,2256.62,Net Banking,Cancelled,Kolkata,1
4261,10677,,Male,Books,8,3253.48,Cash,Delivered,Kolkata,5
3608,16337,Ravi,Female,Grocery,5,2656.93,Card,Delivered,Mumbai,4
2638,11359,Sneha,Male,Electronics,5,859.75,Card,Delivered,Pune,4
3234,13185,Kiran,Male,Furniture,8,4772.11,Net Banking,Delivered,Pune,4
2884,18050,Sneha,Female,Grocery,2,1453.44,Net Banking,Delivered,Kolkata,3
2288,19321,Anuja,Other,Grocery,7,2785.51,Net Banking,Delivered,Kolkata,5
1035,14288,Anuja,Female,Electronics,7,2168.32,Card,Delivered,Bangalore,3
2494,18733,Anuja,Male,Electronics,3,2239.71,Net Banking,Cancelled,Chennai,2
2031,15682,Anuja,Male,Electronics,7,104.8,Cash,Pending,Pune,3
2098,18128,Amit,Female,Clothing,2,3721.2,Cash,Delivered,Mumbai,4
2823,11232,Pooja,Female,Grocery,6,308.97,UPI,Delivered,Pune,4
3667,19828,Neha,Female,Clothing,1,4807.69,UPI,Delivered,Bangalore,5
4585,15740,Pooja,Male,Grocery,2,1493.91,UPI,Delivered,Hyderabad,3
4064,15722,Neha,Male,Clothing,5,359.07,Cash,Cancelled,Pune,2
3158,10951,Pooja,Male,Furniture,9,4489.8,Cash,Delivered,,4
3206,11663,,Male,Clothing,3,2516.22,Card,Cancelled,Kolkata,2
2544,19164,Ravi,Female,Electronics,2,2087.19,UPI,Delivered,Pune,3
3796,10452,Priya,Male,Books,5,1540.76,Card,Delivered,Pune,5
2474,18176,Ravi,Male,Furniture,3,1905.62,Card,Cancelled,Hyderabad,2
4191,17190,Anuja,Male,Grocery,9,595.85,Net Banking,Pending,Chennai,3
2902,10914,Sneha,Male,Electronics,9,577.62,UPI,Delivered,Pune,4
4281,14036,Rahul,Female,Books,5,,UPI,Pending,Kolkata,4
2639,10667,Neha,Female,Furniture,6,,UPI,Delivered,Delhi,4
1997,11233,Kiran,Female,Furniture,4,376.8,Cash,Delivered,Delhi,4
1784,12427,Neha,Female,Clothing,5,850.03,Net Banking,Delivered,Delhi,4
4110,10539,Priya,Male,Books,5,3340.02,Card,Delivered,Pune,4
2514,15766,Sneha,Male,Electronics,7,4363.07,UPI,Delivered,Bangalore,3
1531,12983,Priya,Female,Grocery,5,4694.7,UPI,Cancelled,Hyderabad,2
3989,10947,Pooja,Male,Electronics,8,2802.82,UPI,Delivered,Hyderabad,3
3913,19176,Ravi,Female,Electronics,9,4186.42,UPI,Delivered,Mumbai,4
3037,18408,Ravi,Male,Furniture,8,3392.89,Cash,Delivered,Kolkata,4
3285,15255,Sneha,Male,Grocery,5,4990.77,UPI,Pending,Mumbai,3
1687,18990,Priya,Female,Clothing,6,456.6,Cash,Delivered,Hyderabad,4
1434,10477,Pooja,Female,Grocery,8,259.42,Net Banking,Cancelled,,2
1825,14552,Priya,Female,Electronics,1,4441.45,UPI,Delivered,Hyderabad,5
4246,15817,Ravi,Female,Electronics,3,3473.66,UPI,Pending,Chennai,3
3409,19787,Sneha,Female,Grocery,1,4742.31,Net Banking,Pending,Pune,4
1225,19856,Arjun,Female,Electronics,1,1932.46,Net Banking,Pending,Pune,2
4995,19536,Sneha,Female,Electronics,5,2760.73,Net Banking,Delivered,Kolkata,4
3218,19866,Arjun,Female,Grocery,9,3059.36,Card,Delivered,Kolkata,4
2555,16800,Kiran,Female,Grocery,4,1290.59,Card,Cancelled,Kolkata,2
2811,19983,Pooja,Female,Grocery,9,4595.63,Cash,Delivered,Delhi,5
3743,18974,Priya,Female,Furniture,7,3482.72,Cash,Cancelled,Mumbai,2
2398,16787,Pooja,Female,Books,3,1511.89,UPI,Pending,Kolkata,2
2346,19915,Rahul,Female,Furniture,1,2815.48,Net Banking,Delivered,Kolkata,4
2704,15648,Priya,Female,Books,3,4965.07,Cash,Delivered,Kolkata,3
2792,14976,Pooja,Female,Electronics,1,1434.82,Cash,Pending,Pune,3
4232,14695,Amit,Female,Books,8,1918.88,Net Banking,Pending,Mumbai,3
2247,15295,Anuja,Male,Furniture,1,3945.95,UPI,Delivered,Pune,5
2540,16673,Anuja,Female,Furniture,3,,UPI,Pending,Bangalore,3
1466,14152,Sneha,Female,Electronics,6,3749.7,Card,Delivered,Mumbai,5
3897,16548,Anuja,Female,Clothing,9,1753.04,,Pending,,2
1024,10132,Neha,Female,Clothing,5,2109.4,Net Banking,Delivered,Bangalore,4
2140,17982,Sneha,Male,Grocery,2,966.94,UPI,Cancelled,Bangalore,1
2527,14354,Neha,Male,Grocery,8,1611.37,Cash,Delivered,Mumbai,4
4152,12637,Rahul,Male,Grocery,6,888.39,UPI,Returned,Bangalore,2
2734,17351,Pooja,Female,Books,4,1916.02,Cash,Cancelled,Pune,3
3949,14374,Sneha,Other,Grocery,7,1330.85,Cash,Delivered,Kolkata,4
1983,17695,Rahul,Female,Electronics,4,751.26,Cash,Delivered,Delhi,4
3140,16310,Ravi,Female,Clothing,8,2960.35,UPI,Delivered,Chennai,3
1117,18258,Arjun,Male,Furniture,3,1820.43,Net Banking,Delivered,Delhi,5
1342,13046,Pooja,Female,Furniture,3,3954.61,Net Banking,Delivered,Mumbai,4
2861,16002,Pooja,Male,Electronics,3,2734.34,UPI,Pending,Delhi,2
2177,16343,Ravi,Male,Electronics,4,4695.11,Cash,Cancelled,Delhi,3
3102,15066,Rahul,Female,Grocery,1,4560.57,Net Banking,Delivered,Delhi,5
3305,10233,Neha,Female,Clothing,6,4593.3,Card,Delivered,Bangalore,4
4472,13241,Kiran,Female,Grocery,2,2536.23,Net Banking,Delivered,Chennai,4
2112,12511,Kiran,Male,Books,4,4275.81,UPI,Delivered,Kolkata,3
3190,19001,Arjun,Male,Clothing,4,1507.51,UPI,Cancelled,Chennai,1
4884,13262,Rahul,Female,Clothing,4,2842.23,Cash,Delivered,Bangalore,4
4356,11564,Anuja,Male,Clothing,8,1148.53,Net Banking,Delivered,Hyderabad,4
1406,10690,Rahul,Male,Electronics,4,2227.4,Cash,Delivered,Hyderabad,3
1224,13078,Anuja,Female,Grocery,3,2855.04,Net Banking,Cancelled,Mumbai,1
4452,16470,Kiran,Female,Grocery,8,992.16,Cash,Cancelled,Bangalore,2
1627,10118,Ravi,Female,Clothing,4,2050.18,Cash,Delivered,Kolkata,4
4398,14301,,Female,Furniture,2,1171.64,,Delivered,Delhi,4
1600,14232,Ravi,Female,Clothing,1,920.08,Net Banking,Delivered,Bangalore,4
3081,18123,Amit,Female,Electronics,5,2326.96,Cash,Delivered,Kolkata,5
3546,10400,Kiran,Male,Furniture,6,1198.84,Net Banking,Delivered,Bangalore,4
2474,16693,Sneha,Male,Furniture,7,457.03,UPI,Cancelled,Kolkata,2
4906,15073,Sneha,Female,Grocery,3,424.78,Card,Delivered,Pune,5
1081,14234,Priya,Female,Books,8,1975.98,UPI,Delivered,Hyderabad,4
4832,15444,Amit,Male,Electronics,8,3972.43,Card,Delivered,Mumbai,3
3826,14687,Arjun,Female,Furniture,2,4587.33,Card,Pending,Chennai,3
3503,18998,Priya,Female,Clothing,2,724.61,UPI,Delivered,Chennai,4
1108,13013,Neha,Female,Clothing,8,,,Delivered,Pune,5
4261,11127,Neha,Female,Clothing,8,4193.67,Net Banking,Delivered,Hyderabad,4
4553,11896,Arjun,Female,Electronics,3,2252.14,Cash,Delivered,Mumbai,5
3532,17074,Sneha,Female,Furniture,5,707.37,Cash,Delivered,Chennai,3
1853,12419,Neha,Female,Clothing,1,4016.47,UPI,Delivered,Pune,4
2631,12401,Sneha,Female,Grocery,3,3279.45,Card,Delivered,Pune,4
3105,19877,Priya,Female,Clothing,7,,Card,Pending,Chennai,3
2935,18567,Priya,Female,Grocery,2,1390.64,Cash,Delivered,,4
3506,15774,Arjun,Female,Furniture,4,3605.08,UPI,Delivered,Bangalore,5
4201,11878,Pooja,Female,Clothing,9,4722.91,Card,Delivered,Chennai,4
4807,16749,,Male,Books,2,4855.48,,Cancelled,Bangalore,3
4805,11091,Anuja,Male,Furniture,1,1324.56,UPI,Delivered,Pune,4
3733,17406,Rahul,Female,Grocery,5,3186.37,Net Banking,Delivered,Bangalore,3
3631,18634,Anuja,Male,Furniture,1,4656.36,Card,Delivered,,5
3203,11189,Sneha,Female,Electronics,2,4841.46,Cash,Delivered,Chennai,3
2337,11178,Kiran,Female,Grocery,7,731.99,Cash,Pending,Chennai,3
2933,17842,Kiran,Male,Books,8,169.21,Net Banking,Returned,Pune,3
2282,18347,Anuja,Male,Grocery,9,1707.36,Net Banking,Delivered,Hyderabad,5
4599,16984,Pooja,Male,Electronics,8,3052.17,UPI,Cancelled,Bangalore,3
1933,16236,Anuja,Female,Clothing,1,604.13,Cash,Pending,Chennai,3
3606,16780,Arjun,Female,Books,6,2227.82,Card,Delivered,Hyderabad,4
2595,18772,Arjun,Female,Furniture,3,332.05,UPI,Delivered,Bangalore,4
1860,18966,Anuja,Male,Grocery,4,1062.64,Net Banking,Delivered,Chennai,4
4911,13613,Pooja,Female,Books,6,854.49,Cash,Delivered,Mumbai,4
2062,16721,Arjun,Female,Grocery,3,938.06,Cash,Delivered,Delhi,3
4376,18073,Sneha,Female,Furniture,1,227.72,Cash,Returned,Hyderabad,2
3140,18080,Amit,Female,Grocery,5,3613.02,UPI,Delivered,Bangalore,4
2567,13975,Ravi,Male,Books,2,2405.82,Cash,Delivered,Hyderabad,4
2724,19148,Anuja,Female,Clothing,1,3811.23,Cash,Pending,Chennai,3
2770,11404,Arjun,Other,Grocery,7,2510.24,UPI,Delivered,Pune,4
4109,10679,Anuja,Other,Clothing,7,582.37,,Delivered,Bangalore,3
4996,13478,Neha,Female,Furniture,6,1437.98,Cash,Delivered,Mumbai,3
1962,16932,Sneha,Female,Electronics,2,2769,UPI,Delivered,Kolkata,4
1059,18565,Amit,Male,Books,6,2704.97,Card,Delivered,Delhi,4
2857,19081,Ravi,Other,Furniture,2,1262.88,UPI,Delivered,Delhi,4
4537,19990,Amit,Male,Furniture,5,910.99,UPI,Delivered,Pune,4
3043,12416,Priya,Male,Electronics,6,,Cash,Cancelled,Hyderabad,2
3217,17925,Sneha,Male,Clothing,7,2293.6,UPI,Delivered,Pune,4
3211,12523,Anuja,Female,Furniture,5,859.91,Card,Delivered,Delhi,4
3704,15167,Amit,Female,Clothing,1,2914.66,UPI,Delivered,Pune,5
1750,17740,Kiran,Female,Clothing,1,1445.87,Net Banking,Pending,Pune,4
3768,15310,Anuja,Female,Grocery,3,4148.64,UPI,Delivered,,4
4594,15447,Amit,Male,Electronics,5,4440.94,Cash,Delivered,,4
2390,17411,Ravi,Male,Books,7,1322.9,UPI,Pending,Pune,4
3088,19182,Sneha,Male,Clothing,4,4369.14,UPI,Delivered,,3
1792,19797,Kiran,Male,Furniture,2,1482.26,Cash,Delivered,Kolkata,4
4083,16587,Rahul,Female,Books,3,2151.39,UPI,Delivered,Pune,4
3394,13928,Sneha,Female,Clothing,1,497.73,Net Banking,Delivered,Kolkata,5
1680,10747,Ravi,Male,Clothing,6,1719.96,Net Banking,Delivered,Hyderabad,4
1009,13192,Kiran,Female,Clothing,9,2533.99,Cash,Delivered,Kolkata,5
3001,16818,Sneha,Male,Clothing,6,1916.18,UPI,Delivered,Kolkata,3
2006,18596,Kiran,Female,Clothing,5,2792.21,Cash,Cancelled,Kolkata,1
4058,12015,Arjun,Male,Furniture,1,126.36,Net Banking,Pending,,4
1288,13796,Anuja,Female,Grocery,5,3172.83,UPI,Delivered,Kolkata,4
3750,16574,Amit,Female,Clothing,1,,Net Banking,Delivered,Kolkata,4
2633,14443,Ravi,Female,Electronics,7,2457.32,Cash,Returned,Kolkata,1
3591,16762,Ravi,Male,Grocery,5,549.96,Net Banking,Cancelled,Pune,2
1430,17119,Sneha,Female,Books,8,775.51,Card,Delivered,,5
3634,16347,Rahul,Male,Furniture,5,627.18,UPI,Delivered,Kolkata,4
1684,19228,Amit,Female,Grocery,8,2109.29,Net Banking,Delivered,Bangalore,4
3518,17282,Priya,Male,Furniture,5,4933.2,Card,Delivered,Delhi,4
3708,16684,Priya,Male,Clothing,6,282.39,UPI,Delivered,Pune,4
4737,15691,Neha,Male,Clothing,6,1425.2,Card,Cancelled,Kolkata,1
2715,10495,Priya,Female,Grocery,8,1542.46,Card,Delivered,Kolkata,5
3177,13480,Pooja,Female,Clothing,2,3340.02,UPI,Delivered,Hyderabad,5
4158,17807,Kiran,Male,Books,1,2843.27,UPI,Delivered,Mumbai,3
1846,13308,Pooja,Other,Books,6,3499.82,Net Banking,Delivered,Bangalore,4
4594,12394,Sneha,Male,Clothing,6,,UPI,Delivered,Bangalore,4
4623,15720,Priya,Male,Clothing,6,3860.92,UPI,Delivered,Pune,4
4768,11421,Sneha,Female,Books,9,4068.71,Net Banking,Delivered,Delhi,4
4504,10497,Neha,Male,Books,5,2939.51,Card,Delivered,Hyderabad,4
1861,10845,Amit,Male,Books,5,4197.75,Card,Delivered,Chennai,3
1488,10486,Anuja,Male,Grocery,5,2042.97,Cash,Pending,Pune,3
3767,11308,Kiran,Female,Electronics,5,274.25,Card,Pending,Mumbai,3
4682,11650,Kiran,Male,Grocery,9,989.52,Card,Pending,Kolkata,2
2006,13212,,Other,Clothing,4,1255,Card,Delivered,Delhi,5
3565,17746,Neha,Female,Books,7,1869.38,Card,Pending,Delhi,2
3569,13670,Sneha,Female,Electronics,7,325.23,Net Banking,Delivered,Bangalore,3
3308,10597,Kiran,Male,Furniture,4,3186.86,Card,Delivered,Bangalore,4
2500,13446,Amit,Female,Furniture,6,2621.63,,Pending,Pune,3
2358,11781,Kiran,Male,Furniture,6,1398.49,Net Banking,Delivered,Pune,4
4561,16521,Amit,Male,Clothing,5,3885.24,Cash,Delivered,Bangalore,4
2851,17173,Arjun,Male,Electronics,6,3241.35,Net Banking,Delivered,Mumbai,3
2863,17470,Sneha,Female,Furniture,3,1825.86,UPI,Delivered,Hyderabad,4
4903,17614,,Female,Clothing,8,4786.63,Card,Cancelled,Delhi,2
2246,12316,Neha,Male,Electronics,1,4264.96,UPI,Delivered,Pune,3
2907,18330,Amit,Female,Electronics,3,3065.78,,Cancelled,Pune,2
1112,19075,Priya,Female,Clothing,9,1536.22,Card,Delivered,Bangalore,5
3668,19695,Ravi,Male,Clothing,6,3267.82,UPI,Delivered,Mumbai,4
1857,13022,Priya,Female,Clothing,2,430.75,Cash,Pending,Mumbai,4
3451,18632,Rahul,Male,Books,2,1548.61,UPI,Returned,Bangalore,2
3468,13132,Rahul,Male,Furniture,6,1842.41,Card,Delivered,Pune,3
3378,16618,Rahul,Female,Books,5,769.7,Card,Delivered,Chennai,4
1273,14130,Neha,Female,Clothing,8,4549.47,Net Banking,Delivered,Bangalore,4
3483,15492,Kiran,Male,Grocery,4,3392.63,UPI,Delivered,Chennai,3
3253,19448,Kiran,Other,Electronics,7,1890.4,UPI,Delivered,Kolkata,4
3511,16784,Sneha,Female,Books,6,2051.85,UPI,Delivered,Bangalore,4
4490,14419,Anuja,Male,Electronics,9,1118.23,Cash,Delivered,Bangalore,4
4408,11381,Arjun,Male,Grocery,8,4074.04,Cash,Delivered,,4
3773,16299,Rahul,Male,Electronics,7,1856.06,Card,Delivered,Kolkata,4
3317,15515,Rahul,Other,Grocery,7,876.6,Card,Cancelled,Hyderabad,2
4791,16321,Amit,Female,Clothing,8,859.61,Net Banking,Delivered,Pune,3
3448,12369,Ravi,Female,Books,2,3828.73,Card,Delivered,Kolkata,4
1656,16827,Anuja,Female,Clothing,1,4748.48,UPI,Delivered,,3
1762,12779,,Female,Furniture,8,4927.39,Card,Pending,Hyderabad,3
2099,15392,Arjun,Female,Furniture,8,3370.44,Card,Delivered,Kolkata,5
3087,18297,Pooja,Male,Electronics,3,1175.13,Card,Delivered,Mumbai,4
4815,15179,Pooja,Male,Grocery,5,2214.68,Card,Pending,Delhi,3
3975,19285,Kiran,Female,Books,6,2281.16,Card,Delivered,Hyderabad,4
3617,13016,,Other,Electronics,6,3564.93,Card,Pending,Chennai,4
2505,11736,Arjun,Female,Clothing,5,,Net Banking,Pending,Pune,3
3612,13307,Ravi,Female,Grocery,9,4272.17,Cash,Cancelled,Kolkata,2
1528,15032,Arjun,Male,Books,9,637.15,Card,Pending,Hyderabad,3
3324,18520,Amit,Female,Clothing,7,1347.47,Card,Delivered,Pune,5
4030,14264,Kiran,Male,Clothing,2,4251.46,Cash,Delivered,Kolkata,5
4365,11308,Anuja,Female,Electronics,3,1355.94,Cash,Cancelled,Hyderabad,1
3525,10398,Neha,Female,Electronics,4,4316.09,Net Banking,Returned,Chennai,3
1226,17044,Arjun,Female,Electronics,3,1584.64,Net Banking,Delivered,Bangalore,3
2316,12022,Amit,Female,Books,2,4970.15,Net Banking,Delivered,Bangalore,4
4928,19280,Arjun,Male,Grocery,5,3285.51,Net Banking,Delivered,Bangalore,5
3920,12570,Ravi,Male,Furniture,2,3266.61,Card,Delivered,Delhi,4
4229,15885,Rahul,Male,Furniture,8,2109.33,Cash,Delivered,Mumbai,5
4918,12372,Ravi,Female,Clothing,3,2056.3,Net Banking,Delivered,Pune,4
3369,13098,Rahul,Male,Grocery,6,3153.47,Card,Delivered,Chennai,4
4385,15636,Kiran,Male,Furniture,1,4829.59,Cash,Delivered,Bangalore,4
1837,12944,Amit,Female,Books,9,3260.43,UPI,Delivered,Kolkata,4
3611,19734,Pooja,Female,Furniture,3,3098.05,Net Banking,Cancelled,Pune,2
2409,10604,Ravi,Male,Electronics,3,2450.01,Net Banking,Pending,Mumbai,3
2041,12089,Neha,Female,Electronics,6,2463.05,,Delivered,Bangalore,4
3151,11569,Kiran,Male,Books,7,1330.26,Net Banking,Delivered,Mumbai,4
3096,15455,Amit,Female,Clothing,5,635.28,Net Banking,Delivered,Chennai,4
3030,16955,Amit,Male,Grocery,4,4191.17,Net Banking,Delivered,Delhi,3
4823,13920,Neha,Female,Furniture,7,4205.33,Net Banking,Delivered,Kolkata,4
1669,17959,Amit,Male,Furniture,6,2184.42,Net Banking,Pending,Hyderabad,4
3554,15420,Arjun,Female,Electronics,9,1544.48,Net Banking,Delivered,Delhi,5
1909,18348,Neha,Male,Clothing,1,3194.37,Net Banking,Pending,Pune,3
1039,18130,Rahul,Female,Books,8,3565.29,Cash,Delivered,Mumbai,4
3670,15465,Neha,Female,Clothing,5,2252.58,Cash,Pending,Pune,3
1920,13091,Sneha,Female,Furniture,8,1996.82,,Delivered,Kolkata,4
4218,10986,,Female,Clothing,9,1020.36,UPI,Delivered,Delhi,3
4944,17436,Amit,Female,Furniture,5,1549.94,Cash,Delivered,Kolkata,4
4733,17943,Ravi,Male,Grocery,1,2791.42,Card,Delivered,Chennai,3
3644,17166,Neha,Male,Furniture,4,2018.87,Card,Delivered,Hyderabad,3
4225,14117,,Female,Electronics,1,4623.93,Card,Delivered,Hyderabad,4
2900,11059,Amit,Male,Clothing,3,214.49,Card,Cancelled,Chennai,1
3244,10923,Anuja,Male,Books,6,1664.97,UPI,Delivered,Pune,4
2449,14244,Rahul,Male,Furniture,2,3519.93,Cash,Pending,Delhi,3
3040,14183,Priya,Female,Grocery,4,390.09,UPI,Delivered,Pune,4
2668,19569,Pooja,Female,Electronics,7,2053.17,Net Banking,Delivered,Hyderabad,4
1163,10430,Neha,Male,Clothing,1,3293.21,Card,Delivered,Delhi,3
4453,16337,Pooja,Male,Grocery,4,4890.1,Card,Delivered,Delhi,4
2981,18005,Neha,Female,Books,5,4449.05,UPI,Delivered,Mumbai,5
4757,10206,Pooja,Female,Clothing,5,4925.8,UPI,Delivered,Bangalore,5
4515,14146,Arjun,Female,Furniture,2,3859.89,Net Banking,Cancelled,Delhi,2
4702,11756,Sneha,Male,Grocery,4,3594.88,UPI,Delivered,Pune,4
2012,18432,Pooja,Female,Furniture,7,3948.85,Net Banking,Delivered,Bangalore,5
3203,19508,Neha,Female,Grocery,5,4506.5,Net Banking,Pending,Kolkata,3
4694,15097,Ravi,Male,Books,3,213.45,UPI,Delivered,Kolkata,3
2830,12996,Rahul,Female,Furniture,5,1977.28,Cash,Delivered,Kolkata,5
3152,19549,Ravi,Female,Furniture,5,116.11,UPI,Delivered,Kolkata,4
4119,16617,Rahul,Female,Furniture,9,2451.63,Cash,Cancelled,Kolkata,3
2141,12021,Kiran,Male,Grocery,5,1368.46,UPI,Delivered,Kolkata,4
2801,14087,Sneha,Female,Books,8,4762.13,,Delivered,Pune,5
2637,17694,Kiran,Male,Grocery,4,190.37,Net Banking,Pending,Chennai,3
3740,15672,Neha,Female,Electronics,3,4344,Card,Pending,Chennai,3
2585,15193,Neha,Male,Electronics,1,991.83,Net Banking,Cancelled,Hyderabad,2
3689,10594,Amit,Female,Electronics,7,3343.76,Card,Delivered,,5
3283,14181,Neha,Female,Books,3,422.28,Cash,Pending,Delhi,2
4308,11185,Anuja,Male,Electronics,7,332.5,Card,Delivered,Kolkata,4
1467,11758,,Male,Grocery,2,4373.64,Card,Cancelled,Mumbai,2
3170,18709,Arjun,Female,Furniture,8,1290.86,Cash,Delivered,Chennai,4
3623,12743,Pooja,Female,Books,8,,Cash,Delivered,Mumbai,4
4285,17641,Anuja,Female,Books,9,4947.53,UPI,Delivered,Hyderabad,4
3438,16813,Rahul,Male,Grocery,3,4183,Card,Pending,Chennai,3
1894,18254,Arjun,Other,Grocery,3,2844.32,UPI,Delivered,Delhi,3
2883,19908,Anuja,Male,Clothing,3,386.35,UPI,Delivered,Chennai,3
1412,17633,Anuja,Female,Clothing,1,616.25,Cash,Delivered,Hyderabad,4
2923,18737,Neha,Female,Books,8,416.93,UPI,Delivered,Delhi,4
4036,18209,Priya,Male,Furniture,7,3552.95,Cash,Delivered,Hyderabad,4
4235,18573,Sneha,Male,Electronics,5,2272.87,Card,Delivered,Bangalore,4
1861,11578,Amit,Female,Clothing,9,3488.22,Net Banking,Pending,Kolkata,3
2671,13816,Priya,Female,Electronics,2,2029.66,Net Banking,Delivered,Chennai,4
1359,16204,Amit,Female,Books,7,,Cash,Pending,Delhi,3
4180,11485,Ravi,Male,Furniture,9,4915.72,Cash,Delivered,Kolkata,4
4324,11164,Arjun,Female,Clothing,2,4282.84,UPI,Cancelled,Bangalore,2
3851,19613,Ravi,Female,Furniture,8,2893.9,Cash,Cancelled,Bangalore,2
3604,12399,Kiran,Female,Electronics,8,1181.95,Card,Delivered,Pune,5
4743,15555,Priya,Other,Electronics,4,997.04,Cash,Delivered,Delhi,4
2902,11343,Neha,Female,Furniture,7,3508.95,UPI,Pending,Pune,2
1942,11200,Pooja,Female,Furniture,8,,Cash,Delivered,Pune,4
3506,11513,Neha,Male,Books,2,3077.71,Card,Delivered,Delhi,4
1363,18679,,Female,Books,2,2145.45,Cash,Pending,Delhi,3
1519,15622,,Female,Books,9,4306.72,Cash,Delivered,Mumbai,4
4110,15956,Amit,Male,Clothing,4,4850.17,UPI,Delivered,Pune,5
3674,19065,Pooja,Male,Grocery,7,1824.36,Net Banking,Delivered,Chennai,4
3148,17630,Amit,Male,Grocery,9,3151.13,Card,Delivered,Chennai,4
2959,18850,,Male,Furniture,5,,UPI,Delivered,Pune,3
1124,18222,Rahul,Female,Furniture,9,1841.99,Cash,Delivered,Pune,5
3962,19308,Ravi,Male,Grocery,8,4792.75,Net Banking,Delivered,Pune,5
3454,15611,Anuja,Male,Clothing,9,1853.45,UPI,Delivered,Delhi,4
4866,19086,Rahul,Male,Electronics,9,220.25,Net Banking,Delivered,Kolkata,4
3260,14925,Priya,Male,Books,8,1303.74,UPI,Delivered,Kolkata,3
2687,11746,Sneha,Male,Clothing,1,2469.36,UPI,Delivered,Chennai,4
4202,19702,Rahul,Male,Grocery,5,4636,Card,Pending,Kolkata,3
4023,11701,Amit,Male,Furniture,2,3802.08,Net Banking,Delivered,Mumbai,5
1993,10394,Priya,Female,Grocery,8,4145.24,Net Banking,Delivered,,4
2736,16406,Arjun,Male,Clothing,8,2137.79,Net Banking,Pending,Pune,3
2826,11292,Rahul,Male,Furniture,6,3228.72,Cash,Cancelled,Mumbai,3
1842,15413,Rahul,Male,Furniture,4,4753.43,UPI,Delivered,Delhi,5
1386,18125,Pooja,Male,Electronics,3,4914.11,Cash,Delivered,Chennai,4
2883,12586,Arjun,Female,Electronics,7,4369.61,Card,Delivered,Hyderabad,3
3580,19863,Priya,Female,Furniture,7,3510.97,UPI,Cancelled,Bangalore,1
3064,14866,Rahul,Male,Clothing,2,823.89,,Delivered,,4
3334,11561,Pooja,Male,Grocery,2,1608.55,,Delivered,Pune,4
1099,11711,Kiran,Female,Furniture,2,3362.31,,Delivered,Hyderabad,3
3275,12892,Arjun,Female,Clothing,9,2521.5,Net Banking,Delivered,Bangalore,3
1228,14885,Arjun,Male,Books,3,1374.96,Cash,Delivered,Bangalore,4
4871,16373,Amit,Female,Books,3,1851.01,Card,Cancelled,Chennai,2
3125,16370,Priya,Female,Books,5,1383.6,Cash,Pending,,2
4395,11648,Kiran,Male,Grocery,7,4374.84,Card,Delivered,Hyderabad,4
4363,15161,Anuja,Male,Furniture,9,4586.83,UPI,Delivered,Bangalore,3
3557,16240,Sneha,Male,Clothing,8,3538.36,UPI,Delivered,Kolkata,4
2341,15158,Neha,Female,Books,3,322.06,Cash,Delivered,Bangalore,5
3640,18545,Amit,Female,Clothing,3,1842.19,,Delivered,Hyderabad,5
2256,13737,Ravi,Male,Furniture,8,2998.96,Card,Delivered,Kolkata,4
3235,16818,Sneha,Male,Books,2,533.25,Cash,Delivered,Chennai,4
3958,18526,Arjun,Male,Books,6,3093.29,Cash,Delivered,Kolkata,5
1516,13763,Arjun,Male,Books,8,3931.8,Cash,Delivered,Pune,4
3804,17331,Neha,Female,Electronics,8,2778.54,UPI,Delivered,Pune,4
4293,14784,Anuja,Male,Electronics,6,881.77,Net Banking,Delivered,,4
4756,10771,Priya,Male,Electronics,1,2606.39,Card,Delivered,Bangalore,4
3276,18948,Anuja,Male,Books,2,1897.9,Cash,Delivered,Pune,5
4744,12829,Ravi,Female,Furniture,1,2487.26,Card,Delivered,Mumbai,4
2857,17987,Amit,Female,Books,9,1467.84,Card,Delivered,Chennai,5
4082,10895,Sneha,Female,Grocery,3,1151.39,Cash,Delivered,Kolkata,3
3828,17654,Rahul,Female,Grocery,1,1750.71,Card,Delivered,Delhi,3
2664,15728,Arjun,Female,Books,8,3245.61,UPI,Delivered,Chennai,3
2048,13305,Neha,Female,Grocery,9,3525.02,UPI,Pending,Hyderabad,3
3222,18507,Amit,Female,Electronics,5,806.36,UPI,Pending,Hyderabad,3
4423,12829,Ravi,Female,Clothing,9,1306.95,,Delivered,Hyderabad,4
4637,14355,Sneha,Male,Furniture,1,4062.69,Net Banking,Delivered,Hyderabad,3
2576,16787,Amit,Female,Books,4,2381.35,UPI,Pending,Chennai,4
1821,17377,Anuja,Male,Books,8,,UPI,Delivered,Hyderabad,4
4723,16716,Pooja,Male,Clothing,3,3638.89,Cash,Delivered,Bangalore,4
2850,17679,Arjun,Female,Furniture,4,1695.52,Net Banking,Delivered,Hyderabad,4
2687,16704,Sneha,Male,Electronics,7,2530.05,Cash,Delivered,Hyderabad,4
4925,17730,Rahul,Female,Electronics,1,3585.36,Card,Cancelled,Delhi,1
2932,16099,Sneha,Female,Furniture,3,4529.01,UPI,Delivered,Delhi,3
1301,16559,Sneha,Male,Furniture,3,4232.64,Cash,Delivered,Hyderabad,5
1808,11790,Arjun,Male,Grocery,1,4963.22,UPI,Pending,Bangalore,3
2931,12000,Anuja,Female,Books,3,4257.57,Card,Returned,Chennai,2
3059,14650,Priya,Male,Books,7,3647.01,Net Banking,Cancelled,Pune,2
4512,15959,Rahul,Male,Books,7,1459.41,UPI,Delivered,Bangalore,4
3462,11532,Sneha,Male,Books,7,2389.96,UPI,Delivered,Kolkata,4
3146,14573,Arjun,Male,Furniture,7,679.92,UPI,Pending,Pune,3
3652,16335,Anuja,Male,Electronics,3,315.81,Cash,Cancelled,Delhi,1
1536,17126,Amit,Male,Books,3,4134.55,Net Banking,Delivered,Chennai,4
2036,17549,Rahul,Female,Electronics,7,2483.37,Cash,Pending,Hyderabad,4
1773,11326,Anuja,Female,Clothing,9,2606.79,UPI,Delivered,Chennai,4
4272,14065,Rahul,Female,Clothing,4,,UPI,Pending,Pune,3
4885,14928,Kiran,Male,Clothing,8,1863.8,Net Banking,Delivered,Bangalore,3
2204,10716,Arjun,Male,Furniture,6,776.2,Net Banking,Delivered,,3
4020,19010,Kiran,Male,Books,1,4712.61,Net Banking,Delivered,Chennai,4
3964,13364,Anuja,Female,Electronics,8,1764.22,Net Banking,Delivered,Delhi,4
2604,11658,Priya,Female,Clothing,4,431.08,UPI,Delivered,Delhi,3
4747,16212,Rahul,Female,Electronics,5,4933.14,Card,Pending,Mumbai,4
2389,12922,Neha,Female,Grocery,5,3108.41,Cash,Delivered,Delhi,3
4659,15169,Anuja,Male,Grocery,7,1485.36,Card,Delivered,Delhi,4
1636,10922,Amit,Male,Grocery,7,1060.15,Card,Delivered,Chennai,4
1374,18523,Pooja,Male,Electronics,7,4065.01,Cash,Delivered,,4
3966,10818,Rahul,Male,Clothing,1,2820.98,Net Banking,Delivered,Bangalore,4
3050,10889,Ravi,Female,Furniture,7,2438.06,UPI,Delivered,Hyderabad,4
4310,15137,Priya,Female,Furniture,8,162.75,UPI,Delivered,Chennai,4
2619,18521,Pooja,Male,Furniture,1,3883.42,Net Banking,Delivered,Delhi,4
2076,19221,Pooja,Male,Furniture,9,2581.69,Cash,Pending,Bangalore,3
2271,10502,Pooja,Female,Clothing,3,2734.76,,Delivered,Chennai,3
1068,17386,Amit,Male,Books,8,4566.8,Card,Delivered,Hyderabad,3
4658,14089,Sneha,Male,Clothing,8,2859.49,UPI,Delivered,Delhi,4
3062,16304,Neha,Female,Electronics,9,3020.69,Cash,Delivered,Chennai,4
2461,14787,Priya,Male,Books,3,1324.91,Card,Cancelled,Pune,1
4939,12256,Priya,Male,Grocery,4,1481.21,Net Banking,Delivered,Bangalore,5
4850,12018,Rahul,Male,Clothing,1,146.16,UPI,Delivered,Pune,3
4246,17996,Pooja,Female,Books,8,783.66,Net Banking,Delivered,Bangalore,5
1639,13127,Arjun,Male,Furniture,2,1183.34,Card,Pending,Chennai,3
2845,18638,Arjun,Other,Electronics,3,3719.72,Cash,Delivered,Hyderabad,5
2805,17123,Amit,Male,Furniture,6,1191.24,UPI,Delivered,Kolkata,5
4621,15193,Sneha,Male,Clothing,5,2579.61,Net Banking,Delivered,,4
4608,12164,Pooja,Male,Books,8,3606.5,Cash,Delivered,Hyderabad,4
1681,13483,Pooja,Female,Grocery,3,801.99,UPI,Delivered,Delhi,4
3048,11212,Sneha,Male,Electronics,8,4329.66,Card,Delivered,Delhi,4
3217,19347,Rahul,Male,Clothing,3,742.42,Card,Delivered,Delhi,4
2152,13238,Anuja,Male,Furniture,5,3697.35,Cash,Cancelled,Pune,2
4277,15400,Ravi,Female,Electronics,2,4902.7,Net Banking,Delivered,Delhi,5
4992,15666,Anuja,Female,Books,5,2547.31,,Pending,Kolkata,3
1090,18788,Pooja,Female,Furniture,7,2608.36,UPI,Pending,Mumbai,2
4277,15220,Priya,Female,Electronics,2,,UPI,Delivered,Delhi,4
2815,10226,Amit,Female,Electronics,7,3424.6,Cash,Pending,Delhi,3
1268,12302,Arjun,Female,Electronics,7,3527.02,Net Banking,Returned,Hyderabad,2
4972,16854,Anuja,Other,Grocery,9,4150.24,Card,Pending,Chennai,3
1067,19806,Sneha,Female,Furniture,3,1647.39,Cash,Delivered,Pune,4
4217,12415,Ravi,Female,Electronics,2,,Card,Pending,Bangalore,3
2141,17039,Anuja,Other,Electronics,2,4823.17,Card,Delivered,Chennai,4
4372,11239,Pooja,Male,Books,1,2688.01,Card,Pending,Bangalore,3
1677,10625,,Female,Books,5,3267.48,UPI,Delivered,Hyderabad,5
4213,10848,Amit,Female,Grocery,7,1282.41,Card,Delivered,Bangalore,4
2201,15837,Neha,Female,Furniture,2,3489.69,Net Banking,Delivered,Kolkata,5
4832,13973,Sneha,Male,Books,8,2547.93,Cash,Pending,Delhi,4
4910,19408,Kiran,Female,Electronics,8,2876.6,UPI,Pending,Bangalore,2
1663,14332,Ravi,Female,Clothing,6,1218.24,UPI,Pending,,3
4954,12076,Ravi,Male,Grocery,8,1256.7,UPI,Returned,Mumbai,2
2969,15917,Amit,Male,Books,5,4858.14,Cash,Cancelled,Kolkata,1
1493,14428,,Male,Grocery,6,3088.45,Cash,Delivered,Delhi,3
1952,18284,Ravi,Male,Clothing,5,3837.62,Net Banking,Delivered,Kolkata,4
4222,12343,Neha,Female,Grocery,2,2414.45,Card,Pending,Chennai,3
4216,13775,Ravi,Female,Clothing,8,2511.67,Cash,Delivered,Chennai,3
3294,17796,Amit,Male,Grocery,3,2937.14,Cash,Returned,Hyderabad,2
3930,16749,Sneha,Male,Electronics,7,608.49,Card,Delivered,Delhi,4
2050,16720,Ravi,Female,Clothing,8,1265.92,Card,Delivered,Bangalore,3
1201,16222,Rahul,Female,Clothing,5,2758.19,Card,Delivered,Delhi,3
2212,14545,Rahul,Male,Furniture,7,3171.28,Cash,Delivered,Bangalore,4
2658,10823,Neha,Male,Grocery,2,1858.24,Net Banking,Delivered,Chennai,5
2573,14942,Neha,Male,Books,3,2608.93,UPI,Delivered,Kolkata,4
4059,17464,Ravi,Other,Furniture,7,2962.82,Card,Delivered,Delhi,4
2878,12693,Rahul,Female,Electronics,1,792.49,UPI,Delivered,Bangalore,5
2367,15924,Sneha,Male,Grocery,8,935.87,Cash,Delivered,Mumbai,5
4409,12126,Pooja,Male,Grocery,1,1088.42,Cash,Delivered,Chennai,3
4365,16311,Rahul,Female,Grocery,5,1499.05,Card,Returned,Delhi,3
3613,19799,Rahul,Male,Electronics,1,939.96,Cash,Delivered,Hyderabad,3
3749,16457,Neha,Female,Grocery,8,4968.15,Card,Delivered,Delhi,3
4704,18009,Neha,Male,Clothing,9,4570.97,Cash,Cancelled,Hyderabad,2
2180,14131,Priya,Female,Grocery,5,1029.13,,Delivered,Hyderabad,4
1629,11501,Kiran,Female,Clothing,4,2306.46,Cash,Pending,Kolkata,2
4341,10012,Amit,Female,Furniture,7,3729.83,Cash,Delivered,Kolkata,4
4606,11031,Rahul,Male,Clothing,1,1387.49,Card,Pending,Chennai,3
4461,10492,Priya,Female,Books,3,4846.57,Net Banking,Delivered,Delhi,4
3169,17741,Rahul,Female,Books,7,3755.2,Card,Cancelled,,3
2257,10551,,Male,Grocery,7,4265.21,Cash,Delivered,Mumbai,4
2913,10594,Ravi,Male,Electronics,2,2212.86,UPI,Delivered,,4
3378,10062,Arjun,Female,Grocery,9,4638.84,Net Banking,Delivered,Chennai,3
4219,14566,Neha,Male,Furniture,7,4608.95,Card,Pending,Pune,2
2851,18235,Anuja,Male,Furniture,4,967.56,Cash,Delivered,Hyderabad,3
4471,19314,Pooja,Male,Electronics,1,118.65,Cash,Delivered,Chennai,4
4714,12272,Priya,Female,Clothing,6,3093.16,Cash,Delivered,Hyderabad,4
3552,17069,Pooja,Female,Clothing,9,1831.99,Card,Delivered,Chennai,4
4760,17503,Kiran,Female,Books,9,2451.53,Cash,Cancelled,Pune,3
4950,17199,Priya,Male,Grocery,8,856.72,UPI,Delivered,Hyderabad,4
4446,19959,Priya,Male,Furniture,1,4889.25,Cash,Delivered,Delhi,3
3708,13883,Amit,Female,Furniture,6,4515.68,Cash,Delivered,Pune,4
1629,11845,Kiran,Female,Furniture,1,4301.09,Net Banking,Cancelled,Delhi,2
1989,12440,Pooja,Male,Grocery,1,4922.31,Net Banking,Delivered,Mumbai,5
2348,18664,,Male,Books,6,2593.12,Cash,Delivered,,4
3793,12178,Ravi,Male,Books,7,1000.64,Card,Delivered,Kolkata,3
3601,11897,Priya,Female,Furniture,4,4030.14,Cash,Delivered,Mumbai,4
1653,15315,Amit,Female,Clothing,8,4048,,Delivered,Pune,4
2092,18825,Anuja,Female,Books,9,3378.69,,Delivered,Chennai,3
2649,11132,Rahul,Female,Electronics,1,,Cash,Delivered,Bangalore,4
3971,15830,Rahul,Male,Furniture,2,3309.52,Card,Delivered,,4
1053,18859,Pooja,Female,Books,8,375.37,Card,Delivered,Chennai,5
3120,16581,Pooja,Female,Clothing,1,4578.53,Net Banking,Cancelled,Chennai,3
3857,16532,Priya,Male,Furniture,7,2259.44,Net Banking,Delivered,Mumbai,4
1615,11636,Rahul,Female,Clothing,5,3063.56,Card,Delivered,Kolkata,4
1089,19745,Neha,Female,Clothing,9,,Net Banking,Delivered,Kolkata,4
4419,15497,Rahul,Male,Clothing,2,1047.57,UPI,Delivered,Hyderabad,4
4471,15370,Arjun,Male,Grocery,7,1124.13,Card,Delivered,Pune,3
3593,13161,Rahul,Male,Clothing,1,4164.33,Card,Delivered,Kolkata,4
3324,15724,Sneha,Male,Clothing,5,4957.19,,Delivered,Mumbai,3
3866,17420,,Female,Books,4,4559,UPI,Delivered,Kolkata,4
1089,19137,Amit,Female,Furniture,3,238.99,Card,Pending,Mumbai,2
4225,12430,Priya,Male,Electronics,5,138.88,Cash,Delivered,Delhi,4
2394,13301,Arjun,Female,Clothing,5,2738.58,Card,Returned,Kolkata,2
1574,17394,Amit,Male,Electronics,9,1827.7,Net Banking,Delivered,Mumbai,5
3294,18603,Kiran,Male,Clothing,4,4074.62,Cash,Pending,Delhi,3
3084,18529,Ravi,Female,Furniture,3,2494.33,Cash,Cancelled,Hyderabad,1
4719,19113,Arjun,Female,Grocery,3,1465.44,Cash,Pending,Chennai,3
1585,12183,Priya,Female,Books,8,2507.69,Card,Delivered,Delhi,3
2053,13898,Kiran,Female,Books,4,3515.88,Net Banking,Delivered,Chennai,3
4951,16605,Pooja,Female,Furniture,1,790.88,Card,Pending,,4
4166,17716,Pooja,Female,Grocery,8,2591.8,Cash,Delivered,Pune,5
4719,17358,Arjun,Male,Clothing,8,647.19,Cash,Delivered,Pune,4
1646,12682,Neha,Male,Clothing,7,1190.38,Net Banking,Delivered,Chennai,5
2919,17160,Arjun,Female,Clothing,3,2802.24,Cash,Delivered,Chennai,3
1699,19779,Anuja,Female,Books,4,1540.41,UPI,Delivered,Chennai,3
4055,19287,,Male,Electronics,9,742.2,Net Banking,Delivered,Pune,4
2419,16542,Priya,Female,Furniture,6,2973.83,Cash,Cancelled,Chennai,1
3985,17526,Amit,Female,Electronics,8,835.88,Card,Cancelled,Mumbai,3
1319,12001,Amit,Male,Books,2,287.7,Net Banking,Pending,Mumbai,2
1902,11839,Arjun,Female,Grocery,8,3292.5,Net Banking,Returned,Pune,2
4578,15389,Rahul,Female,Grocery,5,375.45,Card,Cancelled,Hyderabad,3
2619,14959,Pooja,Female,Books,3,846.74,UPI,Delivered,Kolkata,4
1734,10000,Kiran,Male,Clothing,6,3688.15,Cash,Delivered,Pune,4
4803,17250,Arjun,Other,Books,9,2957.83,UPI,Delivered,Mumbai,4
2296,15902,Kiran,Male,Clothing,5,4443.73,UPI,Delivered,Bangalore,4
4716,16406,Anuja,Male,Books,2,2684.18,UPI,Pending,Delhi,3
2940,18107,Priya,Male,Books,1,3738.97,Cash,Delivered,Pune,4
2628,14457,Pooja,Female,Furniture,9,,Card,Delivered,Delhi,4
2411,12612,Arjun,Female,Furniture,7,657.07,UPI,Pending,Kolkata,3
2008,14865,Amit,Female,Electronics,4,3278.43,Card,Cancelled,Bangalore,3
1459,10613,Amit,Male,Furniture,2,4270.56,Card,Delivered,Bangalore,4
2424,17702,Amit,Female,Electronics,8,2146.45,Cash,Delivered,Kolkata,3
2873,16476,Anuja,Female,Furniture,7,2028.95,UPI,Delivered,Kolkata,4
2855,12784,Sneha,Male,Electronics,4,3072.28,UPI,Delivered,Delhi,5
3135,19372,Neha,Male,Furniture,7,2656.22,Card,Pending,Bangalore,4
4142,13630,Pooja,Male,Grocery,9,4949.63,Cash,Delivered,Kolkata,4
4744,14260,,Female,Furniture,4,427.77,Net Banking,Delivered,Chennai,3
2289,19596,Kiran,Male,Grocery,4,259.91,Cash,Delivered,Pune,4
1492,11984,Priya,Male,Books,6,3920.7,Net Banking,Delivered,Chennai,5
2955,14778,Neha,Female,Furniture,1,498.17,UPI,Delivered,Pune,5
4010,15360,Sneha,Male,Grocery,8,4229.66,Card,Delivered,Chennai,3
3286,12860,Arjun,Female,Books,3,,Cash,Cancelled,Pune,2
2097,11028,Arjun,Female,Grocery,4,4835.66,UPI,Delivered,Chennai,4
3779,15522,Rahul,Male,Clothing,8,120.57,Card,Delivered,Hyderabad,3
2243,12693,Sneha,Female,Clothing,4,4211.44,Card,Delivered,Mumbai,5
1459,10613,Amit,Male,Furniture,2,4270.56,Card,Delivered,Bangalore,3
4994,12347,Kiran,Male,Clothing,2,4777.22,UPI,Delivered,Chennai,4
4304,16523,Amit,Female,Books,2,1770.39,UPI,Delivered,Chennai,5
3780,16339,Anuja,Female,Electronics,2,4447.31,Cash,Delivered,Pune,4
1801,16658,Kiran,Female,Clothing,7,220.27,Net Banking,Pending,Kolkata,3
2249,12196,Rahul,Male,Furniture,3,2125.66,Card,Pending,Mumbai,3
4893,17988,Amit,Female,Books,1,108.79,Card,Delivered,Pune,5
1708,19638,Anuja,Male,Grocery,1,4121.93,Cash,Delivered,Hyderabad,4
1832,18111,Sneha,Female,Books,4,3977.41,UPI,Pending,Bangalore,2
4571,17155,Amit,Female,Furniture,4,1866.75,,Delivered,Mumbai,4
4793,12651,Amit,Male,Furniture,2,4419.22,Card,Delivered,Hyderabad,4
1574,15127,Kiran,Male,Grocery,2,1337.25,,Delivered,Mumbai,4
1396,17035,Priya,Male,Electronics,9,2926.64,UPI,Delivered,Chennai,4
4564,11098,Sneha,Male,Grocery,3,,Cash,Delivered,Kolkata,4
4632,17812,Rahul,Male,Clothing,4,1339.73,Cash,Delivered,Kolkata,4
2827,10551,Kiran,Male,Grocery,3,1909.68,Card,Delivered,Hyderabad,4
4203,17902,Neha,Female,Clothing,7,4563.67,Card,Delivered,Hyderabad,4
3493,16112,Pooja,Male,Clothing,1,3637.95,Cash,Delivered,Bangalore,4
1128,19597,Sneha,Female,Books,5,2124.66,Net Banking,Delivered,Pune,4
1699,10973,Rahul,Female,Furniture,8,4680.45,Net Banking,Delivered,Delhi,4
2661,15623,Priya,Male,Furniture,7,3508.3,Cash,Delivered,Delhi,5
1447,19528,Amit,Female,Electronics,7,444.98,Net Banking,Returned,Delhi,2
4928,12163,Pooja,Male,Grocery,4,3755.53,Net Banking,Pending,Delhi,2
2663,13626,Ravi,Male,Furniture,6,3744.03,Cash,Pending,Delhi,2
4993,12083,Kiran,Male,Grocery,3,1495.33,Net Banking,Delivered,Kolkata,5
1294,17383,Neha,Female,Grocery,7,2246.74,UPI,Pending,Hyderabad,4
1957,18077,Neha,Other,Clothing,1,266.53,Cash,Pending,Pune,3
1373,10028,Rahul,Male,Books,2,2925.9,Card,Delivered,Bangalore,4
2591,19007,Sneha,Male,Books,5,107.27,Cash,Delivered,Pune,4
3579,14300,Neha,Male,Electronics,3,294.64,Cash,Delivered,Kolkata,3
3259,14118,Kiran,Male,Furniture,9,3124.39,UPI,Returned,Bangalore,2
4573,19412,Sneha,Male,Electronics,4,2681.63,Net Banking,Delivered,Bangalore,4
4953,15546,Rahul,Female,Books,5,283.95,Net Banking,Delivered,Hyderabad,5
1933,17320,Pooja,Female,Grocery,7,4228.18,UPI,Delivered,Chennai,5
4591,17830,Anuja,Female,Electronics,2,2470.74,Cash,Delivered,Bangalore,3
1775,11388,Pooja,Female,Furniture,5,1421.29,UPI,Pending,Pune,3
4166,13663,Priya,Female,Clothing,3,2393.4,Card,Pending,Delhi,3
4489,10639,Sneha,Female,Grocery,2,2136.28,UPI,Cancelled,Bangalore,1
1517,16458,Amit,Female,Clothing,9,348.97,UPI,Pending,Delhi,3
4823,11176,Sneha,Male,Grocery,2,4428.24,UPI,Delivered,Mumbai,3
4136,11620,Neha,Male,Grocery,9,2018.12,Net Banking,Delivered,Kolkata,3
3395,18067,Rahul,Female,Books,8,2301.68,Cash,Delivered,Kolkata,3
3206,12296,Sneha,Male,Electronics,1,3511.52,Cash,Delivered,Delhi,4
1970,12258,Sneha,Female,Books,3,2063.54,,Delivered,Pune,4
1849,13227,Rahul,Female,Grocery,4,1072.29,Card,Delivered,Delhi,3
4716,19646,Amit,Female,Books,8,764.23,UPI,Cancelled,Pune,3
3043,12298,Sneha,Female,Furniture,1,1517.61,UPI,Delivered,Mumbai,4
1819,10248,Priya,Female,Electronics,5,2180.34,UPI,Pending,Mumbai,2
1146,16941,Pooja,Male,Grocery,6,1164.38,UPI,Delivered,Kolkata,4
4211,13401,Sneha,Female,Books,7,892.47,Net Banking,Delivered,Chennai,4
4440,12073,Arjun,Female,Furniture,6,1768.42,Cash,Delivered,Hyderabad,3
2579,14681,Amit,Male,Books,8,3524.3,Card,Cancelled,Pune,1
1865,13476,Pooja,Female,Grocery,8,2258.26,UPI,Delivered,Hyderabad,5
1277,15058,,Male,Books,7,,Net Banking,Delivered,Pune,4
2731,11614,Kiran,Female,Clothing,6,,Net Banking,Delivered,Kolkata,4
1256,12276,Sneha,Female,Grocery,6,547.21,Cash,Delivered,Mumbai,4
1705,18699,Sneha,Female,Clothing,9,1893.89,UPI,Delivered,Pune,5
2490,16805,Sneha,Male,Electronics,7,1618.88,UPI,Delivered,Pune,4
3003,14316,,Female,Furniture,3,2767.89,Cash,Delivered,Delhi,4
1713,15835,Sneha,Male,Clothing,2,4465.73,UPI,Delivered,Chennai,3
1460,13524,Sneha,Male,Grocery,2,1094.35,UPI,Delivered,Pune,4
1242,15300,Priya,Male,Grocery,5,451.46,UPI,Pending,Pune,3
2793,16905,Pooja,Female,Furniture,5,2463.17,Cash,Delivered,Kolkata,3
4344,17689,Arjun,Male,Clothing,3,2539.13,Cash,Delivered,Pune,5
1383,13414,Arjun,Female,Electronics,8,4426.47,Net Banking,Cancelled,Mumbai,3
3949,14561,Rahul,Female,Electronics,2,4688.53,UPI,Cancelled,Hyderabad,2
4308,13600,Neha,Male,Books,1,2141.77,,Delivered,Hyderabad,4
1661,14522,Priya,Female,Books,8,4163.24,Card,Delivered,Chennai,3
4879,10578,Pooja,Female,Electronics,8,2326.52,Net Banking,Pending,Hyderabad,3
1360,15672,Sneha,Female,Clothing,2,3980.37,Net Banking,Delivered,,3
1912,18066,Kiran,Female,Clothing,2,717.91,Card,Delivered,Delhi,4
1972,10987,Pooja,Male,Clothing,3,4332.53,UPI,Cancelled,Pune,2
1812,12674,Neha,Female,Clothing,1,1276.01,Cash,Delivered,Chennai,4
3630,17640,Amit,Male,Furniture,9,722.39,Cash,Delivered,Kolkata,4
4657,13688,Neha,Female,Furniture,6,4357.19,,Delivered,Chennai,4
2630,15463,Sneha,Female,Furniture,2,673.38,Card,Pending,Pune,3
1750,12251,Pooja,Female,Furniture,5,4744.55,Net Banking,Delivered,Delhi,4
2969,15517,Sneha,Male,Furniture,2,2646,Net Banking,Delivered,Bangalore,4
4069,19552,Arjun,Female,Furniture,7,1143.98,Card,Delivered,Delhi,4
4986,16783,Neha,Female,Books,4,4362.39,Cash,Pending,Hyderabad,4
4243,11669,Priya,Other,Clothing,8,1319.42,Net Banking,Delivered,Delhi,4
1987,17938,Neha,Male,Grocery,8,1808,Cash,Pending,Pune,4
2816,19979,Pooja,Male,Clothing,1,1712.84,Cash,Delivered,Hyderabad,4
2129,14366,Anuja,Male,Furniture,3,3844.74,Net Banking,Delivered,Hyderabad,4
2757,17704,Pooja,Male,Furniture,4,3392.25,Card,Pending,Pune,3
4729,17015,,Other,Furniture,7,2457.69,Card,Delivered,Mumbai,4
3051,10302,Kiran,Female,Books,4,4735.4,Card,Delivered,Delhi,4
3255,11426,Kiran,Female,Grocery,8,566.88,Cash,Delivered,Delhi,4
2285,13148,Pooja,Female,Furniture,8,3339.36,Net Banking,Pending,Mumbai,4
3435,18865,Rahul,Female,Electronics,2,3680.41,UPI,Delivered,Hyderabad,4
4398,18556,Kiran,Female,Furniture,6,1595.5,UPI,Delivered,Mumbai,4
3998,15950,Kiran,Female,Furniture,4,1769.15,Cash,Delivered,Delhi,5
1673,16408,Kiran,Male,Furniture,6,2176.98,UPI,Cancelled,Hyderabad,2
1708,17962,Ravi,Female,Grocery,8,4210.83,UPI,Delivered,Delhi,4
3113,17876,,Female,Electronics,1,1184.61,Card,Delivered,Mumbai,5
4010,18708,Amit,Female,Furniture,1,3144.95,UPI,Delivered,Pune,5
4507,14009,Sneha,Female,Grocery,7,3184.75,UPI,Returned,Bangalore,2
3738,16391,Rahul,Male,Furniture,1,3337.73,Cash,Cancelled,Pune,2
1692,11210,Kiran,Female,Books,5,4128.49,Net Banking,Delivered,Bangalore,3
1548,12121,Priya,Female,Clothing,9,4725.45,,Delivered,Chennai,4
4525,11446,Pooja,Female,Clothing,1,441.22,Net Banking,Cancelled,Pune,3
1522,14587,Neha,Female,Clothing,8,4046.1,Card,Pending,Bangalore,3
2636,10055,Amit,Male,Clothing,3,4195.62,Cash,Returned,Mumbai,2
3637,14418,Amit,Female,Electronics,4,4091.3,Card,Delivered,Hyderabad,3
3253,11620,,Female,Clothing,7,2043.63,Card,Delivered,Chennai,4
4072,14261,Kiran,Male,Clothing,7,4451.81,UPI,Cancelled,Chennai,2
2378,17813,Ravi,Female,Furniture,5,1729.65,UPI,Returned,Bangalore,3
4946,17973,Sneha,Male,Clothing,3,3058.98,Card,Delivered,,4
2773,14090,Rahul,Male,Clothing,9,556.32,Card,Delivered,Chennai,3
2138,15493,Amit,Male,Electronics,4,2562.68,Cash,Delivered,Hyderabad,3
2787,19978,Sneha,Male,Electronics,2,3074.28,Cash,Delivered,Kolkata,5
1078,17142,Pooja,Male,Electronics,9,2579.2,Card,Delivered,Pune,5
3338,13561,Priya,Male,Grocery,9,2149.11,UPI,Delivered,Hyderabad,4
2924,14549,Amit,Female,Clothing,5,455.01,,Delivered,Kolkata,3
1600,19814,Anuja,Female,Books,5,159.03,UPI,Returned,Bangalore,1
4771,17873,Anuja,Female,Clothing,2,579.68,Cash,Pending,Mumbai,2
4830,19925,Priya,Female,Clothing,2,2089.56,Net Banking,Pending,Mumbai,3
3220,18719,Neha,Female,Furniture,7,3908.31,Net Banking,Delivered,Kolkata,4
1454,16691,Ravi,Male,Grocery,9,3775.78,Net Banking,Delivered,Pune,5
4473,16694,Pooja,Male,Books,2,4505.56,Cash,Delivered,Delhi,3
1456,19329,Priya,Male,Books,7,1626.59,,Pending,Pune,2
4591,18527,Priya,Male,Clothing,4,997.83,UPI,Delivered,Delhi,5
2869,19815,Anuja,Male,Clothing,8,3058.35,Card,Cancelled,Bangalore,3
1628,11421,Pooja,Male,Books,3,4324.93,Cash,Delivered,Hyderabad,4
2403,17549,Sneha,Female,Furniture,8,908.93,UPI,Pending,Bangalore,2
4708,17069,Arjun,Female,Furniture,4,3517.65,Card,Delivered,Chennai,3
1943,15906,Amit,Female,Furniture,6,3491.25,Card,Delivered,Pune,3
3812,17057,Rahul,Other,Books,7,3126.95,Net Banking,Delivered,Bangalore,4
1641,15492,Kiran,Male,Electronics,4,4269.43,UPI,Cancelled,Chennai,3
2594,14075,Arjun,Female,Clothing,6,4943.1,Net Banking,Delivered,Delhi,4
2646,15324,Sneha,Male,Grocery,4,322.94,Card,Delivered,Hyderabad,4
2602,14288,Arjun,Female,Grocery,5,3831.13,Card,Returned,Hyderabad,2
1839,11300,Ravi,Other,Books,7,3519.59,UPI,Delivered,Delhi,3
2312,11721,Priya,Female,Clothing,2,2864.58,Net Banking,Delivered,Kolkata,5
4747,18194,,Male,Electronics,7,1935.99,Net Banking,Delivered,Bangalore,5
4040,14305,Kiran,Female,Furniture,4,1594.18,Card,Delivered,Pune,4
4084,13925,Rahul,Male,Electronics,2,1799.59,Card,Delivered,Bangalore,5
2969,19305,Ravi,Male,Clothing,6,1288.35,Net Banking,Pending,Chennai,3
2959,13517,Priya,Female,Electronics,5,900.82,Card,Delivered,Chennai,4
3645,11469,Rahul,Female,Clothing,9,1611,Card,Delivered,Chennai,4
4386,15234,Priya,Female,Clothing,7,4991.36,Net Banking,Delivered,Kolkata,5
1077,17002,Amit,Female,Grocery,1,874.54,Net Banking,Delivered,Bangalore,4
1935,17210,Ravi,Male,Furniture,8,,UPI,Delivered,Hyderabad,3
2373,10890,Ravi,Female,Books,1,4051.26,UPI,Pending,Chennai,4
2554,18306,Sneha,Male,Furniture,9,4277.15,,Delivered,Chennai,3
1138,19081,Anuja,Female,Electronics,4,2706.07,Card,Delivered,Delhi,4
2269,15600,Anuja,Male,Books,7,749.05,Card,Delivered,Mumbai,3
2907,18685,Priya,Male,Grocery,3,3550.75,Cash,Delivered,Pune,4
2534,10678,Sneha,Other,Clothing,6,2123.31,,Delivered,Bangalore,4
3934,10096,Rahul,Female,Electronics,5,2499.84,Net Banking,Delivered,Bangalore,4
4219,19654,Sneha,Male,Books,2,1475.47,Card,Delivered,Delhi,4
3977,14022,Pooja,Male,Books,3,1860.97,Net Banking,Pending,Hyderabad,3
2523,14086,Pooja,Male,Grocery,4,1931.7,UPI,Delivered,Mumbai,4
3547,10822,Neha,Female,Furniture,6,3362.64,Card,Returned,Hyderabad,3
3582,12110,Kiran,Male,Grocery,5,2394.27,Net Banking,Delivered,Mumbai,4
3238,13464,Pooja,Male,Electronics,9,2857.16,,Pending,Mumbai,2
1320,14251,Pooja,Female,Electronics,4,3937.19,Net Banking,Pending,Chennai,2
3161,15518,Rahul,Male,Furniture,4,2930.71,Net Banking,Cancelled,Mumbai,2
3120,17746,,Female,Electronics,6,550.13,Net Banking,Pending,,3
1170,11149,Rahul,Female,Grocery,3,2738.94,Card,Delivered,Bangalore,4
1514,14349,Kiran,Female,Clothing,5,2414.08,UPI,Delivered,Delhi,4
4468,17764,Anuja,Female,Furniture,8,4901.59,Cash,Pending,Chennai,3
4180,11701,Kiran,Female,Furniture,7,1381.36,Card,Pending,Bangalore,4
2275,13681,Arjun,Female,Grocery,5,1870.67,Cash,Pending,Hyderabad,3
4917,12926,,Male,Furniture,5,585.4,Card,Cancelled,Pune,1
4164,10684,Priya,Female,Electronics,7,1185.69,Card,Delivered,Chennai,3
1330,12823,Ravi,Male,Grocery,9,1748.59,Card,Cancelled,Kolkata,2
4778,18480,Sneha,Female,Books,9,3814.13,Net Banking,Delivered,Delhi,4
1297,15458,Arjun,Female,Furniture,6,4865.11,Card,Pending,Chennai,4
3362,11541,Priya,Male,Furniture,3,679.2,UPI,Delivered,Pune,4
2635,15373,,Female,Furniture,5,2888.14,Card,Delivered,Bangalore,4
2372,18676,Ravi,Male,Books,3,2660.16,Cash,Pending,Mumbai,3
4830,19925,Amit,Male,Electronics,7,759.63,Net Banking,Delivered,Bangalore,4
3661,16041,Priya,Male,Furniture,2,3758.08,Card,Cancelled,Delhi,2
2390,15560,Neha,Female,Electronics,6,2796.01,Cash,Delivered,Delhi,4
3438,11348,Arjun,Male,Furniture,1,333.25,Cash,Delivered,Pune,4
4593,12829,Amit,Female,Clothing,5,811.96,Cash,Delivered,Mumbai,3
3356,17769,Kiran,Male,Clothing,7,4467.69,Card,Delivered,Chennai,4
1366,15631,Arjun,Male,Clothing,7,3362.35,Net Banking,Delivered,Chennai,4
4411,10930,Pooja,Male,Electronics,7,1051.54,Net Banking,Pending,Bangalore,3
4164,13613,Sneha,Female,Electronics,9,4408.56,Card,Delivered,Kolkata,4
1103,16992,Amit,Female,Books,2,4305.97,Card,Delivered,Hyderabad,4
3369,15886,Ravi,Male,Clothing,4,3381.3,Cash,Delivered,Kolkata,5
1951,14538,Rahul,Female,Clothing,2,3306.18,UPI,Delivered,Pune,4
2934,19817,Rahul,Male,Clothing,7,1837.55,Card,Pending,Bangalore,2
2102,10929,Kiran,Male,Furniture,8,2126.26,Net Banking,Cancelled,Pune,2
3733,16155,Arjun,Male,Clothing,5,2378.55,,Delivered,,4
4463,16939,Amit,Female,Electronics,4,4464.12,Cash,Delivered,,3
1726,17714,Amit,Female,Furniture,1,353.44,Card,Delivered,Mumbai,3
4800,18884,Ravi,Female,Clothing,9,1635.58,,Pending,Pune,3
4358,17292,Anuja,Female,Grocery,1,1602.96,Cash,Delivered,Delhi,5
3310,15369,Ravi,Female,Furniture,8,4978.75,Card,Delivered,Hyderabad,4
4001,17091,Anuja,Other,Grocery,2,3151.66,Net Banking,Cancelled,Hyderabad,3
3289,17205,Kiran,Female,Books,6,2956.6,Cash,Delivered,Hyderabad,5
4672,16473,Pooja,Female,Books,7,4878.18,UPI,Delivered,Bangalore,4
2471,12410,Priya,Male,Electronics,5,1326.01,Net Banking,Cancelled,Mumbai,2
3038,13875,Kiran,Male,Furniture,9,3624.84,Card,Delivered,Mumbai,4
3501,12819,Rahul,Female,Electronics,3,1792.63,Card,Delivered,Kolkata,3
3326,14025,Priya,Female,Electronics,6,3822.17,,Pending,Kolkata,3
1599,15642,Amit,Male,Books,2,3866.06,Cash,Cancelled,Bangalore,2
2243,18714,Sneha,Female,Electronics,3,4869.62,Cash,Delivered,Pune,3
1524,11794,Ravi,Male,Electronics,6,538.04,Net Banking,Delivered,Mumbai,4
1378,19089,Amit,Other,Clothing,1,3313.42,Cash,Pending,Chennai,2
3406,10952,Ravi,Male,Grocery,5,1839.53,Net Banking,Cancelled,Mumbai,2
1404,12713,Kiran,Female,Clothing,4,866.69,Card,Delivered,Pune,5
3043,17111,Rahul,Female,Grocery,1,2444.75,UPI,Returned,Delhi,3
2481,11126,,Female,Grocery,3,3317.21,Net Banking,Returned,Chennai,2
4985,15469,Priya,Male,Electronics,6,1475.26,Cash,Delivered,Bangalore,4
3207,13724,Ravi,Female,Electronics,5,103.08,,Delivered,Hyderabad,5
1870,18707,Sneha,Male,Grocery,3,3378.11,UPI,Delivered,Mumbai,4
1617,13718,Amit,Male,Books,2,2468.34,Card,Delivered,Delhi,4
3606,19327,Rahul,Male,Grocery,8,2564.36,UPI,Delivered,Chennai,4
2830,13397,Pooja,Male,Books,2,4385.28,Cash,Delivered,Kolkata,4
4500,18984,Priya,Female,Grocery,1,1222.64,Card,Delivered,Kolkata,4
1451,15715,Pooja,Male,Electronics,3,1022.5,UPI,Cancelled,Delhi,3
3725,10591,Ravi,Male,Books,4,1680.52,Net Banking,Cancelled,Pune,3
3841,15936,Ravi,Female,Grocery,3,4777.56,UPI,Pending,Chennai,2
3374,18738,Sneha,Male,Books,4,182.52,Card,Delivered,Pune,4
2581,12538,Neha,Female,Furniture,2,4574.36,Cash,Delivered,Chennai,4
4359,15319,Ravi,Female,Grocery,6,4173.3,UPI,Delivered,Bangalore,4
2714,14823,Kiran,Female,Books,3,2174.51,UPI,Cancelled,Kolkata,2
4582,16196,Sneha,Female,Clothing,5,864.84,Card,Delivered,Delhi,4
4833,16104,Anuja,Male,Clothing,7,2078.33,UPI,Delivered,Hyderabad,4
1298,10304,Ravi,Male,Furniture,5,947.97,Card,Returned,Mumbai,1
1816,13435,,Female,Clothing,6,3613.8,Cash,Delivered,Kolkata,4
1541,15720,Priya,Male,Electronics,5,4129.71,Net Banking,Delivered,Kolkata,3
1919,16283,Priya,Male,Furniture,6,1278.65,UPI,Delivered,Mumbai,4
4735,13326,Arjun,Female,Books,3,1485.29,Card,Delivered,Pune,3
3618,16367,Neha,Male,Furniture,9,3065.26,Cash,Delivered,Chennai,3
4346,19047,Kiran,Male,Furniture,1,1179.59,UPI,Delivered,Mumbai,4
2230,16962,Sneha,Female,Clothing,3,3401.92,Net Banking,Delivered,Kolkata,5
1113,16457,Neha,Other,Electronics,7,3572.71,Cash,Pending,Delhi,4
3958,10256,,Male,Furniture,9,417.48,Card,Delivered,Delhi,4
1587,18846,Amit,Female,Furniture,3,3922.55,UPI,Delivered,Mumbai,4
3985,16376,Sneha,Male,Books,9,3546.55,Card,Delivered,Pune,5
3272,17012,Rahul,Male,Clothing,1,4865.83,UPI,Delivered,Bangalore,4
3317,12499,Arjun,Male,Books,6,4489.32,UPI,Delivered,Pune,5
1844,19497,Arjun,Male,Furniture,6,2152.67,Net Banking,Delivered,Delhi,3
3320,14276,Kiran,Female,Clothing,7,114.95,UPI,Delivered,Chennai,4
3086,17551,Kiran,Female,Clothing,9,435.83,Net Banking,Delivered,Pune,4
1771,18916,Sneha,Female,Electronics,1,1530.87,Net Banking,Delivered,Kolkata,3
1743,11868,Kiran,Male,Electronics,4,3361.96,Net Banking,Pending,Kolkata,4
1590,14861,Amit,Female,Grocery,8,3349.96,Card,Delivered,Kolkata,5
2214,16870,Anuja,Female,Electronics,6,2982.29,Cash,Delivered,Kolkata,4
3719,11494,Kiran,Male,Clothing,5,4775.74,Net Banking,Delivered,Chennai,5
3151,14661,,Female,Electronics,7,316.13,Cash,Delivered,Kolkata,4
1702,16821,,Female,Clothing,9,3518.2,Net Banking,Delivered,Bangalore,5
4350,19859,Pooja,Male,Grocery,2,4386.48,Net Banking,Delivered,Chennai,5
1327,12956,Arjun,Male,Grocery,8,3776.87,Card,Cancelled,Chennai,2
1503,14512,Priya,Female,Electronics,9,979.71,Card,Delivered,Pune,3
2327,16886,Arjun,Other,Grocery,2,3673.18,UPI,Delivered,Bangalore,5
4048,12093,Anuja,Female,Furniture,7,607.19,Cash,Delivered,Pune,4
2236,10825,Kiran,Female,Electronics,8,3043.12,UPI,Delivered,Bangalore,5
3275,14655,Anuja,Female,Electronics,3,1941.24,Cash,Delivered,Chennai,5
1570,17045,Sneha,Female,Furniture,5,377.85,Cash,Delivered,Hyderabad,3
2987,14483,Pooja,Female,Grocery,5,3101.22,UPI,Delivered,,4
3635,19244,Arjun,Female,Grocery,6,4504.61,UPI,Delivered,Mumbai,3
3040,11844,Sneha,Female,Grocery,4,1603.67,Net Banking,Delivered,Pune,3
2439,12243,Sneha,Female,Clothing,6,3711.32,Card,Delivered,Chennai,5
1325,18437,,Female,Grocery,7,4942.35,Card,Cancelled,Mumbai,3
2743,18095,Pooja,Male,Books,2,1339.85,Card,Delivered,Hyderabad,5
4494,18011,Priya,Male,Books,4,4038.61,Net Banking,Delivered,Bangalore,5
2808,10129,Anuja,Other,Books,7,1783.21,Net Banking,Delivered,Bangalore,4
3914,16452,Arjun,Female,Electronics,3,2873.36,UPI,Delivered,Bangalore,4
1496,19554,,Female,Grocery,5,3626.18,Net Banking,Delivered,Delhi,5
4579,18273,Kiran,Female,Grocery,9,116.77,Cash,Delivered,Kolkata,4
2706,11119,Sneha,Female,Furniture,3,2296.18,Net Banking,Returned,Kolkata,2
4957,15138,Rahul,Female,Books,2,4249.79,Card,Delivered,Kolkata,4
2222,14454,Sneha,Female,Furniture,1,4401.43,Net Banking,Delivered,Hyderabad,4
3976,14406,Arjun,Female,Clothing,7,3977.35,Card,Delivered,Mumbai,5
3240,11876,Amit,Other,Grocery,5,4952.38,Cash,Delivered,Delhi,4
3334,10050,Amit,Female,Electronics,7,3525.65,Card,Pending,Mumbai,3
3557,18494,Priya,Male,Grocery,9,4192.08,Card,Delivered,Mumbai,3
2167,11583,Rahul,Female,Electronics,5,1392.15,UPI,Delivered,Hyderabad,3
3271,16979,Amit,Male,Electronics,1,3956.76,,Delivered,Chennai,4
3268,12481,Sneha,Male,Books,9,297.23,Card,Delivered,Bangalore,4
3482,19525,Kiran,Male,Books,3,4012.7,UPI,Delivered,Delhi,4
2401,18940,Kiran,Female,Electronics,6,3179.28,UPI,Cancelled,Pune,3
4233,18515,Rahul,Male,Furniture,2,4199.26,Net Banking,Delivered,Kolkata,4
4353,16820,Kiran,Male,Clothing,5,3948.95,,Pending,Mumbai,4
3076,17011,Pooja,Female,Electronics,5,345.02,UPI,Pending,,3
3390,11523,Arjun,Female,Grocery,4,,Cash,Delivered,Kolkata,4
1587,18414,Ravi,Female,Clothing,3,489.02,Card,Cancelled,Kolkata,3
2306,14175,Anuja,Female,Books,4,4627.15,Net Banking,Returned,Kolkata,1
1795,18382,Rahul,Male,Electronics,5,3222.67,Net Banking,Delivered,Mumbai,4
2759,12769,Kiran,Male,Grocery,1,1791.11,Cash,Delivered,Bangalore,5
4795,18895,Sneha,Male,Books,8,2216.62,Net Banking,Delivered,Pune,4
3448,12916,Pooja,Female,Books,8,2254.63,Card,Delivered,Delhi,5
1302,12072,Arjun,Female,Furniture,4,1526.89,Cash,Cancelled,Mumbai,1
3877,10678,Neha,Male,Electronics,3,1024.02,UPI,Pending,Delhi,3
4477,11301,Anuja,Male,Furniture,5,2059.41,Card,Returned,Chennai,2
2124,18463,Arjun,Female,Furniture,1,4396.75,Card,Returned,Kolkata,2
4875,15973,Anuja,Female,Grocery,9,242.99,Net Banking,Returned,Bangalore,3
4654,11841,Priya,Female,Clothing,1,497.03,Cash,Delivered,Bangalore,4
2510,15462,Amit,Male,Clothing,4,3328.01,UPI,Delivered,Delhi,4
2051,12355,Rahul,Female,Grocery,5,3645.83,UPI,Pending,Pune,3
3039,19110,Ravi,Male,Furniture,4,,,Delivered,Delhi,5
4727,16474,Anuja,Female,Grocery,4,3334.93,Card,Delivered,Mumbai,3
3815,10040,Rahul,Female,Books,2,2492.14,Net Banking,Delivered,Mumbai,4
3311,10260,Priya,Female,Electronics,7,3785.64,Cash,Delivered,Bangalore,3
1345,11568,Ravi,Male,Electronics,3,2437.26,UPI,Delivered,Chennai,4
2178,14945,Rahul,Female,Clothing,2,834.87,Cash,Pending,Kolkata,3
1394,19445,Arjun,Female,Electronics,5,875.63,Cash,Pending,Kolkata,3
3078,17830,Rahul,Male,Furniture,5,1561.34,Net Banking,Pending,Bangalore,4
3672,15964,Ravi,Female,Furniture,2,478.14,UPI,Cancelled,Pune,2
2166,11392,Priya,Female,Books,2,,Card,Delivered,Hyderabad,3
4640,18934,Neha,Male,Furniture,7,3744.41,,Delivered,Bangalore,3
2023,12474,Ravi,Male,Clothing,2,4008.47,,Cancelled,Delhi,2
3530,18635,Anuja,Male,Electronics,5,2749.05,Card,Delivered,Chennai,5
1961,10755,Kiran,Male,Grocery,7,4874.66,Cash,Delivered,Pune,4
1955,19941,Anuja,Female,Books,6,1201.74,UPI,Delivered,Mumbai,5
4826,11629,Sneha,Female,Furniture,3,3695.22,Net Banking,Delivered,Kolkata,4
1953,16006,Pooja,Male,Electronics,3,4415.19,UPI,Delivered,Bangalore,4
3965,13329,Neha,Female,Books,1,2708.67,UPI,Delivered,Delhi,3
1040,11353,Anuja,Female,Clothing,2,716.98,Cash,Delivered,Delhi,4
1428,17962,Neha,Female,Clothing,8,4823.65,Net Banking,Cancelled,Kolkata,2
2964,17804,Kiran,Female,Grocery,2,4932.87,Card,Cancelled,Hyderabad,3
4200,12347,Rahul,Female,Furniture,7,4337.51,Net Banking,Delivered,Delhi,4
4726,16609,Pooja,Male,Clothing,3,2536.49,Net Banking,Delivered,Mumbai,4
1521,10038,Kiran,Female,Electronics,3,908.01,Cash,Delivered,Delhi,4
2553,16256,Anuja,Male,Furniture,3,1917.12,Net Banking,Delivered,Pune,4
3758,10284,Ravi,Male,Grocery,4,,UPI,Pending,Delhi,4
3601,17644,Kiran,Female,Furniture,2,3376.95,Cash,Pending,Kolkata,3
3840,10897,Arjun,Female,Electronics,9,2372.85,Card,Delivered,Kolkata,3
4423,19840,Kiran,Male,Furniture,5,1800.18,UPI,Delivered,Chennai,5
3621,16852,Pooja,Male,Electronics,1,235.61,Cash,Delivered,Mumbai,5
4657,18804,Anuja,Female,Books,5,4939.65,Card,Delivered,Delhi,3
4488,11919,Ravi,Male,Books,3,1486.4,UPI,Delivered,Chennai,5
3766,15822,Rahul,Female,Grocery,3,2226.15,Card,Cancelled,Kolkata,3
3203,14412,Anuja,Female,Grocery,5,3493.17,Card,Delivered,Kolkata,5
1577,14920,Rahul,Male,Grocery,8,4196.39,Net Banking,Delivered,Bangalore,4
1901,14747,Anuja,Female,Furniture,6,2038.77,Card,Delivered,Mumbai,4
4814,15367,Anuja,Male,Clothing,8,4885.47,Card,Delivered,Hyderabad,4
4695,13808,Kiran,Female,Clothing,3,4084.68,Card,Pending,Hyderabad,3
3539,11403,Amit,Female,Furniture,2,4719.19,Card,Pending,Bangalore,3
3153,11990,Kiran,Female,Books,8,4794.67,Cash,Delivered,Hyderabad,4
4121,18308,Arjun,Male,Books,6,3125.01,UPI,Delivered,Delhi,4
2673,19505,Rahul,Female,Furniture,7,834.08,UPI,Delivered,Hyderabad,4
3709,18773,Rahul,Male,Books,7,4847.19,Cash,Returned,Pune,2
3467,12776,Priya,Female,Furniture,6,2990,Card,Pending,Mumbai,2
4942,16680,Kiran,Female,Books,2,1507.51,Cash,Pending,Hyderabad,2
2092,10703,Rahul,Female,Furniture,2,3188.54,Card,Cancelled,Delhi,3
3795,16541,Sneha,Female,Furniture,9,3148.11,Net Banking,Pending,Hyderabad,4
3636,13218,Rahul,Female,Grocery,7,3609.6,Net Banking,Delivered,Pune,4
1437,10870,Sneha,Male,Electronics,8,3578.04,Net Banking,Pending,Pune,2
1226,15734,Kiran,Female,Clothing,4,3466.63,UPI,Returned,Mumbai,2
3121,16359,Sneha,Other,Grocery,6,1783.53,Cash,Delivered,Hyderabad,3
4298,16144,Neha,Male,Furniture,6,2877.2,Net Banking,Delivered,,4
4293,17593,Sneha,Female,Clothing,9,4575.34,Net Banking,Delivered,Delhi,4
3250,17635,Rahul,Female,Furniture,2,708.56,Card,Returned,Bangalore,1
4844,12285,Ravi,Male,Clothing,7,3870.81,Net Banking,Pending,Bangalore,4
4251,19583,,Male,Furniture,7,118.27,Net Banking,Delivered,Chennai,4
2464,18809,Arjun,Male,Books,8,810.25,Net Banking,Delivered,Pune,4
1028,13790,Anuja,Male,Electronics,4,568.61,Net Banking,Pending,Chennai,3
1414,18593,Rahul,Male,Clothing,3,2692.69,Net Banking,Delivered,Bangalore,3
4502,12039,Sneha,Male,Electronics,6,2311.54,Cash,Delivered,Bangalore,4
4926,14592,Kiran,Female,Books,2,508.44,Net Banking,Delivered,Mumbai,4
1651,17607,Rahul,Male,Clothing,5,1014.42,Cash,Delivered,Bangalore,4
3030,12317,Priya,Male,Grocery,2,1860.18,UPI,Delivered,Hyderabad,5
1182,18015,,Female,Electronics,1,2749.84,Net Banking,Delivered,Delhi,4
3336,12262,Anuja,Female,Grocery,3,247.01,Card,Delivered,Bangalore,3
4335,18283,Priya,Male,Electronics,8,4654.73,UPI,Delivered,Bangalore,4
1326,18123,Pooja,Female,Electronics,6,1205.34,Card,Pending,Hyderabad,4
1365,11592,Arjun,Male,Furniture,5,2862.85,Net Banking,Pending,Bangalore,3
2411,15321,Rahul,Male,Electronics,9,1596.85,Cash,Delivered,Chennai,3
3228,11104,Sneha,Female,Furniture,7,2863.01,Cash,Delivered,Chennai,5
3587,16765,Sneha,Female,Furniture,7,4492.98,UPI,Delivered,Bangalore,4
4240,19241,Pooja,Male,Electronics,3,1211.94,Net Banking,Delivered,Pune,3
2292,17434,Priya,Female,Furniture,8,4783.38,Cash,Cancelled,Mumbai,2
1049,17192,Arjun,Female,Grocery,5,4644.38,UPI,Delivered,Delhi,4
3842,12731,Priya,Female,Furniture,4,2674,Card,Delivered,Mumbai,5
4817,15062,Ravi,Female,Electronics,3,2578.26,Net Banking,Cancelled,Pune,2
1313,13032,Neha,Male,Books,6,,UPI,Returned,Pune,2
4490,16752,Ravi,Male,Books,8,4075.12,Card,Delivered,Hyderabad,4
3783,17590,,Female,Electronics,4,4084.44,UPI,Delivered,Pune,4
1783,13475,Neha,Male,Clothing,5,4593.01,Net Banking,Pending,Kolkata,3
2887,17177,Kiran,Male,Electronics,7,178.21,Net Banking,Delivered,,3
4441,14654,Rahul,Male,Grocery,8,2107.71,Cash,Delivered,Bangalore,4
4283,13554,Kiran,Other,Electronics,8,2188.59,Cash,Delivered,Chennai,4
2425,11238,Sneha,Male,Grocery,5,4014.7,UPI,Delivered,Kolkata,5
3035,17077,Pooja,Female,Grocery,3,624.76,UPI,Delivered,Bangalore,4
1494,12788,Anuja,Female,Books,3,4327.93,Cash,Delivered,Chennai,4
3243,10414,Arjun,Male,Clothing,9,2882.73,Cash,Delivered,Chennai,4
3056,15392,Pooja,Female,Books,9,2917.08,Cash,Cancelled,Pune,2
3329,19083,Amit,Male,Electronics,2,4104.31,,Delivered,Bangalore,5
1545,17863,Neha,Female,Furniture,6,2188.13,Cash,Returned,Kolkata,1
3761,19869,Anuja,Female,Furniture,8,,,Delivered,Mumbai,4
3684,15873,Kiran,Male,Furniture,9,1431.99,Cash,Delivered,Pune,4
2632,10375,Rahul,Female,Books,1,,Net Banking,Delivered,Delhi,4
4049,17814,Pooja,Male,Electronics,8,1831.08,Net Banking,Delivered,Bangalore,4
2196,15807,Amit,Female,Clothing,3,3916.92,Cash,Delivered,Bangalore,5
2654,12504,Priya,Male,Books,5,4191.92,Cash,Delivered,Pune,3
3819,17195,Anuja,Male,Grocery,4,4518.67,UPI,Cancelled,Mumbai,3
1170,10617,Sneha,Female,Clothing,2,4035.2,,Delivered,Hyderabad,4
4985,14816,Anuja,Male,Grocery,1,3450.66,,Delivered,Bangalore,4
3235,16683,Priya,Other,Clothing,6,2349.9,Net Banking,Delivered,Pune,4
1583,19941,Arjun,Female,Electronics,5,1676.03,Cash,Delivered,Chennai,3
4020,14625,Neha,Male,Clothing,1,873.54,UPI,Delivered,Kolkata,4
4322,11316,Neha,Male,Electronics,1,3532.07,Card,Delivered,Pune,4
3415,19050,Neha,Male,Furniture,5,3846.41,Cash,Delivered,Hyderabad,4
3217,16611,Sneha,Male,Books,1,,Card,Delivered,Kolkata,4
1341,17366,Ravi,Male,Electronics,9,3191.3,Card,Cancelled,Pune,2
2989,12402,Neha,Female,Furniture,5,4258.01,UPI,Cancelled,Mumbai,2
4798,13019,Ravi,Male,Clothing,5,4756.09,Card,Delivered,Delhi,4
2204,12882,Arjun,Male,Grocery,7,3847.7,UPI,Delivered,Hyderabad,4
2998,10997,Ravi,Male,Books,6,1047.8,Cash,Delivered,Pune,3
1665,17513,Rahul,Male,Books,4,,Net Banking,Delivered,Kolkata,4
3010,11973,Kiran,Female,Furniture,2,1584.21,UPI,Cancelled,Mumbai,1
3511,17333,Priya,Female,Clothing,1,460.06,Net Banking,Delivered,Bangalore,4
4843,19862,Ravi,Male,Grocery,8,2993.03,UPI,Pending,Hyderabad,3
2532,19651,Anuja,Other,Clothing,2,732.15,Cash,Cancelled,Hyderabad,1
4989,13858,Pooja,Male,Books,4,1544.96,Card,Delivered,Pune,5
2113,10989,Kiran,Male,Electronics,5,3768.94,Net Banking,Delivered,Chennai,4
4673,16167,Anuja,Male,Furniture,2,3358.29,Net Banking,Delivered,Chennai,3
3317,15515,Rahul,Other,Grocery,7,876.6,Card,Cancelled,Hyderabad,2
2986,13756,Arjun,Female,Books,3,1683.95,Cash,Pending,Chennai,3
4768,18172,Anuja,Male,Furniture,9,2879.38,Cash,Delivered,Delhi,4
3695,16092,Sneha,Female,Books,3,2358.76,Card,Delivered,Chennai,4
1067,10321,Amit,Female,Books,9,1425.29,UPI,Delivered,Chennai,4
3575,17820,Kiran,Female,Furniture,5,749.98,Net Banking,Delivered,Kolkata,5
4233,16383,Anuja,Other,Clothing,2,3624.58,Card,Delivered,Delhi,4
1796,13653,Rahul,Male,Grocery,4,,Card,Delivered,Bangalore,4
2115,14732,Pooja,Female,Clothing,5,1097.19,Net Banking,Delivered,Pune,3
2567,13185,Pooja,Female,Furniture,7,2757.96,Card,Delivered,Hyderabad,4
1863,18210,Sneha,Female,Clothing,4,256.11,UPI,Delivered,Bangalore,4
1610,12418,Kiran,Male,Furniture,5,1129.17,Net Banking,Delivered,Kolkata,4
3744,13673,Sneha,Male,Electronics,6,4684.98,UPI,Delivered,Bangalore,5
4224,10372,,Female,Clothing,4,333.11,UPI,Delivered,Mumbai,5
1264,19468,Ravi,Female,Furniture,9,2398.69,Net Banking,Delivered,Chennai,5
4089,13487,Ravi,Male,Books,9,680.46,,Pending,Kolkata,2
4623,17883,Anuja,Female,Clothing,9,2922.49,Card,Delivered,Bangalore,3
1918,19725,Pooja,Male,Electronics,9,317.71,Cash,Returned,Kolkata,3
2522,11051,Neha,Female,Furniture,2,3572.62,Cash,Delivered,Chennai,4
3035,13036,Rahul,Female,Books,1,,Card,Delivered,Bangalore,3
2863,10600,Kiran,Male,Books,1,2117.21,Card,Pending,Chennai,3
1580,16436,Amit,Male,Books,6,1636.94,UPI,Delivered,,5
3481,18546,Kiran,Female,Furniture,3,3783.64,Net Banking,Delivered,Bangalore,4
4593,14259,Kiran,Female,Grocery,2,3972.97,Card,Delivered,Delhi,3
3014,12890,Amit,Male,Books,3,2641.84,Net Banking,Delivered,,4
2203,15237,Sneha,Female,Books,5,4162.44,UPI,Pending,,2
4654,15591,Rahul,Female,Electronics,2,3504.97,Net Banking,Delivered,Delhi,4
4953,16833,Arjun,Male,Books,4,4465.25,Net Banking,Pending,Hyderabad,2
1666,10378,Sneha,Male,Grocery,7,2042.26,Cash,Pending,Pune,3
4474,11832,Arjun,Male,Electronics,8,618.84,Cash,Delivered,Kolkata,4
3166,12938,Sneha,Female,Clothing,1,4098.16,Cash,Returned,Pune,3
3509,16856,Anuja,Female,Books,2,4822.99,Net Banking,Delivered,Delhi,4
4792,16246,Kiran,Female,Clothing,9,2657.06,UPI,Delivered,Mumbai,4
1890,13604,Sneha,Female,Grocery,1,223.26,Card,Delivered,Chennai,3
1916,18167,Amit,Female,Furniture,2,2390.96,UPI,Delivered,Mumbai,4
4234,13209,Amit,Female,Furniture,2,1450.75,Cash,Delivered,Chennai,4
1658,13534,Priya,Female,Furniture,2,4435.4,Card,Delivered,Mumbai,3
3467,15264,,Male,Grocery,6,348.2,Card,Pending,Hyderabad,3
4404,11089,Kiran,Female,Books,8,3213.12,Net Banking,Delivered,,5
1469,15904,Kiran,Female,Books,8,3178.01,Net Banking,Delivered,Hyderabad,4
4854,12525,Amit,Male,Clothing,7,3013.97,Net Banking,Cancelled,Pune,2
3064,18635,Kiran,Female,Clothing,6,1306.56,Net Banking,Delivered,Pune,5
2687,18762,Kiran,Female,Books,3,1122.03,UPI,Pending,Delhi,3
4384,12093,Pooja,Male,Books,6,3593.97,UPI,Delivered,Hyderabad,4
2300,13587,Rahul,Female,Books,7,2650.56,Card,Delivered,Kolkata,5
3073,13275,Rahul,Male,Electronics,5,716.38,,Delivered,Delhi,3
2020,10579,Pooja,Male,Furniture,7,3843.64,Card,Cancelled,Delhi,3
2657,15619,Neha,Female,Books,7,3094.74,Cash,Delivered,Delhi,4
4317,13205,Neha,Female,Grocery,8,928.02,UPI,Delivered,Chennai,4
2347,16877,Amit,Female,Books,4,4804.43,Card,Delivered,Delhi,5
2167,14329,Pooja,Female,Clothing,5,107.13,Card,Cancelled,,2
3171,17641,,Female,Clothing,1,618.59,Cash,Delivered,Delhi,3
3928,13299,Rahul,Male,Grocery,7,3864.76,Card,Delivered,Hyderabad,4
2856,18759,Neha,Female,Grocery,4,3896.85,Net Banking,Delivered,Delhi,4
4282,13692,Anuja,Other,Clothing,5,1385.45,,Cancelled,Mumbai,3
2551,17541,Priya,Female,Books,3,2285.42,UPI,Pending,Delhi,4
1492,14289,,Female,Electronics,7,4779.67,Net Banking,Delivered,Delhi,4
4534,12614,Priya,Female,Electronics,7,4078.81,Card,Delivered,Pune,5
2479,11407,Arjun,Male,Books,9,1501.02,Card,Cancelled,Chennai,2
2515,16445,Arjun,Female,Electronics,1,3536.23,Net Banking,Delivered,Chennai,4
2390,15004,Sneha,Female,Electronics,8,,Card,Pending,Hyderabad,4
4115,12940,Ravi,Female,Grocery,1,2836.38,UPI,Pending,Kolkata,3
1089,10693,Rahul,Male,Furniture,2,4571.13,Card,Pending,Mumbai,3
4482,14662,Neha,Female,Books,4,4587.82,Card,Cancelled,Delhi,2
4227,10633,Neha,Female,Books,5,3658.77,Cash,Delivered,Delhi,4
4737,13357,Sneha,Male,Clothing,5,1109.9,Net Banking,Delivered,Kolkata,4
1635,19799,,Female,Grocery,2,3199.71,Card,Delivered,Chennai,4
2972,18012,Arjun,Female,Electronics,6,3844.22,Net Banking,Delivered,Pune,3
2894,17648,Pooja,Male,Clothing,4,4142.83,,Pending,Chennai,2
4195,16042,Ravi,Male,Clothing,8,1971.6,Card,Delivered,Pune,3
4136,11013,Ravi,Male,Books,7,634.85,Card,Delivered,Chennai,4
4699,13649,Ravi,Female,Furniture,9,2350.7,Cash,Delivered,Pune,4
4552,10104,Ravi,Female,Electronics,6,3576.66,UPI,Delivered,Delhi,5
3669,13766,Ravi,Female,Books,2,2311.17,Card,Delivered,Hyderabad,4
1298,10709,Amit,Female,Electronics,2,3768.63,UPI,Delivered,Chennai,4
3433,15813,Sneha,Male,Books,9,3056.18,UPI,Pending,Chennai,3
2787,13446,Priya,Female,Grocery,4,4934.16,UPI,Cancelled,Pune,1
2712,16837,Anuja,Female,Electronics,1,2281.98,UPI,Delivered,Delhi,4
3038,11214,Priya,Female,Grocery,9,3496.41,Card,Delivered,Hyderabad,4
1632,11388,Pooja,Female,Grocery,6,3530.22,UPI,Cancelled,Chennai,3
3810,19656,Neha,Male,Electronics,2,1223.81,Card,Delivered,Mumbai,5
3212,13300,Neha,Female,Furniture,5,,UPI,Delivered,Kolkata,5
4023,10873,Neha,Male,Grocery,2,3310.67,Card,Delivered,Kolkata,4
2983,12841,Ravi,Male,Grocery,7,2469.06,Card,Delivered,Pune,4
1042,12098,Pooja,Male,Books,9,4319.65,Net Banking,Delivered,Kolkata,4
1197,12770,Priya,Male,Books,5,769.46,Net Banking,Pending,Pune,3
2449,11124,,Male,Books,7,3764.84,,Pending,Mumbai,2
3479,12400,Rahul,Male,Grocery,2,1578.72,Cash,Delivered,Mumbai,4
3828,16594,Kiran,Male,Grocery,6,1934.74,Card,Delivered,Kolkata,3
3419,14795,Anuja,Female,Books,6,,Card,Delivered,Mumbai,4
1290,12216,Arjun,Female,Clothing,4,1231.2,Card,Cancelled,Mumbai,2
4384,17170,Neha,Male,Books,9,350.94,Card,Delivered,Delhi,3
4692,19367,Ravi,Female,Clothing,6,3818.67,Cash,Delivered,Pune,4
2771,16458,Neha,Male,Books,1,2827.82,Cash,Delivered,Hyderabad,5
2586,18854,Neha,Female,Books,1,4535.07,Cash,Delivered,Hyderabad,4
3524,13736,Pooja,Male,Grocery,7,3439.41,Card,Delivered,Mumbai,5
2890,10716,Neha,Female,Furniture,2,3371.97,Net Banking,Delivered,Mumbai,5
3563,15712,Amit,Male,Books,3,2159.18,,Cancelled,Delhi,3
3878,14718,Amit,Male,Furniture,1,2377.81,Net Banking,Delivered,Chennai,4
1089,15829,Anuja,Male,Clothing,3,925.6,,Delivered,,5
1490,14107,Sneha,Female,Clothing,7,3741.35,Net Banking,Delivered,Pune,5
4690,13676,Priya,Male,Clothing,7,2550.44,Card,Cancelled,Bangalore,3
1800,12668,,Female,Electronics,3,3326.43,UPI,Delivered,Chennai,4
3859,13981,Priya,Female,Furniture,6,4539.19,Net Banking,Delivered,Pune,4
1703,10838,Pooja,Male,Electronics,6,4564.96,UPI,Delivered,Delhi,4
1448,16566,Neha,Female,Books,8,2779.55,Net Banking,Delivered,Bangalore,5
2829,16654,Neha,Male,Clothing,5,599.2,UPI,Returned,Kolkata,3
4516,17933,Arjun,Female,Furniture,3,4130.65,Card,Delivered,Kolkata,4
2265,14890,Ravi,Female,Electronics,7,4026.24,UPI,Delivered,Hyderabad,3
4112,13879,Rahul,Female,Books,6,2369.33,Cash,Delivered,Pune,4
2547,15134,Ravi,Male,Clothing,6,,UPI,Delivered,Bangalore,4
3403,15539,Ravi,Female,Electronics,7,1301.24,Card,Pending,Bangalore,3
4510,14109,,Male,Furniture,2,2233.32,Cash,Delivered,Hyderabad,4
4709,18495,Arjun,Female,Electronics,3,730.78,Cash,Delivered,Pune,4
2723,18962,Pooja,Female,Books,9,3791.5,Net Banking,Cancelled,Bangalore,1
1036,14271,Arjun,Female,Electronics,4,1179.59,UPI,Delivered,Bangalore,4
4216,19920,Priya,Other,Clothing,1,937.74,Net Banking,Delivered,Chennai,4
3973,17073,Sneha,Female,Grocery,1,482.86,Card,Delivered,Chennai,4
2794,11070,Amit,Female,Electronics,6,3180.91,Card,Delivered,Delhi,5
4999,17689,Sneha,Female,Clothing,1,2274.6,Card,Delivered,Mumbai,3
3888,11277,Pooja,Female,Furniture,6,1154.6,UPI,Delivered,Pune,4
2378,17101,Sneha,Female,Books,7,1627.84,Card,Delivered,Mumbai,4
3798,17664,Rahul,Male,Furniture,9,2908.4,Net Banking,Delivered,Mumbai,5
1832,13093,Anuja,Male,Furniture,1,2321.6,,Delivered,Kolkata,5
4920,14379,Rahul,Female,Electronics,6,926.73,UPI,Delivered,Bangalore,4
3011,12913,Rahul,Male,Grocery,5,4263.47,Net Banking,Delivered,Delhi,4
3567,12172,Arjun,Male,Clothing,1,1740.06,Net Banking,Delivered,Delhi,4
4670,15196,Priya,Female,Grocery,9,2045.99,Net Banking,Delivered,Kolkata,4
4877,18183,Arjun,Female,Books,7,4232.68,Card,Pending,Delhi,2
4627,18146,Ravi,Male,Books,9,268.96,Net Banking,Delivered,Chennai,4
1539,13766,Amit,Female,Books,3,2595.93,Net Banking,Delivered,Kolkata,4
2577,14342,Anuja,Female,Electronics,2,3739.88,Net Banking,Delivered,Delhi,4
4797,16500,Anuja,Female,Grocery,4,3999.2,,Delivered,Hyderabad,4
2603,15263,Kiran,Male,Books,8,1895.51,Cash,Cancelled,Chennai,2
2356,13841,Pooja,Male,Furniture,4,4903.62,Card,Delivered,Mumbai,4
4010,10814,Amit,Male,Clothing,9,1149.17,Net Banking,Delivered,Bangalore,5
2080,14677,Neha,Male,Grocery,1,298.57,Net Banking,Pending,Hyderabad,3
3768,10519,Pooja,Female,Grocery,4,4281.54,Cash,Cancelled,Kolkata,1
3105,12815,Kiran,Female,Books,8,3393.85,Cash,Delivered,Hyderabad,4
2759,19691,Sneha,Male,Clothing,2,1911.56,UPI,Pending,Kolkata,3
4028,11386,Neha,Male,Furniture,7,2164.22,Card,Delivered,Bangalore,5
4303,14784,Amit,Female,Grocery,6,4769.02,Cash,Delivered,Mumbai,4
4294,14674,Neha,Female,Electronics,5,4081.86,UPI,Delivered,Hyderabad,5
1075,14195,Ravi,Female,Electronics,1,3328.32,Net Banking,Delivered,,4
2724,13577,Amit,Male,Electronics,4,1164.23,Card,Delivered,Kolkata,4
4225,15497,Pooja,Male,Books,9,2341,UPI,Delivered,Chennai,5
3320,15450,Neha,Female,Electronics,7,4018.09,UPI,Delivered,Hyderabad,4
1434,19506,Neha,Male,Electronics,9,3623.41,Card,Delivered,Mumbai,4
2413,15889,Amit,Female,Clothing,3,4333.35,Net Banking,Delivered,Delhi,5
4449,18864,Sneha,Female,Electronics,8,3108.77,Net Banking,Delivered,Mumbai,5
1313,17441,Arjun,Male,Furniture,1,4970.56,,Cancelled,Mumbai,2
3209,10770,Neha,Male,Furniture,3,2198.58,Net Banking,Delivered,Delhi,4
1064,11165,Rahul,Female,Grocery,5,4641.36,UPI,Delivered,Chennai,5
3516,10325,Anuja,Female,Electronics,1,609.32,Net Banking,Delivered,Hyderabad,4
3773,16152,Rahul,Female,Electronics,1,2929.73,Card,Delivered,Mumbai,3
2086,16967,Anuja,Female,Electronics,8,454.04,UPI,Delivered,Chennai,4
1364,12903,Arjun,Male,Furniture,1,4132.08,Card,Cancelled,Mumbai,1
4513,11659,Anuja,Male,Grocery,4,4248.24,Cash,Delivered,,5
2956,10723,Priya,Male,Furniture,6,2392.3,Net Banking,Delivered,Pune,3
1976,19723,Sneha,Male,Clothing,5,1543.1,Net Banking,Returned,Chennai,3
3565,14870,Arjun,Female,Electronics,9,3031.6,Card,Pending,Mumbai,2
1455,17448,Arjun,Female,Books,3,2359.26,UPI,Delivered,Kolkata,4
3665,10998,Priya,Male,Clothing,8,3391.44,Cash,Delivered,Pune,4
2827,10312,Rahul,Male,Electronics,2,2408.8,Net Banking,Cancelled,Kolkata,3
3672,16015,Priya,Male,Grocery,9,2418.23,Cash,Delivered,Kolkata,4
3513,16382,,Female,Clothing,2,1909.67,Card,Delivered,Mumbai,4
1507,13217,Priya,Male,Grocery,6,4957.78,Net Banking,Delivered,Pune,3
4558,11059,Ravi,Female,Grocery,2,4520.34,Cash,Delivered,Pune,4
4866,16637,Pooja,Male,Books,8,1102.46,Card,Delivered,Hyderabad,5
4568,19636,Amit,Female,Furniture,7,1369.62,Net Banking,Returned,Mumbai,3
4304,12968,Ravi,Male,Clothing,7,4148.63,Net Banking,Delivered,Pune,4
3003,10958,Pooja,Female,Grocery,5,,Cash,Returned,Chennai,2
2596,14392,Arjun,Male,Grocery,5,2951.2,Net Banking,Delivered,Pune,4
2974,16859,Arjun,Male,Books,5,2251.1,Cash,Delivered,Bangalore,4
2250,18791,Arjun,Male,Grocery,3,2298.97,Net Banking,Delivered,Kolkata,4
2162,13255,Pooja,Female,Books,4,419.48,Cash,Delivered,Hyderabad,3
3652,16391,Neha,Male,Electronics,1,3793.7,Card,Pending,Delhi,3
4170,10815,Ravi,Male,Books,7,,Card,Delivered,Bangalore,4
3415,11865,Ravi,Female,Electronics,5,3085.75,Card,Delivered,Bangalore,4
2872,11932,Anuja,Female,Electronics,2,3206.49,Net Banking,Delivered,Delhi,5
4908,12251,Pooja,Male,Books,1,3955.63,Net Banking,Delivered,Kolkata,4
3850,15285,Kiran,Male,Furniture,5,4505.13,UPI,Delivered,Pune,4
3864,16028,,Male,Grocery,1,308.32,Cash,Delivered,Bangalore,5
4452,15246,Rahul,Male,Electronics,5,107.87,Cash,Delivered,Kolkata,4
4374,15442,Arjun,Other,Electronics,9,3556.28,Card,Delivered,Delhi,4
3198,19379,Kiran,Female,Electronics,6,2707.02,Cash,Delivered,Bangalore,4
4101,19021,Arjun,Male,Electronics,5,1880.72,UPI,Returned,Mumbai,1
1884,17581,Kiran,Female,Clothing,2,2403.52,Cash,Pending,Kolkata,3
2998,15651,Kiran,Female,Grocery,2,4485.14,Net Banking,Delivered,Chennai,4
3116,19280,Arjun,Male,Grocery,9,1298.11,,Delivered,Hyderabad,5
1762,13683,Rahul,Male,Grocery,4,1918.36,Net Banking,Delivered,Hyderabad,4
4056,18789,Neha,Female,Books,3,860.11,Net Banking,Delivered,Chennai,5
2857,13392,Pooja,Male,Books,8,4834.99,Net Banking,Delivered,Kolkata,4
1703,15938,,Male,Electronics,9,1606.86,Cash,Pending,Chennai,2
1178,11811,,Male,Furniture,2,3330.64,Cash,Delivered,Kolkata,4
4748,16746,Anuja,Male,Grocery,8,3668.25,Cash,Delivered,Delhi,4
2869,16089,,Female,Electronics,4,4172.08,Net Banking,Delivered,,4
3660,12197,,Male,Furniture,6,3756.03,Cash,Delivered,Chennai,4
1143,14274,Ravi,Female,Grocery,8,4355.29,Net Banking,Delivered,Chennai,4
4629,11180,Pooja,Male,Books,3,2640.46,,Delivered,Pune,4
2641,16598,Rahul,Female,Furniture,3,3666.57,Net Banking,Delivered,Hyderabad,4
2806,19223,Pooja,Male,Clothing,7,2796.24,Net Banking,Delivered,Hyderabad,4
2371,10943,Kiran,Female,Electronics,5,3073.57,Card,Pending,Pune,3
3320,12429,Arjun,Male,Clothing,5,3547.75,UPI,Delivered,Hyderabad,4
2898,16991,Ravi,Female,Furniture,1,2373.8,Net Banking,Delivered,Delhi,4
1222,17820,,Female,Books,4,3977.97,UPI,Delivered,Kolkata,4
3336,14886,Pooja,Female,Books,3,781.94,Net Banking,Delivered,Kolkata,4
1719,12852,Sneha,Female,Grocery,1,1561.35,Net Banking,Delivered,Mumbai,4
4867,14150,,Male,Clothing,7,631.98,Net Banking,Delivered,Chennai,4
3339,18263,Priya,Male,Grocery,3,2033.02,,Cancelled,Delhi,2
4414,15363,Ravi,Other,Grocery,9,228.64,UPI,Delivered,,3
4323,15768,Arjun,Female,Furniture,2,4032.03,Cash,Delivered,Hyderabad,4
1688,10966,Anuja,Male,Furniture,6,3474.35,Card,Delivered,,4
2430,15756,Priya,Male,Books,5,421.54,UPI,Delivered,Pune,5
3123,17336,Sneha,Other,Books,2,4677.35,Cash,Delivered,Mumbai,4
4096,19454,Ravi,Female,Grocery,1,943.96,Net Banking,Delivered,Mumbai,4
4265,12269,Sneha,Female,Grocery,4,1034.36,Card,Cancelled,Pune,1
4452,10726,,Female,Electronics,9,,Net Banking,Cancelled,Chennai,2
3763,15283,Pooja,Female,Electronics,1,3742.54,Net Banking,Delivered,Pune,4
4601,13039,,Male,Clothing,4,4334.11,Card,Delivered,Hyderabad,5
3142,17526,Kiran,Male,Books,2,3036.38,UPI,Delivered,Kolkata,4
2673,10794,Sneha,Other,Grocery,2,1474.51,Cash,Returned,Hyderabad,3
3713,15993,Rahul,Male,Electronics,6,2353.75,UPI,Cancelled,Delhi,2
2874,19117,Pooja,Male,Clothing,7,2873.17,UPI,Cancelled,Mumbai,1
1967,11561,Anuja,Male,Grocery,2,1450.75,UPI,Delivered,Kolkata,3
3556,12665,Kiran,Female,Clothing,4,3513.07,Card,Pending,,3
1687,17098,Sneha,Female,Clothing,5,323.38,Cash,Delivered,Bangalore,4
4308,12471,Arjun,Female,Grocery,8,3316.42,UPI,Cancelled,Kolkata,2
3261,11221,Sneha,Male,Books,8,2787.48,UPI,Cancelled,Mumbai,2
1064,17334,Arjun,Female,Furniture,7,4435.98,Net Banking,Delivered,Mumbai,4
2915,16375,Priya,Female,Clothing,6,2683.68,Cash,Delivered,Bangalore,4
2581,10328,Priya,Female,Grocery,2,2890.42,Cash,Delivered,Hyderabad,4
2129,18959,Pooja,Male,Books,6,2564.47,Net Banking,Pending,Delhi,3
2748,14490,Kiran,Female,Clothing,7,3379.95,Net Banking,Pending,Bangalore,3
3838,18186,Neha,Male,Clothing,1,,,Cancelled,Mumbai,1
1369,19023,Rahul,Male,Furniture,4,1751.54,Card,Returned,Bangalore,2
4197,16266,Sneha,Female,Furniture,6,1800.68,UPI,Delivered,Pune,4
4089,19466,Rahul,Male,Grocery,8,407.65,Card,Delivered,Delhi,4
2716,16345,Rahul,Male,Clothing,5,1994.16,Card,Delivered,Delhi,3
4607,11028,Rahul,Female,Clothing,7,4444.77,Card,Delivered,Bangalore,5
2408,13663,Anuja,Female,Grocery,2,,Cash,Cancelled,Mumbai,2
3836,17928,Arjun,Female,Books,1,4069.16,Cash,Delivered,Hyderabad,4
4199,15181,Amit,Female,Clothing,1,,Card,Returned,Hyderabad,1
2959,16654,Kiran,Female,Furniture,3,1301.9,Net Banking,Pending,Kolkata,4
2082,16782,Pooja,Male,Books,5,254.02,UPI,Delivered,Hyderabad,4
1378,12827,Sneha,Male,Furniture,1,3845.53,UPI,Delivered,Delhi,5
1817,11401,Kiran,Female,Clothing,4,3027.67,Cash,Cancelled,Kolkata,2
3735,13238,Kiran,Female,Electronics,4,3212.07,UPI,Delivered,Mumbai,5
1405,16641,Sneha,Male,Electronics,4,,UPI,Delivered,Chennai,3
4081,14883,Sneha,Male,Clothing,6,2044.49,Card,Delivered,Pune,3
3894,17128,Sneha,Male,Books,7,3077.75,Card,Delivered,Pune,5
3361,14161,Pooja,Male,Electronics,1,627.61,Net Banking,Delivered,Chennai,5
1075,15380,Sneha,Male,Electronics,7,2083.08,Net Banking,Delivered,Mumbai,4
4003,12951,Ravi,Male,Clothing,4,4945.43,Card,Delivered,Kolkata,3
4374,19352,Rahul,Male,Furniture,6,1119.68,Net Banking,Cancelled,,3
3745,16402,Kiran,Female,Grocery,1,1760.39,Net Banking,Delivered,Hyderabad,4
1485,17611,Neha,Female,Clothing,1,2544.93,Net Banking,Delivered,Pune,5
4168,18117,Rahul,Female,Grocery,9,4309.17,UPI,Cancelled,Hyderabad,3
3966,14332,Ravi,Female,Clothing,7,446.94,UPI,Delivered,Mumbai,5
3915,18090,Sneha,Female,Grocery,7,487.44,,Returned,,2
4854,12530,,Female,Books,4,2629.53,Card,Delivered,Mumbai,4
2905,19019,,Female,Grocery,1,1771.17,UPI,Delivered,Mumbai,4
3122,12418,Pooja,Female,Clothing,8,2169.23,UPI,Returned,Pune,1
2014,11041,Kiran,Male,Clothing,4,4576.64,Card,Delivered,,4
1344,14523,Anuja,Male,Clothing,7,1111.64,UPI,Pending,Mumbai,3
2095,12835,Rahul,Female,Books,1,3731.37,UPI,Pending,Kolkata,4
3463,19280,Ravi,Male,Books,5,4041.5,Card,Pending,Kolkata,3
4230,13757,Pooja,Other,Clothing,6,2697.61,UPI,Pending,Pune,3
4977,13229,Rahul,Female,Furniture,3,2552.79,,Delivered,Hyderabad,3
2759,11476,Kiran,Female,Clothing,1,1726.14,Cash,Delivered,Mumbai,4
3797,15106,Pooja,Female,Clothing,7,165.49,Cash,Delivered,Pune,4
3984,18656,Anuja,Female,Grocery,2,1496.88,Card,Returned,Delhi,3
1153,10514,Pooja,Male,Grocery,9,4411.88,Net Banking,Delivered,Hyderabad,4
1453,16791,Anuja,Male,Grocery,4,410.76,Net Banking,Delivered,Kolkata,4
3668,14864,,Male,Electronics,2,997.69,Cash,Cancelled,Hyderabad,2
1992,15676,Ravi,Male,Clothing,6,4689,Card,Delivered,Chennai,3
2273,14321,Rahul,Male,Furniture,5,1576.08,UPI,Cancelled,Delhi,2
3884,12620,Arjun,Male,Grocery,9,4797.26,Net Banking,Delivered,Bangalore,4
1904,11877,Rahul,Male,Clothing,3,4914.62,Cash,Delivered,Kolkata,5
3179,15327,Kiran,Male,Grocery,2,3164.41,Net Banking,Pending,Chennai,4
1039,12517,Pooja,Female,Furniture,7,554.11,Net Banking,Delivered,,3
2031,17141,Sneha,Male,Clothing,3,1356.63,Cash,Delivered,Chennai,4
2106,16385,Pooja,Other,Electronics,6,2473.77,Cash,Delivered,Hyderabad,4
1723,12155,Arjun,Male,Furniture,6,3172.42,Card,Delivered,Chennai,4
1566,17689,Pooja,Female,Furniture,9,2954.45,Net Banking,Delivered,Chennai,5
3497,17979,Amit,Male,Books,3,4605.59,UPI,Delivered,Hyderabad,3
3618,12493,Sneha,Female,Grocery,2,4425.68,Net Banking,Delivered,Pune,3
4644,19264,Amit,Female,Clothing,3,3857.67,Card,Pending,,4
2246,13888,Amit,Female,Furniture,8,3826.94,Cash,Delivered,Bangalore,5
3079,13600,Anuja,Female,Electronics,8,4739.2,Card,Cancelled,Mumbai,2
1508,11080,Arjun,Female,Furniture,3,2596.3,UPI,Delivered,Hyderabad,4
4590,10418,Arjun,Female,Grocery,4,525.41,UPI,Pending,Delhi,3
4246,13391,Priya,Other,Clothing,8,4040.66,UPI,Delivered,Delhi,4
2307,10080,Sneha,Male,Clothing,6,3276.97,Card,Pending,Mumbai,4
2522,10944,Amit,Female,Grocery,6,2160.12,,Delivered,Chennai,4
2574,18383,Rahul,Male,Furniture,7,3886.81,Cash,Pending,Delhi,2
2254,14210,Kiran,Female,Electronics,5,2818.69,Card,Pending,Kolkata,3
1643,16713,Sneha,Male,Electronics,4,3709.17,Cash,Delivered,Pune,4
2692,19473,Ravi,Female,Electronics,4,1411.9,Net Banking,Delivered,Bangalore,4
3848,10865,Ravi,Male,Books,6,295.71,Cash,Delivered,,4
4084,16257,Priya,Female,Books,4,4728.09,UPI,Pending,Pune,4
1995,19605,Kiran,Male,Clothing,1,260.63,Cash,Cancelled,,3
3094,15212,Priya,Male,Books,6,3559.95,Net Banking,Delivered,Kolkata,4
2365,11790,Amit,Male,Electronics,3,1636.75,UPI,Delivered,Kolkata,4
2984,17422,Anuja,Female,Furniture,5,1097.19,Net Banking,Pending,Hyderabad,3
2463,12889,Kiran,Female,Books,2,4321.3,UPI,Delivered,Pune,4
3904,10654,Rahul,Female,Furniture,9,2363.64,UPI,Delivered,Pune,4
4509,15969,Priya,Female,Clothing,8,3228.82,Card,Delivered,Delhi,3
2433,12773,Priya,Other,Electronics,6,4965.54,Card,Delivered,Delhi,4
3990,18376,Ravi,Female,Books,4,2216.66,Cash,Delivered,Pune,4
4960,17694,Pooja,Female,Electronics,6,991.38,,Delivered,,5
2016,17983,Sneha,Male,Furniture,8,2359.78,Card,Delivered,Bangalore,4
3741,14381,Kiran,Female,Grocery,5,1269.33,Net Banking,Delivered,Chennai,4
3301,19350,Rahul,Female,Furniture,9,1247.19,Net Banking,Delivered,Mumbai,3
2590,18619,Neha,Female,Electronics,1,114.37,UPI,Delivered,Hyderabad,3
1050,12686,Kiran,Male,Electronics,3,4366.87,Net Banking,Delivered,Mumbai,4
2852,14886,Ravi,Male,Electronics,4,418.51,Net Banking,Pending,Bangalore,3
3075,14938,Kiran,Male,Clothing,1,450.05,UPI,Delivered,Kolkata,5
2119,14213,Priya,Female,Electronics,4,2919.95,UPI,Cancelled,Kolkata,3
1086,13281,Priya,Female,Grocery,9,4812.68,Card,Delivered,Bangalore,3
4752,15213,Rahul,Male,Clothing,5,195.38,UPI,Delivered,,4
1115,10849,Amit,Female,Books,2,1326.84,Card,Delivered,Hyderabad,4
2799,14019,Kiran,Male,Clothing,5,682.66,,Delivered,Pune,3
4893,19114,Arjun,Male,Clothing,9,4059.24,Card,Returned,Mumbai,2
3761,18340,Pooja,Male,Books,1,,UPI,Delivered,Hyderabad,3
3671,19632,Kiran,Male,Electronics,8,288.39,Cash,Cancelled,Kolkata,2
1498,12892,Neha,Female,Clothing,1,499.71,Card,Cancelled,Chennai,2
4443,16268,Neha,Male,Grocery,2,4932.79,Cash,Delivered,Bangalore,4
4359,17042,Priya,Female,Books,3,4232.84,Net Banking,Delivered,Mumbai,4
2668,18547,Arjun,Female,Grocery,3,4408.41,UPI,Delivered,Kolkata,4
1799,10966,Sneha,Female,Furniture,7,3185.56,UPI,Delivered,Delhi,4
4632,15481,Anuja,Female,Clothing,3,1652.54,Net Banking,Delivered,Chennai,3
3160,16451,Anuja,Male,Furniture,9,541.45,Card,Delivered,Bangalore,3
2079,17141,Pooja,Female,Electronics,1,1944.24,UPI,Delivered,Delhi,4
2177,12422,Kiran,Female,Clothing,5,876.19,,Delivered,Chennai,4
4876,15858,Anuja,Female,Grocery,3,524.11,Card,Delivered,Kolkata,4
3305,15577,Kiran,Male,Electronics,6,,Net Banking,Delivered,Delhi,3
2460,12686,Anuja,Male,Clothing,7,4062.67,Cash,Delivered,Pune,4
4906,11677,Neha,Male,Furniture,1,136.61,UPI,Delivered,Bangalore,5
2270,18140,,Female,Books,1,1741.33,Card,Delivered,Bangalore,3
2989,15448,Pooja,Female,Electronics,2,,Cash,Delivered,Hyderabad,4
2819,17281,Anuja,Female,Electronics,1,950.25,UPI,Pending,Delhi,4
2683,17595,Rahul,Female,Grocery,8,2135.28,Card,Delivered,Mumbai,4
1499,16834,Ravi,Female,Clothing,5,1096.07,Cash,Pending,Bangalore,2
2135,11529,Pooja,Male,Furniture,6,2978.37,UPI,Delivered,Kolkata,4
3945,13908,Pooja,Male,Electronics,7,3847.89,UPI,Pending,Delhi,3
2063,19930,Kiran,Female,Books,3,1752.78,Net Banking,Returned,,3
3705,12161,Sneha,Male,Electronics,1,174.99,Card,Pending,,3
4197,14158,Rahul,Female,Books,3,3241.23,,Delivered,Mumbai,4
2348,11022,Pooja,Female,Furniture,5,2668.07,UPI,Cancelled,Mumbai,2
1403,10317,Neha,Male,Grocery,5,310.46,UPI,Delivered,Kolkata,3
1562,18257,Ravi,Male,Clothing,1,3581.87,Cash,Delivered,Delhi,4
4565,13688,Amit,Female,Grocery,9,4818.07,UPI,Delivered,Hyderabad,4
4343,18380,Priya,Female,Furniture,1,3834.94,Cash,Delivered,Bangalore,3
2988,10589,Kiran,Male,Grocery,7,2253.64,Card,Delivered,Bangalore,4
3740,17690,Pooja,Male,Electronics,6,2464.8,Cash,Delivered,Pune,4
2254,19354,Arjun,Female,Furniture,6,2567.64,Cash,Delivered,Kolkata,5
2384,16975,Kiran,Male,Electronics,3,895.94,Card,Cancelled,Bangalore,1
4796,19524,Sneha,Male,Books,6,1854.82,Net Banking,Delivered,Chennai,5
1189,16862,Amit,Female,Electronics,9,1160.42,Net Banking,Delivered,Hyderabad,4
4769,11217,Pooja,Male,Furniture,2,2440.9,UPI,Delivered,Delhi,3
4655,10770,Amit,Female,Clothing,7,492.27,Cash,Delivered,Kolkata,4
1452,15046,Rahul,Female,Electronics,5,2442.44,Net Banking,Delivered,Pune,4
1399,16297,Pooja,Male,Grocery,2,2218.91,Cash,Delivered,Kolkata,5
3221,15411,Rahul,Male,Furniture,5,4822.28,Cash,Delivered,Kolkata,3
4254,19036,Kiran,Male,Clothing,5,442.71,Card,Delivered,Hyderabad,3
2939,18794,Neha,Male,Clothing,3,162.86,Net Banking,Delivered,Delhi,4
4037,13065,Ravi,Male,Grocery,8,299.84,Cash,Delivered,Kolkata,5
3363,10111,Kiran,Male,Grocery,9,525.49,Card,Delivered,Hyderabad,4
4500,10479,,Male,Clothing,5,1117.73,Net Banking,Delivered,Pune,4
3946,15494,Anuja,Female,Books,8,1677.08,Card,Delivered,Delhi,5
4722,17422,Pooja,Female,Grocery,5,2748.96,Card,Delivered,Pune,5
2327,19285,Anuja,Male,Clothing,9,1038.97,Net Banking,Pending,Bangalore,3
3906,18953,Neha,Female,Books,6,3885.67,UPI,Delivered,Kolkata,4
1327,17531,Sneha,Male,Grocery,7,1031.94,Net Banking,Delivered,Mumbai,4
3265,10870,,Female,Clothing,2,2975.77,Card,Delivered,Hyderabad,4
1146,10988,Ravi,Other,Furniture,5,1600.32,Net Banking,Delivered,Chennai,4
2143,11906,Pooja,Male,Books,4,1609.16,Card,Delivered,Hyderabad,4
2259,14348,Amit,Male,Grocery,2,2879.91,UPI,Delivered,Pune,4
3449,19762,Pooja,Male,Furniture,2,257.17,Cash,Delivered,Hyderabad,4
3681,13061,Kiran,Male,Furniture,9,1163.65,UPI,Pending,Chennai,3
2841,14062,Ravi,Female,Electronics,7,1935.85,Cash,Delivered,Mumbai,5
2939,19116,Neha,Male,Furniture,7,2635.31,UPI,Delivered,Chennai,4
1428,18458,Kiran,Female,Books,9,3496.6,UPI,Pending,Hyderabad,2
4502,13515,Pooja,Male,Electronics,3,705.13,Net Banking,Delivered,Kolkata,4
4420,11093,Kiran,Male,Furniture,8,4304.32,Net Banking,Pending,Delhi,3
2069,13945,Anuja,Female,Grocery,5,2266.04,Card,Pending,Bangalore,2
2198,11860,Arjun,Male,Electronics,8,1341.4,,Delivered,Mumbai,3
1640,12594,Priya,Male,Furniture,2,3837.41,Net Banking,Pending,Kolkata,3
4960,15611,Priya,Female,Electronics,1,,Net Banking,Pending,Chennai,4
4871,12892,Kiran,Female,Clothing,8,1313.09,Net Banking,Delivered,Mumbai,4
4962,14664,Amit,Female,Clothing,7,2844.79,Net Banking,Delivered,Hyderabad,4
2079,18428,Pooja,Female,Electronics,2,4077.44,Cash,Delivered,Hyderabad,3
4994,13770,Sneha,Male,Books,5,3967.95,UPI,Delivered,Kolkata,4
4322,19151,Rahul,Female,Books,4,1682.93,Cash,Cancelled,Pune,1
1535,15279,Kiran,Male,Furniture,5,4423.87,Card,Cancelled,Hyderabad,3
1007,19815,Rahul,Male,Books,5,2193.22,UPI,Delivered,,5
3677,11395,Anuja,Female,Electronics,7,297.64,Cash,Delivered,Mumbai,5
2436,13220,Kiran,Male,Books,9,4913.61,Net Banking,Pending,Hyderabad,3
2812,16764,Priya,Female,Clothing,5,1188.12,Net Banking,Delivered,,3
1129,12771,Neha,Female,Clothing,9,4197.93,UPI,Delivered,Kolkata,4
2610,17224,Pooja,Male,Grocery,6,4994.28,Net Banking,Pending,Mumbai,3
1607,18831,Kiran,Male,Electronics,9,1877.8,UPI,Delivered,Bangalore,4
1197,16416,Ravi,Male,Books,6,4686.67,Net Banking,Delivered,Delhi,5
3743,19735,Rahul,Male,Clothing,4,,Net Banking,Delivered,Bangalore,3
3148,15758,Priya,Male,Electronics,2,3769.86,Net Banking,Delivered,Bangalore,3
4255,15176,Arjun,Male,Furniture,6,1711.86,,Pending,Chennai,3
4793,14163,Arjun,Male,Clothing,5,2976.41,UPI,Cancelled,Kolkata,2
2249,11673,Priya,Male,Electronics,2,3593.21,Card,Delivered,Chennai,4
2137,11050,Ravi,Female,Electronics,4,2733.69,Cash,Delivered,Chennai,4
3635,15551,Arjun,Male,Furniture,4,2710.06,Cash,Delivered,Delhi,4
3625,13988,Anuja,Male,Clothing,5,2759.49,,Delivered,Hyderabad,4
1322,11868,Neha,Female,Electronics,9,305.76,UPI,Cancelled,Mumbai,2
2948,13364,Neha,Female,Books,3,2708.35,,Delivered,Bangalore,4
4499,11868,Ravi,Male,Furniture,4,1197.7,Cash,Cancelled,Bangalore,1
1930,19923,Ravi,Male,Grocery,3,295.17,Cash,Delivered,Pune,4
4630,18400,Neha,Male,Furniture,1,2863.04,Card,Delivered,Mumbai,4
3868,18493,Arjun,Male,Clothing,7,2573.48,Card,Pending,Hyderabad,2
1692,16843,Pooja,Male,Furniture,8,2840.98,Net Banking,Delivered,Kolkata,4
3790,16711,Amit,Male,Grocery,6,3650.67,Net Banking,Delivered,Delhi,3
4260,10413,Rahul,Male,Grocery,7,4242.36,Net Banking,Delivered,Bangalore,4
1955,15307,Arjun,Female,Grocery,6,3727.32,Net Banking,Delivered,Hyderabad,3
1981,13934,Kiran,Female,Furniture,2,1259.96,,Returned,Pune,1
1730,12098,Ravi,Female,Clothing,3,3302.04,UPI,Delivered,Kolkata,4
1529,18802,Anuja,Female,Grocery,1,3844.02,Card,Pending,Bangalore,3
4791,17398,Rahul,Female,Books,9,2470.48,Net Banking,Delivered,Mumbai,4
3961,13258,Amit,Female,Grocery,2,4543.6,Cash,Delivered,Chennai,4
1326,19633,Priya,Female,Books,7,1306.47,Card,Returned,Mumbai,2
2173,10526,Arjun,Male,Grocery,3,3189.02,Net Banking,Delivered,Mumbai,4
4514,14607,Amit,Female,Grocery,5,,Net Banking,Delivered,Mumbai,4
4922,16997,Anuja,Other,Electronics,8,621.89,Card,Pending,Delhi,3
2376,15897,Arjun,Male,Furniture,6,1462.64,UPI,Delivered,Bangalore,4
2493,19123,,Female,Grocery,7,2955.71,Cash,Delivered,Hyderabad,4
4187,14830,Priya,Male,Clothing,2,2316.72,Card,Pending,Hyderabad,3
3491,19321,Ravi,Male,Electronics,7,4754.27,Cash,Pending,Kolkata,3
4712,16217,Ravi,Male,Clothing,5,1588.36,UPI,Pending,Mumbai,4
3712,14656,Pooja,Female,Electronics,6,,UPI,Delivered,,4
2332,19557,Kiran,Female,Clothing,7,2583.1,Card,Pending,Hyderabad,3
2684,19643,Sneha,Female,Grocery,1,2595.4,Cash,Delivered,Delhi,4
4072,14376,Anuja,Male,Furniture,9,433.38,,Delivered,Pune,5
1906,19293,Priya,Female,Clothing,9,810.99,Card,Delivered,Pune,4
1846,17054,Ravi,Male,Clothing,2,3574.13,Card,Returned,Kolkata,1
1145,13349,Arjun,Female,Clothing,2,523.12,Card,Delivered,Kolkata,4
3598,16856,Pooja,Female,Electronics,4,3783.1,Net Banking,Delivered,Bangalore,4
3536,12256,Kiran,Male,Books,7,2051.75,Card,Delivered,Bangalore,4
4511,17683,Neha,Other,Furniture,4,3831.76,Cash,Delivered,Hyderabad,5
1215,19657,Anuja,Male,Grocery,7,3035.26,Cash,Delivered,Delhi,5
3007,18986,Amit,Male,Grocery,2,2325.18,Cash,Delivered,Pune,5
4990,13046,Rahul,Female,Grocery,8,1812.62,Cash,Delivered,Pune,3
1118,14760,Amit,Female,Books,6,318.37,,Delivered,Mumbai,4
4874,10386,Pooja,Female,Books,9,3545.32,UPI,Pending,Kolkata,3
3647,12118,Pooja,Female,Electronics,7,3990.61,,Pending,Kolkata,3
1977,10386,Anuja,Male,Clothing,6,3525.34,Card,Delivered,Chennai,5
2952,16341,Kiran,Male,Grocery,5,3241.7,Cash,Delivered,Hyderabad,4
4201,19470,Ravi,Male,Furniture,9,4311.62,UPI,Delivered,Bangalore,4
4401,14911,Priya,Female,Furniture,9,2918.24,Cash,Delivered,Delhi,4
3278,14943,Ravi,Male,Clothing,6,2505.01,Card,Cancelled,Kolkata,2
2708,12337,Ravi,Male,Furniture,1,3825.71,Cash,Returned,Pune,2
2495,13544,Sneha,Female,Grocery,8,4474.81,Card,Returned,Delhi,2
2283,10442,Priya,Male,Books,4,1337.56,Net Banking,Pending,Delhi,4
1211,14429,Sneha,Male,Clothing,5,4887.02,UPI,Cancelled,Kolkata,1
1769,17255,Kiran,Male,Grocery,3,1090.96,Cash,Pending,Pune,3
3375,19697,Anuja,Female,Electronics,1,3355.14,Cash,Delivered,Kolkata,4
2484,16349,Neha,Male,Furniture,8,2640.41,Net Banking,Cancelled,Kolkata,1
1458,15827,Rahul,Female,Furniture,1,3178.24,UPI,Delivered,Mumbai,4
3767,14753,Neha,Female,Furniture,6,895.79,Cash,Delivered,Mumbai,4
4191,12185,Priya,Other,Grocery,9,1993.64,Card,Delivered,Delhi,4
1071,16361,Kiran,Female,Furniture,5,3789.64,UPI,Cancelled,Delhi,1
1882,13870,Arjun,Male,Clothing,4,3854.76,Card,Pending,Delhi,3
1359,16944,Priya,Male,Books,6,,UPI,Delivered,Hyderabad,4
4579,13401,Priya,Male,Furniture,5,2352.27,Net Banking,Delivered,Mumbai,4
3648,16103,,Male,Grocery,1,3743.04,Net Banking,Delivered,Mumbai,4
3300,12328,Amit,Male,Grocery,8,670.63,Cash,Cancelled,Bangalore,2
4797,14927,Amit,Male,Clothing,4,613.66,Card,Delivered,Pune,4
2422,18938,Amit,Female,Clothing,5,2138.22,Cash,Delivered,Hyderabad,4
1918,11436,Amit,Male,Grocery,7,424,Cash,Delivered,Delhi,3
2470,13815,Arjun,Male,Books,8,348.43,Net Banking,Delivered,Pune,5
3730,15976,Arjun,Female,Books,4,4667.85,UPI,Pending,Bangalore,2
2996,13206,Kiran,Female,Electronics,1,2672.34,Net Banking,Delivered,Pune,3
4118,17131,Pooja,Female,Electronics,5,3239.75,UPI,Delivered,Delhi,3
4639,16351,Arjun,Female,Books,2,3355.68,UPI,Delivered,Bangalore,4
2993,19193,Arjun,Other,Electronics,2,3371.63,Net Banking,Delivered,Mumbai,5
3240,17053,Ravi,Male,Electronics,5,838,,Delivered,Kolkata,4
4638,18097,Arjun,Male,Books,2,,Net Banking,Delivered,Mumbai,4
1018,17849,Amit,Female,Clothing,3,214.83,Net Banking,Delivered,Bangalore,4
4956,11327,Kiran,Female,Grocery,4,809,Cash,Delivered,Mumbai,3
2882,14019,Ravi,Male,Grocery,5,3938.56,Net Banking,Pending,Delhi,3
1397,13317,Pooja,Other,Clothing,6,954.99,Net Banking,Delivered,Pune,3
3798,14381,Neha,Male,Furniture,5,4109.76,Cash,Delivered,Pune,4
2958,14431,Ravi,Female,Electronics,4,4175.61,UPI,Pending,,3
1972,15011,Amit,Female,Grocery,6,1540.67,Cash,Delivered,Kolkata,4
4529,15057,Neha,Male,Furniture,4,2857.9,UPI,Pending,Pune,3
3216,17413,Amit,Male,Grocery,1,2335.94,Card,Returned,Delhi,2
4035,10925,Priya,Female,Furniture,5,1372.16,Cash,Delivered,Chennai,4
2584,17169,Pooja,Female,Clothing,9,1543.75,Cash,Delivered,Delhi,4
3867,13465,Pooja,Female,Books,6,2355.85,Card,Cancelled,Kolkata,2
2243,19075,Neha,Male,Clothing,8,671.84,Cash,Delivered,Bangalore,3
4805,14666,Anuja,Male,Furniture,6,2430.06,Card,Delivered,Bangalore,5
4256,18817,Kiran,Female,Books,6,3239.13,UPI,Pending,Chennai,3
4930,16414,Priya,Female,Furniture,1,3824.37,Cash,Delivered,Delhi,4
4788,14053,Priya,Female,Furniture,7,4804.88,Net Banking,Delivered,Pune,4
4612,17849,Kiran,Female,Electronics,3,1632.89,Net Banking,Delivered,Bangalore,4
4387,11795,Pooja,Male,Furniture,6,841.95,Cash,Pending,Delhi,3
4573,19759,Sneha,Female,Electronics,2,4480.33,UPI,Delivered,Pune,3
1309,11772,Rahul,Female,Furniture,3,4400.62,Card,Delivered,Bangalore,5
3655,11361,Pooja,Female,Clothing,6,925.3,Card,Delivered,Pune,5
2361,16786,Arjun,Male,Clothing,8,4647.33,UPI,Delivered,Chennai,5
4598,12121,Amit,Male,Electronics,3,105.03,Net Banking,Delivered,Bangalore,5
1558,15020,Arjun,Male,Furniture,4,4331.46,Cash,Pending,Hyderabad,4
4096,16670,Priya,Female,Furniture,1,,Card,Delivered,,4
3964,19111,Sneha,Male,Furniture,5,2654.52,UPI,Delivered,Hyderabad,3
1400,19694,Amit,Female,Books,5,3585.67,Card,Delivered,Pune,4
4259,12072,Neha,Female,Books,2,1603.72,Cash,Delivered,Mumbai,4
4986,15911,Anuja,Female,Electronics,7,3492.34,Card,Delivered,Chennai,4
4358,16056,Sneha,Male,Clothing,5,2115.29,Net Banking,Delivered,Pune,5
1431,17383,Pooja,Female,Electronics,7,432.02,Cash,Delivered,Delhi,5
2786,13715,,Female,Furniture,1,,Cash,Delivered,,4
2781,12162,Amit,Female,Electronics,3,1934.98,Cash,Pending,Mumbai,3
1418,11798,Rahul,Female,Grocery,8,1057.26,Cash,Pending,Hyderabad,2
3633,14297,Arjun,Female,Books,7,4052.92,Cash,Pending,Bangalore,3
2568,19945,Anuja,Male,Electronics,2,1012.86,UPI,Delivered,Delhi,5
2913,16837,Kiran,Male,Electronics,5,4735.74,Card,Delivered,Bangalore,4
3336,18372,Ravi,Female,Clothing,3,3449.87,Cash,Delivered,Mumbai,4
3552,17276,Anuja,Female,Electronics,4,4487.19,Cash,Delivered,Bangalore,4
4167,17026,Amit,Female,Furniture,1,2892.87,UPI,Delivered,Kolkata,4
3341,10148,Sneha,Female,Books,4,,Cash,Delivered,Chennai,5
2936,19173,Priya,Male,Grocery,1,1733.6,Net Banking,Delivered,Kolkata,4
2605,11872,Priya,Male,Furniture,4,,Net Banking,Returned,Mumbai,2
2855,15852,Amit,Male,Furniture,2,4924.67,Cash,Pending,,3
1868,12056,Ravi,Female,Electronics,8,491.6,Card,Cancelled,Hyderabad,2
4391,18434,Neha,Male,Furniture,4,1841.02,Card,Pending,Kolkata,4
4449,12398,,Male,Grocery,9,3360.38,Cash,Delivered,Bangalore,4
2982,18626,Anuja,Male,Books,1,1477.03,Net Banking,Delivered,Delhi,4
2298,14898,Amit,Female,Furniture,1,3781.19,Net Banking,Delivered,Hyderabad,4
2690,15667,Priya,Male,Electronics,6,677.26,Cash,Delivered,Pune,4
1072,16403,Neha,Male,Electronics,8,4434.04,Net Banking,Returned,Mumbai,2
2179,17254,Anuja,Female,Furniture,2,1920.78,,Returned,Delhi,2
2534,15367,Pooja,Male,Furniture,3,3348.66,Card,Delivered,Bangalore,3
4179,17829,Sneha,Female,Grocery,1,3114.36,Cash,Delivered,Bangalore,3
3148,15087,Amit,Female,Grocery,3,3449.54,Card,Delivered,Chennai,4
3942,11670,Kiran,Female,Grocery,2,2412.27,Cash,Pending,Mumbai,3
2343,17741,Amit,Female,Clothing,1,1954.09,Card,Cancelled,Chennai,2
1037,16111,Ravi,Male,Electronics,8,3305.82,UPI,Delivered,Hyderabad,4
3494,10154,Ravi,Female,Books,4,4116.59,Card,Cancelled,Bangalore,2
1938,11564,Neha,Male,Electronics,2,4439.65,Card,Delivered,Bangalore,4
4144,13052,Priya,Male,Books,3,3524.99,UPI,Delivered,,4
1018,19689,Sneha,Female,Electronics,9,611.46,UPI,Delivered,Pune,4
2237,18653,Amit,Female,Grocery,5,3928.03,Net Banking,Delivered,Kolkata,4
4751,11764,,Male,Clothing,6,4039.94,Cash,Delivered,Bangalore,4
2424,16997,Arjun,Other,Books,2,,UPI,Delivered,Mumbai,4
2987,15361,Priya,Male,Clothing,2,2830.87,Net Banking,Pending,Pune,4
4357,14909,Kiran,Female,Grocery,7,2662.52,Net Banking,Delivered,Hyderabad,4
4986,14067,Anuja,Male,Electronics,9,,UPI,Delivered,Mumbai,4
2443,15268,Priya,Male,Grocery,4,4718.79,Net Banking,Delivered,,3
4367,18913,Priya,Male,Books,1,3609.96,Net Banking,Delivered,Bangalore,3
4814,18167,Arjun,Female,Furniture,3,4039.81,UPI,Delivered,Pune,4
4595,12597,Arjun,Male,Electronics,1,3091.39,UPI,Cancelled,Pune,2
4854,10774,,Male,Furniture,5,3683.71,Cash,Delivered,Mumbai,4
2016,17970,Kiran,Male,Furniture,9,3972.55,Card,Delivered,Hyderabad,4
4618,17081,Pooja,Female,Electronics,5,295.55,Net Banking,Delivered,Bangalore,4
2469,16940,Ravi,Female,Furniture,8,3452.82,Card,Delivered,Hyderabad,4
1115,11714,Anuja,Female,Electronics,9,3147.8,Net Banking,Pending,Kolkata,3
2242,14828,Priya,Other,Furniture,7,4914.42,Card,Delivered,Delhi,4
3653,12556,Pooja,Male,Grocery,4,3286.04,UPI,Returned,Kolkata,3
3490,18621,Neha,Male,Electronics,6,556.73,Card,Delivered,,4
3651,15315,Kiran,Female,Furniture,7,4687.17,,Delivered,Delhi,4
2521,18313,Arjun,Female,Grocery,3,4827.63,Net Banking,Delivered,Kolkata,4
2590,11874,Sneha,Female,Books,9,1274.99,Net Banking,Cancelled,Hyderabad,2
4884,12793,Ravi,Female,Clothing,5,675.92,Net Banking,Delivered,Hyderabad,4
3692,11447,Arjun,Female,Books,1,3019.42,UPI,Delivered,Chennai,5
3076,11494,Priya,Female,Grocery,7,2456.43,UPI,Delivered,Hyderabad,4
4311,17370,Kiran,Male,Furniture,4,2229.89,Card,Delivered,Bangalore,4
1703,11757,Priya,Male,Books,5,4610.76,Card,Delivered,Delhi,5
1039,10114,Kiran,Female,Books,8,1781.24,Cash,Delivered,Hyderabad,4
1021,12892,Neha,Male,Electronics,4,1147.97,UPI,Delivered,Delhi,3
2517,10582,Rahul,Male,Books,2,4260.73,Card,Delivered,Hyderabad,4
4100,13257,,Male,Clothing,9,1043.93,Cash,Delivered,Pune,3
1299,15651,Rahul,Female,Electronics,8,425.75,Cash,Delivered,Delhi,4
1628,12160,Ravi,Male,Books,1,1402.14,UPI,Delivered,Delhi,5
2928,12384,Neha,Male,Electronics,9,3081.33,Cash,Delivered,Hyderabad,4
3099,15838,Sneha,Female,Electronics,4,2282.63,UPI,Returned,Chennai,2
4799,16976,Sneha,Female,Grocery,7,4700.43,Cash,Delivered,Kolkata,4
3875,17678,Priya,Female,Clothing,5,337.27,Net Banking,Delivered,Hyderabad,4
1317,16163,Priya,Other,Clothing,7,1351.63,Net Banking,Cancelled,Hyderabad,2
3837,16609,Rahul,Female,Books,7,3552.43,Cash,Delivered,Hyderabad,4
2620,15891,Sneha,Male,Grocery,7,1461.34,UPI,Delivered,Chennai,3
2848,18970,Amit,Male,Electronics,4,2455.94,Net Banking,Pending,Pune,3
4701,16531,,Other,Books,3,1418.85,Cash,Delivered,Delhi,4
2429,16766,Anuja,Male,Grocery,6,3160.74,Card,Delivered,Delhi,5
1972,12372,Sneha,Male,Furniture,8,4386.85,Net Banking,Cancelled,Pune,1
4612,13063,Anuja,Female,Books,6,281.69,Cash,Delivered,Mumbai,5
4425,11017,Anuja,Female,Grocery,5,3154.39,UPI,Delivered,Delhi,4
1606,16065,Sneha,Male,Electronics,7,4675.94,Card,Delivered,Delhi,4
1628,19624,Arjun,Male,Furniture,3,4219.19,UPI,Pending,Mumbai,3
2625,14211,Arjun,Male,Books,2,,Card,Delivered,Hyderabad,4
4287,10187,Ravi,Male,Clothing,6,3528.75,Cash,Pending,Pune,4
4429,19432,Anuja,Female,Books,7,2517.61,UPI,Delivered,Delhi,4
3313,12241,Pooja,Female,Books,3,2241.27,Card,Returned,Delhi,1
2638,14735,Ravi,Female,Furniture,4,593.3,Net Banking,Delivered,Pune,4
2409,18612,Kiran,Male,Grocery,3,3871.12,,Delivered,Pune,4
1437,11946,Rahul,Female,Grocery,7,2611.42,Card,Cancelled,Pune,3
2754,12865,Ravi,Male,Furniture,1,4536.02,Net Banking,Delivered,Bangalore,4
2182,17062,Ravi,Female,Electronics,4,2396.98,Cash,Delivered,Mumbai,3
1188,11629,Pooja,Female,Clothing,7,2188.25,Card,Delivered,Delhi,3
4741,10340,Rahul,Female,Books,7,1804.68,Cash,Delivered,Bangalore,4
2170,18129,Amit,Female,Electronics,2,3708.98,Card,Pending,Hyderabad,3
3196,13359,Neha,Female,Clothing,1,2361.9,Cash,Delivered,Delhi,5
1340,11551,Ravi,Male,Furniture,4,,Cash,Pending,Pune,2
4780,11755,Rahul,Female,Furniture,6,4394.35,Cash,Delivered,Mumbai,5
4725,12634,Kiran,Female,Grocery,7,4614.02,UPI,Delivered,Delhi,4
3160,12970,Arjun,Male,Furniture,8,4964.55,UPI,Delivered,Kolkata,3
1816,11424,Rahul,Male,Grocery,2,609.37,Card,Delivered,Bangalore,4
1773,10501,Priya,Male,Furniture,9,1520.74,Cash,Delivered,Hyderabad,3
2865,11854,Amit,Female,Clothing,3,3028.82,Cash,Cancelled,,2
4364,13851,Pooja,Male,Furniture,6,1528.99,,Delivered,,4
1170,13333,Neha,Male,Clothing,3,417.13,Card,Delivered,Hyderabad,4
3415,10007,Kiran,Male,Books,4,847.68,Net Banking,Delivered,Mumbai,4
4835,13766,Kiran,Female,Books,3,2299.06,,Delivered,Kolkata,3
2633,14601,Neha,Male,Books,2,2020.07,Cash,Delivered,Mumbai,3
3779,18330,Neha,Other,Furniture,7,4405.87,Net Banking,Delivered,Kolkata,3
1398,13377,Pooja,Female,Clothing,6,4741.91,Cash,Delivered,Mumbai,3
1277,18816,Ravi,Male,Grocery,8,2667.33,Net Banking,Pending,Mumbai,2
1943,18253,Rahul,Male,Grocery,3,3906.65,Net Banking,Delivered,Chennai,4
2307,12348,Ravi,Female,Books,3,1730.73,Cash,Delivered,Pune,4
2653,14027,Kiran,Male,Grocery,2,101.9,UPI,Delivered,Delhi,4
3686,13044,,Female,Clothing,5,4455.55,Cash,Pending,Chennai,3
4567,11946,Ravi,Female,Grocery,7,2362.38,Card,Delivered,Bangalore,4
4212,16523,Rahul,Female,Grocery,2,3137.32,Cash,Pending,Chennai,3
2016,15873,Priya,Female,Grocery,8,2147.29,UPI,Delivered,Chennai,4
4183,17857,Priya,Male,Clothing,4,2686.46,UPI,Delivered,Mumbai,4
2458,16574,,Male,Electronics,3,1732.54,Cash,Delivered,Hyderabad,4
3006,15409,,Male,Clothing,6,998.78,Card,Delivered,Mumbai,3
2995,18858,Anuja,Female,Clothing,5,429.17,Cash,Returned,Bangalore,2
1769,13244,Anuja,Female,Clothing,4,2258.14,Net Banking,Delivered,,5
3896,12344,Amit,Male,Grocery,5,1993.99,Cash,Delivered,,4
4945,18625,Arjun,Male,Grocery,6,991.04,Net Banking,Delivered,Mumbai,3
2459,14050,Arjun,Other,Clothing,3,,UPI,Delivered,Hyderabad,4
2440,12593,Sneha,Female,Electronics,8,953.14,Cash,Pending,Hyderabad,2
4284,15292,Pooja,Male,Grocery,9,3883.02,Net Banking,Delivered,,3
2698,17264,Neha,Female,Clothing,2,4722.45,UPI,Returned,Pune,1
4225,19024,Arjun,Female,Clothing,6,709.74,Card,Delivered,Pune,5
1308,18909,Anuja,Male,Grocery,1,3808.72,UPI,Delivered,Pune,5
1405,12939,Neha,Female,Books,7,4400.62,Card,Delivered,Delhi,4
1540,18154,Kiran,Male,Books,2,1474.14,Cash,Delivered,Hyderabad,4
1244,12170,Amit,Male,Furniture,3,3437.44,Net Banking,Pending,Kolkata,3
3306,13746,Anuja,Male,Electronics,1,1379.32,Net Banking,Pending,Mumbai,3
3746,16114,Priya,Female,Furniture,1,3545.98,UPI,Delivered,Pune,4
3488,18308,Rahul,Male,Electronics,8,4744.79,Card,Delivered,Delhi,5
3370,12525,Pooja,Male,Furniture,4,4568.77,Card,Delivered,Kolkata,4
4730,19228,Neha,Female,Grocery,7,,Cash,Delivered,Mumbai,3
3745,13587,Anuja,Male,Clothing,4,3510.48,Cash,Delivered,Pune,4
2444,11849,Priya,Female,Clothing,3,,,Delivered,Pune,5
1572,13139,Kiran,Other,Clothing,1,1383.68,Card,Delivered,Kolkata,4
2109,15344,Amit,Female,Books,2,2968.22,Net Banking,Returned,Mumbai,2
1998,15526,Amit,Male,Furniture,7,1257.98,Cash,Delivered,Pune,5
2398,15239,Kiran,Male,Grocery,4,4480.5,,Delivered,Chennai,4
1520,14088,Ravi,Male,Furniture,9,1652.66,Net Banking,Delivered,Mumbai,4
3649,16255,Amit,Male,Clothing,2,2722.8,Cash,Delivered,Mumbai,4
4764,13504,Arjun,Female,Furniture,7,2518.67,Card,Delivered,Kolkata,3
2071,17381,Neha,Female,Clothing,9,4046.78,Card,Delivered,Bangalore,4
2823,15869,Sneha,Female,Clothing,9,2636.59,Cash,Cancelled,Bangalore,2
2863,19496,Anuja,Male,Furniture,8,2898.21,Net Banking,Delivered,Kolkata,5
4291,17338,Sneha,Male,Furniture,4,103.05,Cash,Delivered,Delhi,4
4484,16489,Amit,Female,Electronics,2,2328.26,Net Banking,Delivered,Kolkata,3
3075,15592,Rahul,Male,Clothing,6,1980.26,UPI,Pending,Delhi,3
1082,17644,Anuja,Male,Electronics,2,2733.02,Net Banking,Delivered,Mumbai,5
4192,14300,Pooja,Female,Grocery,5,,Card,Returned,Mumbai,2
3501,14127,Anuja,Male,Clothing,3,1047.07,Cash,Delivered,Bangalore,4
4555,17050,Anuja,Male,Grocery,5,4522.03,Cash,Delivered,Pune,4
1569,18240,Amit,Other,Grocery,9,3582.48,Cash,Pending,Pune,3
4920,11250,Arjun,Male,Grocery,8,3658.07,UPI,Returned,Pune,2
3450,17194,Rahul,Male,Clothing,6,1008.67,UPI,Delivered,Mumbai,5
4157,12630,Rahul,Female,Electronics,8,2433.36,Cash,Delivered,Bangalore,4
3596,10578,Rahul,Male,Clothing,5,4854.47,Net Banking,Delivered,Delhi,3
2572,19543,Amit,Female,Clothing,1,2154.73,UPI,Delivered,Mumbai,4
4575,10252,Priya,Male,Grocery,5,3632.68,UPI,Delivered,Delhi,5
2037,13245,Kiran,Male,Books,2,3855.58,Cash,Cancelled,Hyderabad,2
3875,19774,Neha,Male,Electronics,9,2703.26,Cash,Pending,Hyderabad,3
1464,19800,Priya,Male,Furniture,9,2130.19,Net Banking,Pending,Delhi,3
2837,13751,Pooja,Female,Furniture,8,1025.24,UPI,Delivered,Kolkata,4
2068,15710,Pooja,Male,Electronics,2,1550.03,,Delivered,Bangalore,5
4901,15072,Amit,Female,Electronics,1,2108.34,UPI,Delivered,Chennai,3
2799,15604,,Male,Furniture,6,2845.08,Cash,Pending,Bangalore,3
4898,14076,Amit,Female,Electronics,7,3505.31,Card,Delivered,Mumbai,4
4580,19757,Pooja,Female,Furniture,6,340.69,Cash,Delivered,Chennai,3
3438,10216,Ravi,Female,Grocery,2,505.48,Card,Delivered,Kolkata,4
2914,15385,Pooja,Female,Clothing,6,467.2,Net Banking,Delivered,Hyderabad,3
3187,16054,Ravi,Female,Books,9,356.44,Card,Delivered,Hyderabad,4
2571,16182,Pooja,Female,Grocery,4,3483.35,UPI,Delivered,Hyderabad,4
4188,11331,Pooja,Female,Grocery,1,3290.06,Card,Delivered,Chennai,3
3969,13057,Pooja,Female,Grocery,5,1049.81,Cash,Delivered,Delhi,5
1140,13069,Kiran,Female,Furniture,2,1922.93,Cash,Cancelled,Mumbai,2
3074,11600,Rahul,Male,Furniture,9,3343.1,Card,Pending,Mumbai,3
1680,15190,Amit,Male,Books,8,4541.67,Card,Delivered,,5
1011,17169,Pooja,Male,Furniture,5,2002.64,Card,Delivered,Mumbai,5
4746,18988,Kiran,Male,Clothing,8,1730.13,Net Banking,Delivered,Delhi,3
4369,13539,Rahul,Male,Electronics,4,1652.32,Card,Delivered,Pune,4
1339,12919,Ravi,Male,Furniture,6,1653.67,Card,Pending,Chennai,3
2459,10537,Priya,Male,Books,3,917.69,Net Banking,Delivered,Mumbai,4
2211,19108,,Female,Clothing,8,4572.83,Cash,Delivered,,5
2083,13260,Anuja,Male,Books,3,3167.32,Net Banking,Returned,Chennai,2
3796,18967,Neha,Female,Books,3,1433.04,,Delivered,Chennai,3
4301,14717,Priya,Male,Furniture,8,531.3,,Delivered,Pune,5
1316,16681,Ravi,Male,Grocery,8,2363.81,Card,Pending,Pune,2
1717,12509,Anuja,Male,Clothing,8,1793.22,Net Banking,Cancelled,Chennai,1
4299,16989,Ravi,Male,Clothing,5,1777.2,UPI,Returned,Pune,2
3559,10223,Neha,Female,Electronics,3,3033.07,UPI,Cancelled,Chennai,2
3708,11055,Amit,Male,Clothing,4,413.62,Cash,Delivered,Bangalore,3
1191,11774,Anuja,Female,Furniture,6,1222.47,Net Banking,Delivered,Pune,3
2445,12185,Priya,Female,Electronics,2,4473.07,UPI,Delivered,Bangalore,4
3016,15926,Anuja,Male,Books,5,3729.99,UPI,Cancelled,Chennai,2
3284,14402,Neha,Male,Clothing,6,2118.6,Card,Delivered,Hyderabad,4
4275,10667,Anuja,Male,Clothing,9,4045.63,Card,Pending,Mumbai,3
4191,12303,Priya,Male,Grocery,6,4786.96,UPI,Delivered,Bangalore,4
4600,12803,Anuja,Male,Electronics,7,4742.13,Card,Pending,Chennai,3
1574,11995,Rahul,Male,Books,4,3698.17,Net Banking,Delivered,Hyderabad,4
4511,19108,Ravi,Male,Electronics,1,2518.24,Cash,Delivered,Pune,4
3521,19344,Pooja,Female,Grocery,9,2532.41,Cash,Delivered,Delhi,4
1357,14006,Kiran,Male,Furniture,2,1247.81,Cash,Delivered,Hyderabad,4
1670,19881,Priya,Male,Clothing,7,2808.34,,Delivered,Chennai,4
4325,16284,Arjun,Male,Furniture,1,1771.09,Cash,Delivered,Chennai,4
1174,19387,Kiran,Male,Electronics,4,3958.72,Net Banking,Delivered,Bangalore,4
3956,14710,Ravi,Male,Electronics,6,3826.42,Cash,Returned,Bangalore,3
3040,11511,Pooja,Female,Furniture,4,3734.32,Cash,Delivered,Hyderabad,4
2307,18998,Rahul,Other,Grocery,2,2026.08,UPI,Delivered,Hyderabad,4
1275,17490,Sneha,Male,Grocery,8,4926.12,Net Banking,Delivered,Bangalore,5
3201,18808,Kiran,Female,Furniture,3,3711.03,Cash,Delivered,,5
1756,15454,Kiran,Male,Grocery,5,4432.81,Cash,Delivered,Pune,4
4485,16327,Amit,Male,Books,1,3549.99,Cash,Delivered,Delhi,4
4640,17011,Rahul,Female,Books,8,1808.46,Card,Returned,,2
4088,14311,Priya,Male,Grocery,5,3036.26,Cash,Delivered,Hyderabad,4
4235,15912,Amit,Female,Furniture,3,322.92,Card,Delivered,Mumbai,4
2043,12804,Anuja,Male,Grocery,4,,,Delivered,Kolkata,4
4224,10022,Rahul,Male,Books,6,2325.59,Net Banking,Delivered,Chennai,3
2690,14023,Sneha,Male,Books,2,4767.37,Net Banking,Delivered,Bangalore,5
1082,10244,Pooja,Female,Electronics,5,1438.27,Net Banking,Pending,Hyderabad,3
2301,14364,Neha,Female,Books,5,1269.36,UPI,Delivered,Hyderabad,4
2524,13046,Amit,Male,Books,6,2424.68,UPI,Delivered,Mumbai,3
3258,13625,Arjun,Male,Electronics,5,1995.83,UPI,Delivered,Mumbai,3
2357,19290,Priya,Female,Books,4,1726.48,Net Banking,Delivered,Kolkata,5
3492,12032,Rahul,Male,Furniture,3,3298.13,Net Banking,Pending,Hyderabad,4
3837,12060,Ravi,Other,Electronics,7,1202.18,UPI,Delivered,Bangalore,4
2053,17803,Anuja,Female,Books,7,4693.79,Cash,Delivered,Pune,3
1949,16118,Arjun,Male,Grocery,3,2314.92,Net Banking,Delivered,Chennai,5
2357,16452,Priya,Other,Electronics,5,952.65,UPI,Delivered,Pune,5
1581,16989,Rahul,Male,Clothing,6,2464.31,Net Banking,Pending,Hyderabad,2
4627,12208,,Male,Furniture,4,568.36,Net Banking,Delivered,Mumbai,4
2227,13885,Neha,Male,Books,9,373.64,Card,Delivered,Delhi,4
2694,13123,Kiran,Female,Books,4,2407.42,Cash,Delivered,Kolkata,4
3028,12682,Sneha,Male,Grocery,5,1777.3,Card,Delivered,Delhi,4
4461,10558,Rahul,Male,Clothing,9,,Cash,Delivered,Kolkata,3
2492,12574,Priya,Male,Clothing,6,4260.47,Net Banking,Delivered,Bangalore,4
1245,11932,Neha,Female,Electronics,1,1457.1,Cash,Cancelled,,2
4935,16850,Anuja,Male,Clothing,5,3499.03,Net Banking,Delivered,Delhi,4
1163,13891,Priya,Other,Clothing,8,1441.15,Cash,Delivered,Delhi,3
2136,12296,Neha,Female,Books,1,454.72,Card,Pending,Kolkata,4
1139,14506,,Female,Furniture,5,4997.85,Card,Delivered,Delhi,4
2546,17965,Priya,Male,Grocery,3,2066.5,UPI,Delivered,Chennai,5
4227,13911,Pooja,Female,Books,1,525.96,Cash,Delivered,Bangalore,5
1746,18291,,Male,Books,2,3761.35,UPI,Delivered,Delhi,3
4983,12762,Ravi,Male,Books,5,2858.71,Card,Delivered,Mumbai,3
1035,14261,Priya,Male,Furniture,7,610.6,UPI,Cancelled,Delhi,2
2572,13845,Ravi,Female,Clothing,6,4126.45,Cash,Delivered,Bangalore,3
1135,18405,Pooja,Female,Clothing,7,3898.32,Net Banking,Delivered,Mumbai,3
4425,19919,Anuja,Male,Clothing,8,4164.29,UPI,Cancelled,Kolkata,2
4039,12824,Kiran,Male,Electronics,8,3786.87,Net Banking,Delivered,Hyderabad,5
3774,16716,,Female,Furniture,3,4172.36,Net Banking,Delivered,Delhi,4
2906,11928,Sneha,Male,Furniture,9,3358.74,Net Banking,Cancelled,Bangalore,2
3105,17968,Neha,Male,Electronics,8,760.77,Cash,Delivered,Kolkata,3
3433,13447,Sneha,Male,Furniture,3,4746.41,Card,Delivered,Chennai,4
2343,11040,Sneha,Male,Furniture,3,,Net Banking,Delivered,Delhi,4
4255,18296,Ravi,Female,Grocery,6,2845.26,UPI,Returned,Chennai,1
2882,13797,Priya,Other,Electronics,5,3405.49,Card,Delivered,Mumbai,4
3180,19852,Anuja,Male,Books,5,501.8,Cash,Delivered,Mumbai,3
2719,15649,Arjun,Male,Furniture,4,104.21,Card,Cancelled,Pune,2
2982,13006,Neha,Female,Clothing,3,4531.31,UPI,Delivered,Chennai,4
2399,13932,Neha,Male,Furniture,2,193.62,UPI,Delivered,Pune,4
4642,18333,Arjun,Female,Furniture,4,,UPI,Delivered,Delhi,5
2296,17396,Arjun,Female,Grocery,4,3778.03,UPI,Delivered,Delhi,3
1194,15443,Neha,Male,Grocery,3,3961.93,UPI,Delivered,Kolkata,4
3796,19049,Arjun,Other,Furniture,3,763.61,UPI,Delivered,Bangalore,4
2206,15644,Amit,Male,Grocery,5,4526.9,Cash,Delivered,Chennai,5
4734,14700,Priya,Female,Grocery,6,3769.65,Net Banking,Pending,Pune,4
1991,15054,,Male,Grocery,2,310.58,Net Banking,Delivered,Chennai,3
2986,10861,Neha,Female,Furniture,7,3142.75,Card,Delivered,Kolkata,4
2252,15988,Kiran,Female,Grocery,8,3416.68,Cash,Delivered,Chennai,4
1350,13101,Sneha,Male,Books,5,3682.94,Card,Delivered,Delhi,3
4224,17612,Pooja,Female,Furniture,9,891.95,Net Banking,Delivered,Hyderabad,4
3367,11058,Priya,Female,Electronics,6,2919.5,UPI,Pending,Hyderabad,4
4465,17979,Neha,Male,Grocery,2,4244.59,UPI,Delivered,Pune,4
2727,13270,Neha,Male,Books,3,4892.74,Cash,Delivered,Hyderabad,4
2037,14436,Kiran,Male,Electronics,9,3204.28,UPI,Cancelled,Chennai,2
3524,10100,Ravi,Male,Grocery,1,186.03,Net Banking,Cancelled,Chennai,3
4354,16106,Sneha,Male,Electronics,7,4812.49,Cash,Delivered,Hyderabad,4
1717,18833,Neha,Male,Electronics,3,4746.06,Net Banking,Delivered,Bangalore,3
1018,19522,Neha,Female,Electronics,5,,UPI,Delivered,Chennai,4
2245,10025,Arjun,Male,Clothing,3,550.62,Cash,Delivered,Bangalore,5
1042,13075,Sneha,Male,Clothing,8,2705.06,UPI,Delivered,Bangalore,3
4120,15666,Priya,Male,Grocery,5,3889.86,Net Banking,Delivered,Kolkata,4
4236,10748,Rahul,Other,Books,8,3579.18,Cash,Delivered,Bangalore,4
3068,14470,Neha,Female,Clothing,1,304.43,Cash,Delivered,Kolkata,3
3104,11242,Pooja,Male,Furniture,9,503.08,UPI,Pending,Pune,3
1234,14674,,Female,Clothing,8,1969.23,Card,Delivered,Mumbai,4
1545,18916,Amit,Female,Books,7,190.34,UPI,Pending,Pune,2
1241,11681,Anuja,Male,Clothing,2,4741.27,UPI,Pending,Mumbai,3
3191,16378,Rahul,Female,Clothing,5,2923.08,UPI,Delivered,Delhi,5
3779,18330,Neha,Other,Furniture,7,4405.87,Net Banking,Delivered,Kolkata,5
2015,13174,Pooja,Male,Clothing,6,2036.89,UPI,Cancelled,Hyderabad,2
4124,19044,Anuja,Male,Clothing,8,4454.71,,Delivered,Bangalore,4
3274,13231,Anuja,Male,Electronics,9,1263.61,Cash,Delivered,Kolkata,5
1570,13681,Ravi,Male,Electronics,8,3045.05,Card,Delivered,Delhi,3
1504,12613,Priya,Female,Furniture,7,3977.91,Card,Cancelled,Hyderabad,2
2651,12000,Sneha,Female,Electronics,4,2294.53,Cash,Delivered,Pune,4
2857,14725,Priya,Female,Books,3,2610.64,Cash,Cancelled,Kolkata,2
2156,14652,Anuja,Female,Electronics,6,1964.71,Net Banking,Pending,Pune,3
3308,19778,Priya,Other,Furniture,2,4626.7,Card,Delivered,Hyderabad,4
1264,16849,Kiran,Female,Grocery,1,620.13,Net Banking,Delivered,Pune,4
4408,12262,Sneha,Other,Books,1,3013.42,Cash,Delivered,Pune,5
3723,14227,Pooja,Female,Furniture,6,941.45,UPI,Delivered,Delhi,3
2046,19903,Arjun,Female,Furniture,2,1035.44,Net Banking,Delivered,Hyderabad,4
1767,16507,Pooja,Male,Books,4,1499.64,Card,Pending,Hyderabad,4
3636,10371,Arjun,Male,Books,9,4120.99,Cash,Delivered,Kolkata,4
1988,17804,Kiran,Male,Books,2,3764.28,Cash,Delivered,Pune,4
3904,18031,Anuja,Female,Grocery,1,3062.59,Cash,Cancelled,Delhi,1
3308,11809,Neha,Female,Furniture,3,759.17,Net Banking,Delivered,Chennai,4
4913,13787,Neha,Female,Electronics,7,4236.35,UPI,Delivered,Mumbai,4
4300,11941,Sneha,Female,Electronics,3,4278.13,Card,Returned,Pune,1
1145,16766,Kiran,Female,Clothing,2,1876.97,Net Banking,Cancelled,Bangalore,1
2168,12773,Arjun,Female,Books,3,3667.35,UPI,Delivered,Mumbai,4
4184,16655,Neha,Female,Books,6,4475.48,Card,Pending,Hyderabad,3
1571,15261,Anuja,Male,Clothing,8,644.11,Card,Pending,Hyderabad,3
1989,19018,Amit,Male,Furniture,4,2699.8,Cash,Pending,Chennai,2
3818,11040,Ravi,Male,Electronics,4,2894.66,UPI,Delivered,Delhi,5
1182,11960,Priya,Male,Grocery,4,4163.42,Card,Pending,Bangalore,3
4512,10968,Priya,Female,Electronics,8,3477.48,Cash,Delivered,Hyderabad,5
1249,11667,,Male,Clothing,6,210.99,UPI,Pending,Mumbai,2
3966,10038,Pooja,Male,Electronics,1,4356.53,UPI,Delivered,Chennai,4
2118,18475,Arjun,Male,Clothing,3,891.13,Card,Delivered,Pune,4
4498,15956,Ravi,Female,Books,1,3160.67,Card,Delivered,Mumbai,4
2278,15901,Neha,Female,Electronics,1,2938.57,UPI,Delivered,Pune,4
4566,12513,Kiran,Male,Furniture,9,490.5,UPI,Pending,Chennai,4
1484,13925,Ravi,Male,Furniture,3,1801.08,Cash,Delivered,Hyderabad,5
4765,18657,Pooja,Male,Electronics,7,1305.68,UPI,Delivered,Delhi,3
3573,10597,Priya,Female,Grocery,6,4828.73,Net Banking,Returned,Mumbai,2
4719,10296,Pooja,Male,Furniture,4,2825.83,Net Banking,Delivered,Bangalore,5
1550,15790,Ravi,Male,Clothing,9,1451.39,Card,Delivered,Chennai,4
1666,19186,Sneha,Female,Electronics,6,686.19,UPI,Delivered,Chennai,5
1049,19390,Pooja,Female,Furniture,6,498.16,Cash,Delivered,Chennai,4
4598,17374,Anuja,Other,Clothing,7,1820.83,UPI,Cancelled,Bangalore,1
3642,18877,,Other,Electronics,1,4887.54,Cash,Returned,Mumbai,2
3946,13603,Neha,Female,Grocery,5,3679.11,,Delivered,Kolkata,5
1781,10754,Sneha,Male,Furniture,9,4274.79,Cash,Cancelled,Kolkata,2
4567,19076,Ravi,Female,Furniture,4,1139.81,Net Banking,Delivered,Bangalore,3
2415,18067,,Female,Electronics,1,443.19,Net Banking,Delivered,Mumbai,4
4325,16182,Neha,Male,Books,5,4934.87,Net Banking,Delivered,,5
4816,13515,Amit,Female,Grocery,1,,Cash,Delivered,Hyderabad,5
2526,15599,Priya,Male,Clothing,8,1787.68,Card,Delivered,,4
1922,12575,Arjun,Female,Furniture,9,1215.57,Cash,Delivered,Bangalore,3
1397,13466,Priya,Female,Books,6,1803.68,Card,Delivered,Hyderabad,4
1019,16881,Priya,Other,Clothing,1,1132.34,Card,Delivered,Pune,5
2836,15932,Ravi,Male,Books,1,4049.49,Cash,Delivered,Chennai,4
1916,19183,Rahul,Female,Books,1,1933.7,Cash,Delivered,Bangalore,4
4904,16176,Priya,Female,Electronics,6,975.19,Card,Delivered,Bangalore,4
1753,18323,Amit,Other,Grocery,9,2523.42,UPI,Delivered,Kolkata,4
2680,11658,Arjun,Female,Electronics,5,908.12,Card,Delivered,Delhi,4
1574,17718,Amit,Male,Furniture,3,1956.26,Cash,Returned,Pune,2
3502,17433,Rahul,Female,Clothing,7,1419.98,Cash,Pending,Pune,2
4569,10723,Arjun,Female,Books,7,1831.89,Card,Delivered,Chennai,3
2944,10255,Priya,Female,Furniture,7,2356.32,Cash,Delivered,Pune,4
2519,14599,,Male,Clothing,5,167.28,UPI,Delivered,,4
4807,15875,Neha,Female,Electronics,5,2937.18,UPI,Delivered,Kolkata,4
1490,19867,Arjun,Female,Grocery,1,2096.58,Card,Delivered,Mumbai,4
4292,18480,Amit,Male,Electronics,6,,UPI,Pending,Bangalore,3
4966,13526,Ravi,Male,Furniture,3,1303.7,Cash,Delivered,Mumbai,3
3815,14318,Priya,Female,Electronics,8,1100.73,UPI,Delivered,Pune,4
2473,12357,Arjun,Female,Books,5,1514.72,UPI,Cancelled,,1
3512,10015,Rahul,Male,Electronics,6,2518.92,Net Banking,Delivered,Mumbai,4
4652,14796,Ravi,Male,Clothing,1,,Net Banking,Delivered,Mumbai,4
3041,11007,Neha,Female,Furniture,7,4435.48,Cash,Pending,Chennai,3
4247,13823,Arjun,Female,Grocery,1,,Card,Delivered,Pune,4
2681,10797,Sneha,Male,Furniture,5,,Cash,Delivered,Pune,4
3906,18276,Rahul,Male,Books,7,159.72,Card,Delivered,Mumbai,5
4257,12284,Ravi,Female,Electronics,2,4080.86,UPI,Delivered,Pune,4
4051,12824,Sneha,Male,Grocery,8,4165.56,Net Banking,Cancelled,Chennai,2
4138,16431,,Male,Grocery,2,2837.14,Net Banking,Delivered,Mumbai,4
4318,15095,Anuja,Other,Furniture,3,2535.66,UPI,Pending,,3
1331,12531,Rahul,Female,Electronics,4,919.57,Cash,Returned,Chennai,2
1364,15322,Priya,Female,Books,9,3074.57,Card,Delivered,Bangalore,4
1933,11721,Amit,Male,Grocery,7,1860.19,Cash,Delivered,Chennai,5
2462,15967,,Male,Furniture,4,4708.6,Cash,Delivered,Hyderabad,4
2030,19190,Sneha,Female,Books,3,3858.72,Cash,Delivered,Hyderabad,4
1566,12908,Sneha,Female,Clothing,3,1700.51,Card,Cancelled,Mumbai,3
4064,19029,Pooja,Other,Furniture,4,122.12,Card,Delivered,Delhi,4
1694,12514,Sneha,Female,Electronics,5,1272.4,Card,Delivered,Pune,3
4144,16739,Neha,Male,Furniture,4,1775.98,Net Banking,Returned,Kolkata,2
3371,16260,Priya,Female,Books,9,3943.3,Cash,Delivered,Hyderabad,4
4099,19118,Sneha,Female,Furniture,4,1034.82,Cash,Delivered,,4
1709,10298,Neha,Female,Electronics,1,3656.44,Net Banking,Delivered,Pune,4
4758,18142,Kiran,Male,Furniture,9,1998.12,Net Banking,Delivered,Mumbai,4
3964,19555,Arjun,Female,Clothing,8,2874.93,Cash,Delivered,Delhi,4
3512,10452,,Male,Grocery,9,4193.6,UPI,Pending,Pune,3
4911,11490,Ravi,Male,Grocery,9,1529.18,UPI,Pending,Delhi,3
3382,15221,Sneha,Female,Books,1,3823.45,Cash,Delivered,Chennai,4
2631,17938,Rahul,Female,Furniture,3,1622.09,Cash,Delivered,Mumbai,4
3410,15440,Pooja,Male,Clothing,5,994.86,Card,Returned,Mumbai,1
4929,11217,Rahul,Female,Clothing,7,450.08,Cash,Delivered,Mumbai,4
1581,12407,Kiran,Male,Electronics,6,2808.72,Card,Delivered,,3
2751,19584,Kiran,Female,Clothing,3,1934.94,,Delivered,Bangalore,4
4140,15659,Arjun,Female,Electronics,6,3509.49,UPI,Returned,Delhi,2
1882,17485,Rahul,Female,Clothing,2,1313.42,Net Banking,Delivered,Bangalore,3
2317,19460,Amit,Female,Clothing,6,3450.43,UPI,Delivered,Pune,4
1765,15834,Ravi,Female,Books,7,,Cash,Pending,Chennai,3
2146,13723,Amit,Female,Electronics,4,3954.25,Cash,Delivered,Hyderabad,5
2318,17490,Priya,Male,Furniture,2,2364.88,Net Banking,Delivered,Bangalore,5
2549,16158,Arjun,Male,Electronics,9,3049.99,Cash,Delivered,Chennai,3
2230,14302,Neha,Male,Electronics,9,2696.1,Cash,Pending,Bangalore,3
1253,11101,,Male,Furniture,5,796.87,Cash,Delivered,,4
2843,11469,Rahul,Female,Books,9,2916.29,,Delivered,Delhi,4
1719,19508,Priya,Male,Furniture,3,254.46,Card,Delivered,Chennai,4
2563,10521,Priya,Male,Books,8,3421.83,UPI,Delivered,Hyderabad,4
2486,16739,Pooja,Female,Clothing,3,944.06,Net Banking,Delivered,Kolkata,4
2764,19506,Ravi,Female,Grocery,8,903.32,UPI,Delivered,Pune,3
2498,18758,,Female,Clothing,4,196.66,,Delivered,Bangalore,4
2036,10277,Rahul,Male,Furniture,5,2528.8,Cash,Cancelled,Mumbai,2
1491,14000,Arjun,Female,Grocery,7,234.52,Net Banking,Delivered,Chennai,4
1753,10490,Priya,Male,Clothing,5,281.29,Card,Returned,Hyderabad,2
1027,12555,Rahul,Male,Clothing,2,,UPI,Returned,Kolkata,1
2559,19268,Arjun,Female,Clothing,7,3128.86,Cash,Returned,Delhi,3
4111,18959,Pooja,Female,Electronics,9,1511.92,UPI,Pending,Hyderabad,2
4104,16763,Neha,Other,Clothing,6,3769.59,Cash,Cancelled,Delhi,2
3446,14503,Anuja,Female,Grocery,8,629.29,Card,Delivered,,4
1150,19593,Pooja,Male,Books,1,4581,Card,Delivered,Delhi,4
3212,12496,Neha,Male,Furniture,3,2969.68,Card,Delivered,Mumbai,5
2456,15861,Anuja,Female,Grocery,1,999.8,Card,Delivered,Hyderabad,3
4406,14382,Amit,Male,Electronics,8,4071.7,UPI,Cancelled,Bangalore,2
1355,11469,Priya,Male,Clothing,9,2096.24,UPI,Pending,Delhi,2
1900,17313,Kiran,Male,Grocery,2,,Cash,Delivered,Pune,4
3608,10658,Neha,Male,Electronics,6,3550.28,Card,Delivered,Chennai,4
4426,10211,Kiran,Male,Furniture,4,4341.88,Card,Cancelled,Pune,3
1622,16123,Anuja,Female,Furniture,8,3465.68,Cash,Delivered,Pune,4
2658,18067,Pooja,Male,Grocery,8,4998.62,UPI,Delivered,Delhi,4
3636,14237,Ravi,Female,Furniture,1,3754.55,Cash,Delivered,Delhi,5
3607,13939,Arjun,Female,Electronics,2,2966.62,Card,Cancelled,Hyderabad,2
1867,12775,Sneha,Male,Furniture,9,2164.15,Net Banking,Delivered,Mumbai,4
4304,18118,Anuja,Female,Furniture,3,2029.67,UPI,Delivered,Delhi,4
2719,16333,Rahul,Male,Electronics,5,4525.32,Card,Pending,Hyderabad,3
4596,18888,Arjun,Female,Electronics,5,600.41,Cash,Delivered,Delhi,4
1398,18737,Anuja,Male,Electronics,1,2811.33,UPI,Cancelled,Delhi,2
1699,11574,,Male,Books,3,441.28,UPI,Delivered,Pune,4
2299,13861,Sneha,Female,Clothing,5,2397.7,Net Banking,Pending,Chennai,4
2486,19793,Kiran,Male,Furniture,8,4926.51,Cash,Delivered,Mumbai,3
3134,12846,Kiran,Female,Grocery,6,3926.65,UPI,Delivered,Bangalore,4
4691,17454,Anuja,Female,Clothing,5,3402.82,Net Banking,Delivered,Mumbai,4
1060,17875,,Male,Grocery,3,1809.17,UPI,Delivered,Pune,4
4644,14952,Kiran,Male,Electronics,5,2034.62,Card,Returned,,2
1616,14526,Anuja,Female,Books,9,158.95,UPI,Delivered,Bangalore,5
2321,10511,Ravi,Female,Furniture,7,3065.58,Card,Delivered,Hyderabad,4
4420,14021,Priya,Female,Grocery,5,3827.65,Card,Pending,Mumbai,3
3874,17399,Anuja,Female,Furniture,7,4035.98,Card,Cancelled,Kolkata,2
2327,10087,Kiran,Male,Electronics,5,3725.09,Net Banking,Pending,Hyderabad,4
4395,13179,Pooja,Female,Electronics,9,,Card,Delivered,Chennai,4
1170,19245,Kiran,Male,Electronics,7,528.84,Net Banking,Delivered,Bangalore,3
4923,12603,Rahul,Female,Books,6,185.38,Card,Pending,Chennai,4
4171,19751,Pooja,Female,Clothing,1,,UPI,Delivered,Bangalore,4
2473,11374,Amit,Other,Books,8,4074.59,UPI,Cancelled,Mumbai,1
2717,18885,,Female,Electronics,6,4243.7,Net Banking,Delivered,Kolkata,4
1383,10416,Sneha,Other,Electronics,3,1762.24,Card,Delivered,Bangalore,4
4618,17846,Ravi,Female,Furniture,3,4210.43,Card,Delivered,Hyderabad,4
2925,10842,Ravi,Male,Clothing,6,2003.02,UPI,Delivered,Bangalore,5
3890,16571,Neha,Female,Furniture,8,370.25,UPI,Delivered,Pune,4
3262,14607,Neha,Male,Books,7,3649.14,Cash,Delivered,Delhi,4
3653,15747,Amit,Male,Furniture,7,,Cash,Delivered,Chennai,4
1040,17971,Priya,Female,Electronics,5,4209.69,Cash,Returned,,1
1512,19967,Rahul,Male,Books,9,3237.99,UPI,Delivered,Kolkata,3
4696,16439,Neha,Male,Books,6,1598.01,UPI,Pending,Bangalore,4
3315,16218,Arjun,Female,Electronics,7,4058.04,Cash,Delivered,Mumbai,4
4604,11178,Kiran,Male,Furniture,6,1257.41,Cash,Delivered,Delhi,4
3555,11439,Rahul,Male,Electronics,2,1418.75,UPI,Delivered,Pune,4
4523,14507,Kiran,Female,Books,6,4572.49,Cash,Delivered,Hyderabad,4
1428,19869,Amit,Male,Clothing,6,4515.87,Net Banking,Delivered,Kolkata,4
2927,13675,Priya,Male,Books,9,1654.41,UPI,Delivered,Chennai,5
2152,14951,Ravi,Female,Books,2,1838.79,Card,Pending,Pune,3
4448,13378,Rahul,Female,Electronics,8,3057.98,Net Banking,Delivered,Chennai,3
3933,16875,Neha,Male,Books,5,2034.84,,Pending,Pune,3
1235,13560,Amit,Female,Books,8,116.28,Card,Pending,Delhi,2
1552,14710,Rahul,Female,Books,7,446.94,UPI,Delivered,Hyderabad,5
1925,12296,Ravi,Female,Electronics,2,2362.1,Net Banking,Delivered,Chennai,4
3764,10498,Anuja,Male,Furniture,9,1418.36,Card,Delivered,,4
2316,11159,Priya,Female,Grocery,5,934.91,Card,Pending,Mumbai,2
1739,13123,Neha,Female,Books,7,4445.46,Net Banking,Cancelled,Hyderabad,2
1067,15267,Priya,Female,Electronics,6,3179.49,Cash,Delivered,Pune,5
3055,18644,Neha,Female,Furniture,7,3135.74,Net Banking,Pending,Mumbai,3
1979,10110,Anuja,Male,Electronics,2,1737.22,Card,Delivered,Bangalore,4
4214,10869,Amit,Male,Books,9,511.79,Cash,Delivered,Delhi,3
1674,10032,Pooja,Female,Electronics,8,4777.16,Net Banking,Delivered,Pune,3
3723,14550,Priya,Female,Clothing,2,3891.11,Net Banking,Delivered,Pune,4
4144,13515,Ravi,Female,Books,9,2957.27,UPI,Delivered,Delhi,3
1534,18000,Pooja,Female,Grocery,3,4078.71,Cash,Cancelled,Mumbai,2
4134,17257,Sneha,Male,Clothing,5,461.26,Net Banking,Pending,Bangalore,3
1920,13755,Sneha,Female,Furniture,6,2632.17,UPI,Cancelled,Delhi,1
4266,19746,Priya,Male,Furniture,5,4850.71,Cash,Delivered,Hyderabad,4
1459,19612,,Male,Clothing,7,,Net Banking,Returned,Bangalore,3
2666,10058,Priya,Male,Electronics,9,4118.74,Cash,Delivered,Kolkata,3
4841,12406,Anuja,Male,Electronics,5,194.44,UPI,Pending,Mumbai,4
1294,17190,Amit,Male,Books,5,1818.62,Net Banking,Delivered,Chennai,4
4508,11622,Sneha,Female,Clothing,3,4825.71,Card,Delivered,Chennai,4
2683,18733,Kiran,Female,Electronics,7,3844.87,,Delivered,Bangalore,3
1404,12193,,Male,Electronics,3,4461.38,Net Banking,Cancelled,Bangalore,3
1673,17540,Neha,Male,Furniture,6,1083.26,,Returned,Bangalore,1
4413,14464,Anuja,Female,Electronics,7,711.54,Card,Returned,Chennai,3
2778,13535,Amit,Male,Electronics,6,2224.18,Net Banking,Delivered,Delhi,4
2525,16200,Pooja,Male,Furniture,3,4046.59,Cash,Delivered,Hyderabad,4
1010,16273,Amit,Male,Electronics,7,3926,UPI,Delivered,Bangalore,3
1600,17899,Pooja,Male,Furniture,9,2206.79,UPI,Delivered,Hyderabad,4
4324,11823,Anuja,Male,Electronics,6,4811.87,Net Banking,Delivered,Delhi,3
1397,10949,Arjun,Male,Clothing,8,1785.91,UPI,Delivered,Kolkata,4
1235,10659,Amit,Male,Grocery,1,2806.01,Cash,Pending,Bangalore,3
1210,10712,Priya,Male,Electronics,5,3532.27,Cash,Delivered,Hyderabad,4
1563,11734,Priya,Female,Books,7,3993.58,UPI,Delivered,Delhi,4
1442,19630,Amit,Female,Books,1,3421.61,Cash,Delivered,Pune,4
2311,12550,Rahul,Male,Grocery,8,4074.82,Net Banking,Delivered,Mumbai,4
3681,19033,Ravi,Other,Electronics,7,711.21,Card,Pending,Pune,2
3845,11259,Pooja,Female,Books,9,887.67,Net Banking,Delivered,Hyderabad,4
1094,19255,Amit,Female,Electronics,7,2339.18,UPI,Delivered,Kolkata,4
2580,17707,Kiran,Male,Clothing,3,4909.58,Net Banking,Delivered,Bangalore,4
4456,12886,Amit,Male,Clothing,8,2822.74,UPI,Pending,Kolkata,3
4924,17741,Amit,Male,Clothing,8,1176.67,Card,Delivered,Kolkata,5
2968,11076,Anuja,Female,Grocery,9,1398.58,Cash,Pending,,3
3548,19078,Ravi,Female,Furniture,1,391.19,Cash,Delivered,Kolkata,4
1568,17727,Anuja,Female,Clothing,6,4291.67,Card,Pending,,3
3173,16617,Kiran,Female,Books,9,3788.06,Net Banking,Delivered,Kolkata,5
2758,13932,Priya,Male,Furniture,4,2976.8,UPI,Delivered,Pune,4
3060,12105,Anuja,Male,Electronics,4,1143.98,Net Banking,Delivered,,4
2574,19873,Amit,Female,Furniture,7,526.45,Cash,Delivered,,4
2133,12630,Sneha,Female,Furniture,4,4495.48,Card,Delivered,Chennai,4
4354,18536,Anuja,Other,Grocery,1,2612.5,UPI,Cancelled,Kolkata,2
3568,12415,Pooja,Female,Clothing,9,4264.23,Cash,Delivered,Mumbai,4
3977,16063,Sneha,Male,Electronics,7,1594.99,Cash,Delivered,Bangalore,5
3000,18459,Neha,Male,Grocery,5,1193.36,UPI,Delivered,Bangalore,4
2118,11550,Rahul,Male,Grocery,2,4176.56,Card,Delivered,Hyderabad,5
3053,13084,Anuja,Female,Books,3,857.38,,Pending,Pune,2
2845,10544,,Male,Books,9,171.34,UPI,Returned,Chennai,3
1935,17810,Amit,Other,Books,7,3153.79,Net Banking,Delivered,Pune,3
2431,19649,Rahul,Male,Clothing,7,4153.88,Net Banking,Delivered,Pune,5
2135,17770,Arjun,Female,Furniture,7,1633.81,Card,Pending,Hyderabad,3
4271,14350,Amit,Female,Furniture,4,2315.04,Card,Cancelled,Delhi,3
4085,14750,Arjun,Female,Electronics,2,2727.49,UPI,Delivered,Mumbai,3
3478,10504,Priya,Female,Clothing,7,3920,Card,Delivered,Delhi,4
4655,18752,Kiran,Female,Grocery,3,4383.69,Net Banking,Delivered,Bangalore,5
4377,19085,Rahul,Female,Clothing,5,997.14,Card,Cancelled,,1
4612,16740,Anuja,Male,Clothing,6,4301.1,UPI,Returned,Chennai,2
1441,16605,,Male,Clothing,2,2097.98,UPI,Delivered,Kolkata,3
3052,13551,Kiran,Male,Grocery,2,2818.7,Net Banking,Delivered,Bangalore,4
1559,14789,Neha,Male,Clothing,3,969.39,Net Banking,Delivered,Delhi,4
4430,10968,Arjun,Male,Grocery,6,3486.48,Net Banking,Cancelled,Delhi,2
1499,18910,Arjun,Female,Clothing,1,4423.95,Net Banking,Delivered,Bangalore,4
3548,16475,Ravi,Male,Electronics,6,4838.73,,Delivered,Chennai,3
1079,15191,Pooja,Female,Electronics,9,3646.77,Card,Delivered,Hyderabad,3
3482,13985,Rahul,Male,Electronics,9,1920.16,Cash,Delivered,Mumbai,5
2664,14710,Pooja,Female,Grocery,3,4051.94,Cash,Delivered,Chennai,5
4264,11074,Rahul,Female,Clothing,1,1056.13,Card,Delivered,Hyderabad,4
2324,16502,Arjun,Female,Electronics,4,819.67,UPI,Delivered,Chennai,3
3577,11178,Sneha,Female,Grocery,4,233.59,UPI,Delivered,Mumbai,3
4716,10704,Sneha,Female,Furniture,5,1789.35,Net Banking,Delivered,Delhi,5
4081,19211,Arjun,Female,Books,7,4142.7,UPI,Delivered,Mumbai,4
3566,10214,Amit,Female,Grocery,3,2244.01,UPI,Pending,Bangalore,3
1714,19157,Neha,Female,Furniture,9,4405.56,Net Banking,Delivered,Pune,4
4858,17868,Priya,Female,Grocery,9,2164.52,UPI,Delivered,Kolkata,4
3831,14869,Ravi,Male,Books,6,730.71,Net Banking,Pending,Bangalore,2
2971,16387,Ravi,Male,Furniture,9,1985.44,Net Banking,Delivered,Hyderabad,4
4340,15280,Ravi,Male,Furniture,1,148.9,Cash,Delivered,Bangalore,4
2909,11102,Sneha,Male,Clothing,5,,UPI,Cancelled,Bangalore,2
1875,16839,Ravi,Male,Grocery,6,1572.39,Net Banking,Delivered,Chennai,4
4369,14221,Ravi,Male,Furniture,8,2565.69,UPI,Delivered,Delhi,4
2093,18533,Ravi,Female,Electronics,9,4362.48,Cash,Pending,Chennai,3
3401,16338,Pooja,Female,Furniture,4,2707.08,Net Banking,Delivered,Chennai,3
2014,19386,Neha,Female,Clothing,7,460.74,UPI,Delivered,Hyderabad,3
2238,19247,Priya,Other,Electronics,6,4364.98,Cash,Cancelled,Pune,3
1011,10109,Sneha,Male,Clothing,9,1798.82,Card,Cancelled,Delhi,2
4331,11151,Ravi,Male,Furniture,2,1916.28,Cash,Delivered,Hyderabad,4
2600,13956,Anuja,Male,Furniture,1,2830.41,UPI,Delivered,Chennai,4
4926,10551,Neha,Female,Furniture,4,1463.77,Cash,Delivered,Bangalore,4
3372,14830,Pooja,Male,Grocery,3,4110.34,Cash,Returned,Hyderabad,2
1918,10037,Pooja,Male,Clothing,6,3578.1,Cash,Delivered,Delhi,4
1392,19935,Pooja,Other,Grocery,1,4930.25,UPI,Cancelled,Delhi,2
4338,11631,Pooja,Male,Grocery,9,2642.19,Card,Pending,,3
2076,18600,Kiran,Male,Furniture,8,176.21,,Delivered,Pune,3
3037,15104,Neha,Female,Electronics,6,983.82,Card,Delivered,Pune,4
3493,13825,,Male,Books,8,4111.66,Card,Delivered,Pune,4
2272,19413,Priya,Male,Grocery,7,3977.1,Cash,Delivered,Bangalore,4
3526,11304,Kiran,Male,Furniture,5,1051.2,Net Banking,Delivered,Bangalore,3
4028,10550,Rahul,Female,Books,6,3845.66,UPI,Delivered,Delhi,3
2830,10185,Ravi,Female,Electronics,9,3159.11,Card,Pending,Bangalore,3
2272,11853,Arjun,Male,Books,4,3265.91,Cash,Delivered,Hyderabad,4
1187,19591,Anuja,Male,Books,5,1179.89,Card,Cancelled,Hyderabad,3
2774,11465,Kiran,Male,Books,6,3346.88,,Returned,Kolkata,2
4278,14868,Priya,Male,Electronics,7,4365.15,Cash,Delivered,Bangalore,5
3939,16686,Rahul,Male,Furniture,5,3143.55,Cash,Delivered,Delhi,4
3962,12940,Neha,Other,Furniture,5,,Cash,Delivered,Chennai,4
1062,13735,Rahul,Female,Clothing,1,855.2,UPI,Delivered,Kolkata,3
4339,14174,Rahul,Male,Books,4,1218.89,Cash,Delivered,Chennai,5
1207,17771,Arjun,Male,Books,8,1332.18,Cash,Delivered,,4
3852,16839,Ravi,Male,Furniture,5,2798.91,Card,Delivered,Chennai,5
2450,19443,Amit,Male,Furniture,7,4671.15,Card,Delivered,Hyderabad,4
4855,17350,Ravi,Male,Grocery,8,282.5,Net Banking,Delivered,Hyderabad,4
2722,16747,Anuja,Female,Electronics,7,3881.54,UPI,Delivered,Mumbai,4
2240,11238,Sneha,Female,Furniture,7,646.6,Net Banking,Cancelled,Pune,1
1940,12218,Amit,Male,Electronics,1,1004.95,Cash,Delivered,Hyderabad,3
2834,15494,Anuja,Female,Furniture,5,4613.14,,Cancelled,Kolkata,2
2813,16629,Priya,Male,Electronics,6,2642.38,,Delivered,Pune,3
2528,18269,Pooja,Female,Grocery,2,1668.54,Cash,Delivered,Bangalore,4
1999,17798,Pooja,Male,Books,7,270.11,Cash,Delivered,Hyderabad,4
4716,15229,Kiran,Female,Electronics,9,1829.35,Cash,Pending,Kolkata,3
4028,18486,Arjun,Other,Furniture,4,170.54,Cash,Pending,Hyderabad,2
2688,14403,Kiran,Male,Furniture,9,4287.45,Card,Delivered,Chennai,4
4267,15944,Rahul,Female,Electronics,7,334.45,UPI,Delivered,Chennai,4
4000,15340,Priya,Female,Furniture,9,2086.78,Card,Delivered,Delhi,4
4233,16383,Anuja,Other,Clothing,2,3624.58,Card,Delivered,Delhi,5
1950,13083,Sneha,Male,Furniture,1,616.81,Cash,Delivered,,3
4259,10309,Amit,Female,Books,5,,UPI,Delivered,Hyderabad,4
3159,15741,,Male,Clothing,3,,Net Banking,Delivered,Pune,4
4072,16129,Ravi,Male,Clothing,9,1821.33,Net Banking,Pending,Bangalore,4
1662,19740,Sneha,Female,Clothing,5,579.36,Card,Delivered,Mumbai,4
3693,19273,Sneha,Male,Electronics,2,1805.56,Card,Delivered,Bangalore,3
3872,18071,Sneha,Female,Clothing,8,4731.14,Cash,Delivered,Delhi,4
3709,11422,Priya,Female,Books,1,3206.45,Cash,Delivered,Mumbai,3
3095,11840,Kiran,Female,Clothing,3,1603.16,Cash,Delivered,Delhi,4
4462,18580,Pooja,Female,Electronics,3,3120.86,UPI,Delivered,Hyderabad,4
2474,15571,Amit,Male,Clothing,7,899,UPI,Delivered,Bangalore,4
4956,17975,Pooja,Male,Grocery,6,2227.4,Cash,Cancelled,,2
1427,18978,Arjun,Female,Clothing,4,4448.21,Cash,Delivered,Bangalore,4
2598,17019,Amit,Female,Grocery,7,2911.03,Card,Delivered,Kolkata,5
2930,11613,Ravi,Female,Grocery,2,3974.02,Net Banking,Delivered,Pune,4
1890,14004,Anuja,Male,Clothing,6,,Net Banking,Delivered,Mumbai,3
1788,18630,Kiran,Female,Grocery,8,4320.27,Net Banking,Cancelled,Kolkata,1
3452,15145,Rahul,Female,Electronics,7,3322.15,Net Banking,Delivered,Hyderabad,4
3616,15196,Amit,Male,Clothing,3,2908.79,Card,Delivered,Kolkata,3
3319,14228,Kiran,Female,Electronics,6,3385.52,Card,Delivered,Chennai,4
2273,16734,Kiran,Female,Electronics,2,2278.18,Net Banking,Delivered,Kolkata,3
3795,10256,Ravi,Female,Books,1,133.58,Cash,Delivered,Hyderabad,4
1688,19756,Neha,Male,Grocery,1,3466.12,Cash,Delivered,Hyderabad,4
3290,15896,Rahul,Other,Clothing,4,2714.33,Cash,Pending,Bangalore,2
3170,17182,Sneha,Female,Grocery,5,1000.97,UPI,Delivered,Bangalore,4
2365,17910,Pooja,Male,Clothing,3,834.61,UPI,Delivered,,5
2147,15873,Priya,Female,Grocery,7,2916.58,Cash,Delivered,Mumbai,3
4086,14060,Rahul,Male,Furniture,9,4217.15,Net Banking,Delivered,Bangalore,3
1034,12415,Pooja,Male,Books,2,932.71,UPI,Pending,Bangalore,3
1347,14782,Anuja,Female,Grocery,2,4757.79,UPI,Delivered,Pune,5
3263,13306,Neha,Female,Electronics,9,1169.03,Net Banking,Pending,Bangalore,3
4848,13012,Priya,Male,Electronics,2,4895.04,Cash,Delivered,Hyderabad,4
1042,15947,Pooja,Male,Grocery,9,2298.04,Net Banking,Delivered,Pune,3
1810,16707,Sneha,Male,Grocery,9,854.44,Card,Pending,,3
2605,10376,Priya,Male,Grocery,8,3295.47,,Delivered,Delhi,3
4874,15755,Kiran,Male,Electronics,7,286.25,Net Banking,Delivered,Delhi,4
1870,16811,Ravi,Male,Grocery,6,1318.3,Card,Delivered,,3
2881,14304,Anuja,Other,Clothing,4,1599.21,,Returned,Delhi,3
4232,19851,Arjun,Female,Grocery,7,2891.13,UPI,Delivered,Pune,4
1634,19371,Pooja,Other,Clothing,7,2962.64,Card,Delivered,Mumbai,3
3675,13621,,Male,Grocery,1,1753.36,Card,Delivered,Kolkata,4
4192,12732,Rahul,Male,Electronics,2,719.23,Cash,Delivered,Pune,3
4370,12297,Sneha,Female,Grocery,4,4320.52,Cash,Delivered,Chennai,3
2734,11789,Ravi,Male,Grocery,2,1306.03,Card,Pending,Pune,3
4947,16018,Rahul,Male,Grocery,4,1508,Net Banking,Delivered,Hyderabad,4
1723,10092,,Other,Books,4,1227.05,Cash,Delivered,Delhi,4
1813,19180,Anuja,Male,Books,5,2296.95,Cash,Delivered,Pune,5
4547,11763,Rahul,Female,Furniture,2,1958.21,Card,Delivered,Kolkata,3
1814,10779,Sneha,Male,Electronics,2,3313.42,UPI,Pending,Bangalore,3
2096,11575,Amit,Male,Grocery,8,4746.65,Card,Delivered,Bangalore,3
4882,17777,Anuja,Male,Furniture,8,730.97,Cash,Delivered,Delhi,4
3349,19982,Arjun,Male,Books,8,1580.19,Card,Pending,Delhi,3
3125,10270,Kiran,Male,Clothing,8,,Cash,Delivered,Kolkata,3
4699,12160,Pooja,Female,Clothing,7,3793.93,UPI,Cancelled,Kolkata,1
4629,10282,Pooja,Male,Electronics,7,1070.86,,Delivered,Delhi,5
1184,18772,Priya,Female,Furniture,3,4058.04,Card,Delivered,Pune,3
1815,16183,Arjun,Female,Grocery,5,2975.63,UPI,Delivered,Kolkata,4
3680,19174,Ravi,Male,Electronics,9,,Net Banking,Delivered,Mumbai,5
4731,13646,Anuja,Female,Electronics,6,3655.4,Cash,Returned,Mumbai,2
2567,14959,Anuja,Male,Grocery,9,2247.27,Card,Returned,Kolkata,2
1813,15615,Rahul,Female,Furniture,9,4364.36,Net Banking,Pending,Kolkata,3
4120,19408,Arjun,Female,Electronics,7,1749.52,UPI,Delivered,Chennai,5
3447,11320,Pooja,Male,Grocery,7,3300.56,Cash,Delivered,Mumbai,3
4329,16454,Neha,Female,Clothing,6,1072.31,Card,Pending,Mumbai,4
1015,12379,Sneha,Male,Electronics,1,3659.15,Card,Pending,Delhi,4
1757,12886,Ravi,Female,Books,8,1442.12,Net Banking,Delivered,,3
3496,10658,Sneha,Female,Electronics,1,4910.69,Cash,Delivered,Kolkata,3
2157,16162,Priya,Female,Clothing,7,2519.61,Card,Delivered,Chennai,4
2486,10002,Amit,Female,Books,1,3314.32,Cash,Delivered,Bangalore,3
1007,19916,Priya,Female,Furniture,7,1626.23,Cash,Delivered,Pune,4
4253,12128,Anuja,Male,Clothing,4,3316.93,,Cancelled,Mumbai,1
1173,11949,Amit,Male,Furniture,1,2034.6,Cash,Delivered,Chennai,4
4920,16621,Sneha,Female,Books,2,3866.61,Cash,Cancelled,Bangalore,2
4480,17426,Kiran,Male,Grocery,8,,Cash,Delivered,Bangalore,3
4507,14957,Amit,Male,Books,8,2381.66,Card,Cancelled,Mumbai,1
2303,14617,Kiran,Male,Electronics,4,1840.57,Net Banking,Delivered,Kolkata,3
1114,14754,Arjun,Male,Grocery,6,217.63,Net Banking,Pending,Mumbai,3
4622,18906,Rahul,Male,Books,9,115.82,Cash,Delivered,Delhi,3
4170,10074,,Male,Grocery,3,4261.57,UPI,Delivered,Bangalore,5
3085,14967,Ravi,Female,Furniture,7,3240.91,UPI,Delivered,Delhi,4
1587,14274,Anuja,Female,Furniture,3,1541.99,Card,Delivered,Delhi,4
2085,15234,,Female,Furniture,6,3195.6,Net Banking,Delivered,,5
3917,13545,Pooja,Female,Books,4,1053.32,Cash,Cancelled,,2
2255,16869,Neha,Female,Furniture,6,1018.21,UPI,Pending,Mumbai,3
3183,17933,Ravi,Female,Furniture,3,3702.79,Card,Pending,Bangalore,2
1506,14670,Sneha,Female,Clothing,3,1672.19,Cash,Delivered,Chennai,4
3256,11442,Kiran,Male,Grocery,6,252.01,Net Banking,Delivered,Chennai,4
4843,11494,Amit,Female,Electronics,7,3389.12,Cash,Pending,Hyderabad,4
4363,18648,Ravi,Female,Electronics,5,2913.87,Card,Pending,Bangalore,3
1365,19494,Priya,Male,Furniture,2,372.77,Card,Delivered,Delhi,4
4813,16334,Sneha,Female,Clothing,1,187.62,Cash,Delivered,Kolkata,4
4372,13291,Anuja,Female,Grocery,8,4529.33,Cash,Cancelled,Mumbai,1
1187,16190,Arjun,Male,Furniture,3,4517.31,,Delivered,Pune,3
2778,13535,Amit,Male,Electronics,6,2224.18,Net Banking,Delivered,Delhi,5
4919,16037,Arjun,Female,Clothing,3,477.68,Cash,Pending,,3
4044,12242,Sneha,Male,Electronics,4,560.05,UPI,Delivered,Chennai,4
2878,12636,Anuja,Female,Furniture,2,4644.14,Cash,Delivered,Kolkata,4
2028,15519,,Female,Books,7,4818.01,UPI,Delivered,,3
1304,18123,Pooja,Female,Clothing,8,1352.66,Net Banking,Cancelled,Chennai,1
4953,15463,Sneha,Male,Electronics,8,3449.18,Cash,Delivered,Bangalore,4
4877,10759,Pooja,Female,Electronics,7,2013.26,Card,Pending,Delhi,3
1587,10804,Anuja,Female,Furniture,9,1030.83,Cash,Delivered,Hyderabad,5
3377,10395,Anuja,Male,Clothing,9,3785.48,,Delivered,Bangalore,4
3488,13775,,Female,Books,6,1733.34,Net Banking,Pending,Bangalore,3
1972,14861,Sneha,Male,Books,1,2203.69,Cash,Delivered,Bangalore,5
3768,19763,Kiran,Female,Electronics,3,1350.65,UPI,Returned,Bangalore,2
2151,14378,Pooja,Male,Electronics,6,1824.57,Card,Cancelled,Kolkata,3
4004,11903,Amit,Male,Clothing,1,4877.53,Net Banking,Cancelled,Mumbai,1
4497,17529,Arjun,Female,Electronics,6,1721.4,Net Banking,Delivered,Pune,3
3593,16952,Kiran,Male,Furniture,1,731.62,Net Banking,Delivered,Hyderabad,3
3239,17365,Sneha,Female,Electronics,9,2460.46,Card,Cancelled,Pune,3
4991,17211,Anuja,Male,Furniture,3,3257.09,UPI,Delivered,Delhi,3
3059,19901,Ravi,Male,Electronics,2,2134.83,Cash,Delivered,Pune,5
2375,15990,Ravi,Female,Furniture,8,1990.27,Cash,Delivered,Chennai,4
3710,10100,,Male,Grocery,8,3949.57,UPI,Pending,Mumbai,2
2433,13174,Ravi,Male,Electronics,2,,UPI,Returned,Chennai,3
2853,17190,Anuja,Female,Electronics,6,4843.69,Net Banking,Pending,Kolkata,2
3779,10250,Rahul,Male,Books,9,698.65,UPI,Pending,Chennai,2
1948,14354,Rahul,Male,Clothing,8,2893.58,Card,Cancelled,,2
4444,12297,Sneha,Female,Furniture,3,2824.86,Cash,Delivered,Bangalore,4
2631,14052,Neha,Male,Furniture,2,665.56,Cash,Delivered,Hyderabad,4
3828,17749,Arjun,Male,Clothing,3,4621.48,Net Banking,Delivered,Hyderabad,3
3360,12735,Sneha,Female,Furniture,7,4817.43,,Delivered,Pune,4
4767,13718,Neha,Female,Grocery,6,863.84,Cash,Cancelled,Pune,1
2110,12808,Rahul,Female,Books,5,1516.84,Cash,Delivered,Mumbai,4
1703,15241,,Female,Furniture,7,196.97,Cash,Delivered,Pune,4
3686,11801,,Female,Books,2,2399.39,Net Banking,Pending,Hyderabad,3
1913,17004,Arjun,Male,Grocery,9,2342.4,UPI,Delivered,Hyderabad,4
3952,15399,Priya,Female,Books,9,230.33,Card,Cancelled,,2
3028,17983,Pooja,Male,Grocery,1,3691.69,,Pending,Delhi,3
3306,12070,Anuja,Female,Clothing,7,2847.36,Card,Delivered,Hyderabad,4
4421,18880,Sneha,Male,Clothing,1,2763.5,Card,Returned,Kolkata,2
3359,14929,,Female,Grocery,6,292.44,Card,Delivered,Delhi,4
4831,19552,Amit,Male,Electronics,8,849.53,Cash,Cancelled,Bangalore,2
2890,14409,Ravi,Female,Electronics,2,2355.05,Card,Pending,Kolkata,3
2311,17244,Anuja,Male,Furniture,5,,Card,Delivered,Hyderabad,3
2366,10244,Rahul,Female,Books,9,3132.29,UPI,Delivered,,4
2154,18166,Ravi,Male,Books,6,4146.75,Card,Delivered,,3
1883,18244,Ravi,Male,Electronics,9,4708.25,UPI,Delivered,Kolkata,4
2577,10470,Priya,Female,Furniture,4,2923.5,UPI,Delivered,Mumbai,5
1432,17643,Priya,Male,Clothing,5,2562.77,UPI,Cancelled,Bangalore,2
1092,17799,Kiran,Female,Electronics,3,4341.3,,Delivered,Kolkata,4
2095,15839,Kiran,Female,Electronics,3,1666.48,Card,Delivered,Mumbai,4
1941,16441,Priya,Female,Clothing,9,676.54,Net Banking,Returned,Pune,3
3229,12629,Kiran,Male,Grocery,7,160.95,Card,Delivered,Hyderabad,5
4646,10271,Amit,Male,Electronics,7,140.98,Card,Returned,Delhi,3
1531,10885,Rahul,Male,Electronics,8,1571.09,UPI,Delivered,Hyderabad,4
1874,18035,Neha,Female,Furniture,9,2317.1,Card,Pending,Hyderabad,3
2637,14150,Arjun,Female,Furniture,5,3128.51,Cash,Delivered,Bangalore,4
3806,19776,Neha,Female,Electronics,9,2015.77,Net Banking,Cancelled,Kolkata,3
2625,13574,Priya,Male,Electronics,3,2384.06,UPI,Delivered,Chennai,5
1484,10081,Rahul,Female,Electronics,5,3043.09,UPI,Delivered,Kolkata,4
1880,13677,Arjun,Female,Electronics,2,2419.04,Net Banking,Delivered,Kolkata,3
3161,17897,Neha,Female,Electronics,3,4235.28,Cash,Pending,Chennai,2
1852,16516,Kiran,Female,Furniture,9,3610.45,Cash,Delivered,Bangalore,4
2528,18269,Pooja,Female,Grocery,2,1668.54,Cash,Delivered,Bangalore,3
1561,15684,Neha,Female,Electronics,8,3520.93,UPI,Cancelled,Hyderabad,2
2172,14355,Pooja,Female,Grocery,6,4500.82,,Delivered,Pune,3
3007,16669,Arjun,Male,Grocery,8,4986.21,UPI,Delivered,Chennai,5
1525,16190,Ravi,Female,Clothing,2,412.08,UPI,Delivered,Mumbai,3
2287,17756,Amit,Male,Furniture,7,2950.83,Net Banking,Delivered,Bangalore,4
3595,18949,Pooja,Female,Electronics,4,3518.72,Net Banking,Cancelled,Mumbai,2
1639,12500,Pooja,Female,Grocery,7,3798.47,Cash,Cancelled,Delhi,1
1077,10500,Anuja,Female,Clothing,5,4355.95,Card,Cancelled,Hyderabad,2
2348,16855,Arjun,Male,Clothing,1,4394.31,,Delivered,Delhi,5
1939,18075,Neha,Male,Furniture,8,,Card,Delivered,Bangalore,4
1329,10669,Anuja,Female,Clothing,7,117.87,UPI,Delivered,,5
3879,11008,Amit,Female,Furniture,6,1773.69,Net Banking,Delivered,Hyderabad,4
1912,12795,Rahul,Other,Clothing,5,1568.55,Net Banking,Delivered,,4
4932,11861,,Male,Clothing,8,,Net Banking,Delivered,Pune,3
3885,19487,,Male,Clothing,1,3444.5,UPI,Pending,Bangalore,4
3350,10566,Amit,Male,Grocery,7,1151.98,Card,Pending,Bangalore,3
2112,11782,Rahul,Female,Books,8,3239.74,Cash,Returned,,2
3270,14218,Priya,Female,Clothing,4,1499.06,UPI,Delivered,Pune,4
4029,16207,Rahul,Male,Grocery,1,3380.19,Card,Delivered,Pune,4
2184,11329,Sneha,Female,Electronics,6,1442.89,Cash,Delivered,Chennai,3
2372,10224,Ravi,Male,Furniture,4,1886.87,Net Banking,Delivered,Kolkata,5
1807,16940,Ravi,Male,Grocery,4,1312.38,Card,Delivered,Pune,4
3776,16174,Arjun,Male,Furniture,6,2530.11,Net Banking,Delivered,Hyderabad,3
3823,17762,Arjun,Male,Electronics,1,1040.75,Card,Delivered,Mumbai,4
1872,10711,Kiran,Female,Clothing,8,2690.68,Card,Delivered,Mumbai,5
2243,11840,Amit,Male,Grocery,7,2378.17,Cash,Delivered,Delhi,4
2119,12311,Anuja,Male,Electronics,6,950.18,Cash,Pending,Chennai,3
3979,12105,Anuja,Male,Electronics,8,2195.8,UPI,Delivered,Chennai,5
1105,19291,Kiran,Male,Electronics,8,4842.99,UPI,Delivered,Pune,3
2169,11369,Ravi,Male,Grocery,4,3383.44,Card,Delivered,Bangalore,4
1398,10581,Neha,Female,Books,1,2312.28,,Cancelled,Pune,2
4367,11159,,Male,Books,7,1273.39,Card,Delivered,Kolkata,4
4375,10754,Pooja,Female,Books,3,715.8,Card,Pending,Hyderabad,2
4906,14041,Kiran,Male,Clothing,7,3969.39,UPI,Delivered,,3
3086,10275,Kiran,Male,Clothing,7,1065.33,UPI,Pending,Bangalore,3
1617,15702,Rahul,Female,Clothing,2,304.77,UPI,Delivered,Mumbai,5
4560,15439,Kiran,Male,Furniture,9,4900.95,,Delivered,,5
1385,17171,Kiran,Female,Furniture,4,334.08,Card,Delivered,Bangalore,4
4297,12568,Neha,Female,Books,9,665.36,Card,Returned,Hyderabad,2
3190,18998,Ravi,Female,Grocery,3,3949.41,Cash,Cancelled,,1
3506,17062,Anuja,Female,Clothing,1,1685.67,Cash,Delivered,Mumbai,4
1779,19389,Priya,Male,Grocery,9,3488.07,Net Banking,Delivered,Hyderabad,4
4553,19632,Rahul,Male,Grocery,4,2195.88,Cash,Returned,Delhi,2
4701,19886,Sneha,Female,Furniture,7,1687.44,UPI,Pending,Hyderabad,3
4506,13320,Sneha,Male,Furniture,2,4065.52,Cash,Delivered,Hyderabad,3
3192,11325,Anuja,Male,Electronics,9,3847.3,Cash,Delivered,Kolkata,4
3518,12631,Ravi,Male,Books,5,3866.25,Net Banking,Returned,Kolkata,2
3694,18277,Neha,Female,Grocery,6,,UPI,Delivered,Pune,3
2196,18625,Anuja,Male,Books,8,581.07,UPI,Delivered,Bangalore,3
1030,12387,Pooja,Female,Electronics,1,3646.28,UPI,Delivered,Chennai,4
2881,10615,Pooja,Male,Electronics,6,2084.51,,Pending,Hyderabad,3
2490,16110,Pooja,Male,Clothing,9,3045.76,UPI,Delivered,Pune,3
1034,11986,Neha,Female,Furniture,8,4354.17,Cash,Delivered,Hyderabad,4
2312,17024,Priya,Female,Clothing,8,1354.01,Card,Cancelled,Delhi,1
2936,18055,Priya,Male,Grocery,7,2305.12,UPI,Delivered,Bangalore,3
4546,11507,Rahul,Male,Clothing,2,4639.34,Card,Delivered,Bangalore,3
4258,11128,Neha,Female,Clothing,7,1406.56,Card,Delivered,Hyderabad,4
1574,14613,Priya,Female,Electronics,5,1079.37,Cash,Delivered,Mumbai,5
1609,18530,Anuja,Male,Books,4,2955.99,Cash,Delivered,Chennai,4
3745,14908,Priya,Female,Grocery,7,4568.23,Cash,Delivered,Kolkata,4
1200,15367,Kiran,Female,Clothing,4,391.84,Cash,Delivered,Chennai,4
3392,17407,,Male,Clothing,9,925.32,Net Banking,Delivered,Kolkata,4
4157,14311,Kiran,Male,Grocery,6,4843.74,Net Banking,Delivered,Kolkata,4
1083,14365,Arjun,Male,Electronics,6,3216.99,Cash,Cancelled,Chennai,2
4542,17372,Ravi,Female,Electronics,4,4866.46,Cash,Pending,Bangalore,3
2362,14403,Kiran,Female,Clothing,5,2501.19,Net Banking,Cancelled,Kolkata,3
2232,10171,Amit,Female,Clothing,5,2231.28,UPI,Delivered,Kolkata,5
4895,18324,Arjun,Male,Clothing,4,,Net Banking,Delivered,Kolkata,4
2695,12775,Priya,Male,Books,1,1531.01,Cash,Delivered,Hyderabad,4
3736,18872,Sneha,Female,Clothing,3,1853.48,Card,Delivered,Pune,5
1935,14511,,Female,Furniture,8,300.24,Net Banking,Delivered,Pune,4
4684,16374,Arjun,Female,Grocery,6,4964.7,Cash,Delivered,Delhi,4
2762,10789,Ravi,Female,Furniture,6,4983.45,Card,Delivered,Kolkata,3
4389,12648,Priya,Male,Clothing,3,3668.61,Card,Delivered,Chennai,3
4876,19324,Amit,Female,Furniture,2,133.99,Cash,Pending,Hyderabad,4
2072,14784,Ravi,Female,Clothing,6,4972.45,UPI,Pending,Delhi,3
1057,18201,Arjun,Male,Books,2,2722.97,Cash,Pending,Mumbai,3
1500,14916,Kiran,Female,Grocery,7,3233.36,Cash,Pending,Pune,3
4216,15869,Sneha,Male,Clothing,7,1481.72,UPI,Cancelled,,2
4169,19519,Neha,Male,Books,6,4842.94,Card,Delivered,Mumbai,5
3507,15799,Arjun,Male,Electronics,6,835.97,Card,Delivered,Pune,4
4636,17727,Sneha,Male,Grocery,5,3738.7,UPI,Delivered,Hyderabad,5
4280,13845,Ravi,Male,Electronics,5,250.2,Card,Delivered,Delhi,4
3919,19909,Pooja,Female,Books,2,4134.55,Card,Pending,Chennai,3
1788,17768,Sneha,Other,Furniture,3,,UPI,Delivered,Chennai,3
3202,17791,Arjun,Female,Grocery,5,263.47,Cash,Cancelled,Chennai,3
2089,11858,,Male,Books,3,2368.16,Cash,Delivered,Mumbai,4
3475,18457,Priya,Female,Furniture,4,2293.29,Net Banking,Pending,Chennai,3
2121,12107,Priya,Female,Furniture,8,,Cash,Delivered,Mumbai,4
1771,19574,Kiran,Male,Books,3,4360.33,Net Banking,Delivered,Kolkata,4
1053,19955,Amit,Male,Books,9,3049.2,Cash,Delivered,Pune,5
2944,15694,,Male,Books,3,1384.15,Net Banking,Delivered,Kolkata,4
2153,19174,Amit,Female,Electronics,2,4464.96,Net Banking,Cancelled,Bangalore,2
3981,14231,Rahul,Male,Clothing,6,2431.11,Net Banking,Delivered,Delhi,3
2005,18055,Arjun,Other,Electronics,4,1182.49,UPI,Delivered,Hyderabad,4
1140,15013,Amit,Female,Grocery,7,2612.16,Card,Delivered,Chennai,5
1231,14150,Amit,Female,Electronics,2,3536.51,Card,Delivered,Mumbai,3
1305,13999,Sneha,Female,Furniture,4,1502.78,Card,Delivered,Hyderabad,3
2922,17632,Neha,Female,Grocery,1,4433.41,UPI,Delivered,Pune,5
3873,13646,Anuja,Male,Furniture,7,3015.4,Cash,Delivered,Mumbai,4
3762,16452,Priya,Male,Electronics,2,2378.84,Card,Pending,Hyderabad,3
2664,10946,Amit,Female,Furniture,8,2839.53,UPI,Cancelled,Hyderabad,2
1920,16636,Anuja,Male,Grocery,7,2297.2,UPI,Delivered,Chennai,3
4021,10620,Neha,Female,Furniture,8,4752.04,Card,Returned,Bangalore,1
3967,14917,Rahul,Female,Electronics,4,,Card,Delivered,Bangalore,3
2641,10036,Anuja,Female,Grocery,5,1758.21,Card,Pending,Pune,2
3527,16030,Priya,Female,Clothing,9,4663.48,Cash,Delivered,Hyderabad,3
4878,17075,Pooja,Female,Electronics,9,636.11,Net Banking,Delivered,Bangalore,4
2191,11523,Arjun,Female,Grocery,4,4071.12,UPI,Delivered,,4
4199,13975,Anuja,Female,Clothing,7,,Net Banking,Pending,Kolkata,2
4440,11174,Ravi,Male,Electronics,4,4351.56,Card,Delivered,Hyderabad,3
1929,17368,Priya,Male,Electronics,5,4009.97,Card,Delivered,Delhi,4
2461,10949,,Female,Grocery,8,2629.84,Cash,Delivered,Kolkata,5
1138,15626,Ravi,Female,Furniture,3,2079.98,Net Banking,Pending,Chennai,3
4805,19848,Neha,Female,Books,2,2646.95,Cash,Cancelled,Hyderabad,1
3185,14292,Sneha,Male,Grocery,4,3899.28,UPI,Pending,Kolkata,3
1947,15310,Arjun,Female,Electronics,4,4810.88,Card,Delivered,Hyderabad,4
4110,13606,Pooja,Female,Grocery,1,2536.99,Card,Cancelled,Bangalore,1
2577,13289,Ravi,Male,Grocery,4,1226.02,UPI,Delivered,Bangalore,5
1747,15812,Amit,Male,Grocery,9,4542.29,Net Banking,Delivered,Pune,4
4672,13118,Rahul,Female,Furniture,6,3838.57,UPI,Delivered,Chennai,4
2678,11928,Neha,Male,Books,9,3994.12,Cash,Delivered,Hyderabad,5
3257,12810,Arjun,Female,Electronics,5,2321.46,Card,Delivered,Kolkata,4
3202,18326,Pooja,Male,Books,2,4241.2,UPI,Cancelled,Bangalore,1
4330,15544,Priya,Male,Furniture,6,3742.26,Card,Delivered,Pune,5
3905,12671,Kiran,Female,Clothing,7,,Cash,Cancelled,Kolkata,3
2219,14144,Ravi,Female,Clothing,9,,Net Banking,Delivered,Pune,4
3381,12555,Anuja,Male,Clothing,4,1294.83,UPI,Delivered,Hyderabad,4
1162,16205,Kiran,Female,Books,2,,UPI,Delivered,Hyderabad,3
3130,17538,Kiran,Male,Clothing,1,4693.67,Net Banking,Delivered,Delhi,4
3784,14278,Ravi,Female,Books,6,257.48,Cash,Delivered,Delhi,4
1272,16033,Neha,Female,Furniture,2,4927.54,Cash,Delivered,Pune,4
2508,12047,Arjun,Female,Clothing,4,1167.06,UPI,Delivered,Hyderabad,4
1163,13006,Ravi,Male,Books,8,2743.45,Card,Delivered,Bangalore,4
1790,13742,Pooja,Female,Grocery,8,4322.67,Net Banking,Pending,Delhi,3
4031,17259,Rahul,Female,Electronics,5,2961.4,UPI,Delivered,Chennai,5
2294,14367,,Female,Grocery,4,4477.46,,Delivered,Bangalore,3
4109,10641,Kiran,Female,Books,6,1178.84,Card,Delivered,Mumbai,4
2790,17869,,Female,Clothing,1,4827.43,Cash,Delivered,Pune,4
3244,10347,Neha,Female,Books,3,402.74,Card,Delivered,Bangalore,4
3492,13720,Ravi,Female,Furniture,7,4049.26,Net Banking,Delivered,Pune,3
2920,16592,Kiran,Male,Clothing,9,1195.61,Card,Delivered,Hyderabad,4
4448,14666,Neha,Female,Books,8,3121.61,Card,Delivered,Hyderabad,5
3330,13555,Rahul,Male,Books,7,2670.31,Cash,Delivered,Pune,3
4982,18938,Neha,Male,Electronics,6,4468.45,Cash,Delivered,Chennai,4
2346,15408,Kiran,Female,Electronics,3,2077.93,Net Banking,Returned,Pune,2
4215,16633,Rahul,Female,Grocery,3,3532.09,UPI,Delivered,Pune,4
2485,14854,Pooja,Male,Clothing,9,2496.17,Card,Delivered,Hyderabad,3
3745,16402,Kiran,Female,Grocery,1,1760.39,Net Banking,Delivered,Hyderabad,3
1727,12107,Ravi,Male,Electronics,3,524.22,Cash,Returned,,2
3314,19981,Neha,Female,Clothing,8,3988.13,Cash,Delivered,Delhi,3
4116,15497,Amit,Male,Electronics,6,4076.74,Cash,Delivered,Pune,3
2810,15560,Arjun,Male,Electronics,6,4417.37,,Pending,Mumbai,2
3549,15319,Kiran,Female,Clothing,4,923.06,Cash,Pending,Mumbai,2
2048,12059,Sneha,Male,Clothing,8,2829.42,Net Banking,Delivered,Pune,5
3468,13963,Sneha,Male,Clothing,5,1293.47,Net Banking,Cancelled,Kolkata,2
3139,19597,Amit,Male,Furniture,4,4339.37,Card,Delivered,Kolkata,3
4719,13895,Sneha,Female,Furniture,3,2566.26,Cash,Cancelled,Hyderabad,2
4480,12792,,Male,Furniture,9,3989.92,Net Banking,Pending,Chennai,2
4441,10713,Kiran,Female,Clothing,8,4646.82,Cash,Pending,Hyderabad,3
4571,14755,Pooja,Female,Grocery,2,4499.04,Card,Delivered,Chennai,3
2552,13414,Ravi,Female,Books,4,596.35,Card,Cancelled,Chennai,1
4444,16233,Amit,Male,Electronics,3,3228.31,Net Banking,Delivered,Kolkata,3
3285,15432,Ravi,Male,Electronics,2,3488.44,UPI,Delivered,Delhi,4
4934,19205,Pooja,Female,Electronics,9,3621.53,Net Banking,Delivered,Pune,4
3297,10661,Neha,Male,Furniture,5,999.93,Net Banking,Delivered,Kolkata,4
1477,14529,Rahul,Male,Clothing,5,3536.76,Cash,Cancelled,Mumbai,2
1268,19449,Amit,Female,Electronics,7,,Net Banking,Pending,Mumbai,3
3825,16068,,Female,Electronics,3,3866.02,Cash,Pending,Kolkata,3
1198,13038,Anuja,Female,Electronics,1,287.87,Card,Pending,Mumbai,3
1475,17529,Sneha,Female,Books,5,807.75,,Delivered,Bangalore,4
1924,16851,Priya,Female,Books,1,1052.2,UPI,Delivered,Hyderabad,4
1044,11486,Priya,Female,Grocery,8,2093.06,Cash,Cancelled,Bangalore,2
1382,14121,Arjun,Female,Books,1,2967.32,Net Banking,Delivered,Delhi,4
1363,13133,Arjun,Female,Electronics,8,2523.13,Cash,Delivered,Delhi,3
1502,13151,Neha,Male,Furniture,4,797.41,Net Banking,Delivered,Chennai,5
1996,14698,Sneha,Female,Books,1,3829.26,Cash,Delivered,Kolkata,4
1629,17310,Ravi,Female,Furniture,9,652.18,UPI,Delivered,Bangalore,4
1195,13831,Kiran,Male,Clothing,2,4009.22,Net Banking,Delivered,Chennai,5
1939,13216,Sneha,Female,Electronics,2,4320.26,UPI,Delivered,Bangalore,4
2903,11950,Sneha,Male,Furniture,6,3159.87,Net Banking,Delivered,Hyderabad,5
4886,12228,Arjun,Male,Clothing,4,3596.03,Cash,Delivered,Chennai,4
1630,16963,,Male,Furniture,8,1495.14,Net Banking,Returned,Pune,1
4202,14606,Kiran,Male,Grocery,4,3308.14,Card,Delivered,Kolkata,3
2529,10564,Amit,Male,Clothing,6,2528.66,UPI,Delivered,Delhi,3
1917,12158,Kiran,Female,Clothing,7,4665.77,Cash,Delivered,Pune,5
2150,14453,Priya,Male,Electronics,7,4417.28,Card,Delivered,Bangalore,4
3987,15780,Neha,Female,Books,9,2755.96,Net Banking,Delivered,Mumbai,4
3300,11002,Amit,Female,Furniture,4,1515,Card,Delivered,,4
2233,12372,Rahul,Female,Clothing,5,4485.42,Card,Delivered,Mumbai,4
4349,11466,Neha,Female,Clothing,2,3653.89,Net Banking,Delivered,Chennai,5
1250,17407,Sneha,Male,Electronics,1,3586.47,Card,Delivered,Bangalore,5
1905,17252,Amit,Male,Grocery,5,2470.75,Card,Delivered,Chennai,3
2192,12317,Rahul,Male,Furniture,3,2667.07,Card,Delivered,Hyderabad,4
1275,19208,,Female,Clothing,5,4838.87,Cash,Delivered,Mumbai,4
1681,19980,Anuja,Female,Electronics,7,2537.92,Net Banking,Pending,Delhi,2
4723,15816,,Male,Clothing,6,1668.02,UPI,Delivered,Bangalore,5
4680,18897,Neha,Female,Electronics,3,1259.12,Cash,Returned,Kolkata,1
2725,11079,Kiran,Male,Furniture,3,2971.31,Card,Delivered,Pune,4
4697,16026,Neha,Male,Grocery,3,1247.66,UPI,Delivered,Delhi,3
4237,15781,Rahul,Male,Furniture,6,3518.07,UPI,Delivered,Hyderabad,4
2908,11794,Rahul,Male,Clothing,9,4992.95,UPI,Pending,Bangalore,3
3046,17666,Ravi,Male,Clothing,6,1551.49,Net Banking,Pending,Hyderabad,3
4081,16025,Priya,Male,Furniture,3,3346.85,Cash,Delivered,Mumbai,3
2635,13145,Priya,Male,Books,6,2669.17,Cash,Delivered,Kolkata,3
2039,14752,Sneha,Female,Clothing,8,2381.18,Card,Delivered,Chennai,5
2185,11665,Rahul,Male,Grocery,7,3685.69,Net Banking,Returned,Pune,3
4731,13048,Ravi,Female,Furniture,7,1474.18,Card,Cancelled,Mumbai,3
2387,18112,Arjun,Male,Furniture,9,4313.82,Card,Delivered,Chennai,4
2698,16852,Ravi,Female,Books,4,997.93,Card,Delivered,Chennai,4
1870,14562,Amit,Male,Electronics,5,2161.66,Net Banking,Delivered,Kolkata,4
3188,11356,Arjun,Male,Grocery,3,3916.84,Net Banking,Delivered,Bangalore,4
4508,15731,Amit,Female,Books,5,4197.06,UPI,Delivered,Pune,4
2158,10687,Priya,Male,Grocery,7,2106.89,Net Banking,Delivered,Pune,4
3620,15765,Ravi,Male,Furniture,5,4323.86,Cash,Cancelled,Hyderabad,2
3410,19522,Anuja,Male,Furniture,6,4558.27,Card,Delivered,Kolkata,3
4143,16999,Pooja,Male,Furniture,9,3064.6,Cash,Pending,Delhi,2
2232,19230,Priya,Female,Furniture,7,1736.21,Card,Delivered,Pune,4
1888,14145,,Male,Electronics,5,3714.15,Net Banking,Delivered,Pune,5
3352,18301,Arjun,Male,Clothing,8,1792.61,UPI,Delivered,Bangalore,3
4373,14407,Anuja,Female,Furniture,7,,Net Banking,Cancelled,Mumbai,1
3461,17232,Anuja,Male,Electronics,7,3374.92,UPI,Cancelled,Delhi,1
4175,12025,Neha,Female,Books,2,2335.45,Net Banking,Cancelled,Delhi,2
1013,11193,Amit,Female,Books,6,3842.34,Card,Pending,Mumbai,3
3615,19408,Sneha,Male,Furniture,4,2116.56,UPI,Delivered,Bangalore,4
4300,15161,Amit,Male,Electronics,6,218.27,,Cancelled,Pune,1
1661,19549,Sneha,Male,Grocery,1,4610.66,Net Banking,Delivered,Pune,5
1337,14002,Kiran,Female,Clothing,2,4023.65,Net Banking,Delivered,Pune,4
3928,17699,Rahul,Male,Furniture,9,1169.56,Cash,Delivered,Bangalore,4
2960,13104,Arjun,Other,Books,6,1266.54,Net Banking,Delivered,Chennai,4
1474,14668,Anuja,Male,Books,8,173.09,Net Banking,Delivered,Hyderabad,3
1122,17116,Pooja,Male,Clothing,9,2880.4,Card,Delivered,Pune,5
4175,19011,Neha,Male,Electronics,6,987.82,Card,Delivered,Mumbai,4
2043,12354,Neha,Female,Books,1,4778.06,UPI,Delivered,Mumbai,4
4398,13906,Arjun,Female,Books,6,1788.02,Net Banking,Delivered,Pune,4
3950,13258,Anuja,Female,Books,6,1143.75,UPI,Delivered,Delhi,5
4167,10845,Priya,Male,Furniture,6,2977.01,Cash,Delivered,Bangalore,5
2031,18741,Sneha,Male,Furniture,7,160.79,Cash,Cancelled,Mumbai,2
4304,17082,Kiran,Female,Grocery,1,3080.9,Net Banking,Delivered,Kolkata,3
1852,10754,Neha,Male,Clothing,3,4346.82,Card,Cancelled,Pune,3
3608,19895,Neha,Female,Furniture,1,1210.63,Cash,Pending,Kolkata,4
1669,17143,Priya,Female,Grocery,7,496.62,,Cancelled,Bangalore,2
3838,13091,Sneha,Male,Electronics,9,798.06,Net Banking,Pending,Kolkata,3
3486,17867,Neha,Male,Electronics,4,,UPI,Delivered,Kolkata,4
1301,19650,Rahul,Male,Clothing,4,425.14,Cash,Delivered,Pune,3
3173,14780,Arjun,Male,Books,5,835.18,UPI,Delivered,,5
2716,11264,Kiran,Male,Electronics,7,4761.38,Card,Delivered,Chennai,4
4168,11074,Arjun,Female,Books,5,972.36,UPI,Delivered,Pune,4
3613,14692,Neha,Female,Electronics,7,2939.19,UPI,Delivered,Mumbai,4
3828,16953,Pooja,Other,Books,4,3761.53,Cash,Cancelled,Kolkata,1
3946,19596,Amit,Other,Books,7,4907.29,Cash,Pending,Mumbai,2
2990,18954,Arjun,Male,Furniture,6,,Net Banking,Pending,Hyderabad,3
1933,16825,Amit,Female,Furniture,7,1741.01,Cash,Delivered,Hyderabad,4
2935,11404,Arjun,Female,Electronics,1,1653.99,Cash,Delivered,Pune,4
4393,14770,Amit,Male,Books,3,3888.52,Card,Delivered,Delhi,3
1717,17769,Rahul,Male,Electronics,6,2473.37,Cash,Delivered,,4
3491,11986,Sneha,Male,Books,9,2932.88,UPI,Cancelled,Kolkata,2
4342,13568,Neha,Female,Grocery,1,970.53,UPI,Delivered,Bangalore,4
1431,10527,Anuja,Female,Furniture,8,3904.02,Cash,Delivered,Chennai,4
4335,18728,Sneha,Female,Electronics,3,2361.55,Card,Returned,Chennai,3
4819,16109,Sneha,Male,Electronics,6,,Net Banking,Delivered,Hyderabad,5
3111,11164,Kiran,Female,Books,9,3619.63,Net Banking,Delivered,Bangalore,4
3625,17892,Ravi,Female,Furniture,3,,Net Banking,Delivered,,5
2656,18620,Rahul,Female,Electronics,8,2251.93,Card,Delivered,Kolkata,4
4458,17621,Neha,Female,Clothing,6,4317.82,Cash,Delivered,Mumbai,3
1152,19984,Priya,Male,Books,2,4051.49,UPI,Pending,Kolkata,3
2473,14214,Rahul,Male,Electronics,6,1700.97,Cash,Delivered,Bangalore,4
3863,11110,Anuja,Male,Grocery,6,3559.44,Cash,Delivered,Hyderabad,5
3671,11317,Pooja,Male,Grocery,2,1359.2,UPI,Delivered,,4
2548,17686,Priya,Female,Furniture,6,4359.43,Cash,Delivered,Hyderabad,3
4124,10969,,Male,Grocery,2,2040.6,Card,Delivered,Kolkata,3
3198,19788,Ravi,Male,Grocery,9,1936.44,Net Banking,Delivered,Mumbai,3
1912,13940,Sneha,Male,Clothing,5,1671.81,UPI,Delivered,Mumbai,4
2461,18473,Ravi,Female,Furniture,2,442.39,Card,Pending,Bangalore,3
3640,10679,Sneha,Female,Electronics,9,,Cash,Delivered,Bangalore,4
1364,17570,Sneha,Female,Books,7,460.63,UPI,Delivered,Bangalore,4
1843,19091,Arjun,Female,Books,6,437.6,Net Banking,Delivered,Chennai,5
3759,17430,Neha,Female,Furniture,2,4015.41,Cash,Delivered,Pune,4
2851,10976,Ravi,Female,Furniture,9,1948.41,UPI,Delivered,Delhi,3
3381,16479,Arjun,Female,Clothing,9,4265.33,Card,Returned,Pune,2
1022,15064,Ravi,Male,Electronics,7,4230.06,Card,Delivered,Pune,5
3805,16618,Sneha,Female,Furniture,2,2464.96,Cash,Delivered,Bangalore,4
4609,12338,Ravi,Female,Clothing,1,4649.4,Net Banking,Delivered,Chennai,4
1871,15738,Arjun,Male,Grocery,5,3878.74,Card,Delivered,Kolkata,4
3271,12542,Neha,Male,Furniture,9,,Card,Delivered,Mumbai,5
4280,12755,Ravi,Male,Books,4,4647.47,Cash,Delivered,Chennai,3
4628,13859,Kiran,Male,Furniture,1,578.69,Card,Delivered,Hyderabad,4
4691,14335,Ravi,Female,Grocery,5,3164.41,Card,Cancelled,Pune,1
2776,12291,Rahul,Female,Electronics,1,4172.2,Card,Delivered,Kolkata,5
1870,17971,Amit,Male,Furniture,9,4389.09,Cash,Delivered,Bangalore,3
1870,17528,Rahul,Male,Electronics,8,1575.97,Card,Delivered,Pune,3
4515,13535,Pooja,Male,Clothing,4,1764.57,Card,Delivered,Chennai,4
3607,18539,Priya,Male,Books,1,552.26,UPI,Delivered,Kolkata,4
2689,10248,Kiran,Female,Clothing,5,4390.09,Card,Delivered,Mumbai,4
1504,14423,Rahul,Male,Clothing,2,998.75,Card,Delivered,Hyderabad,4
2774,12510,Ravi,Female,Grocery,4,1538.89,Net Banking,Delivered,Bangalore,4
2996,14868,Sneha,Female,Clothing,7,1832.28,Card,Cancelled,Hyderabad,2
1727,10112,Neha,Male,Clothing,1,570.25,UPI,Delivered,Hyderabad,4
3623,11890,Ravi,Female,Furniture,2,431.25,Card,Delivered,Pune,5
4669,10347,Pooja,Female,Electronics,1,1121.94,Card,Delivered,Bangalore,4
4297,11699,Anuja,Female,Furniture,1,4857.06,UPI,Pending,Pune,3
1602,13195,Priya,Male,Books,6,4514.81,Net Banking,Pending,Delhi,3
4360,18894,Amit,Female,Grocery,2,,Card,Pending,Mumbai,2
1241,18090,Ravi,Female,Electronics,8,3319.26,UPI,Delivered,Mumbai,4
1114,11849,Priya,Male,Electronics,6,4162.06,UPI,Returned,Chennai,3
3841,11520,Arjun,Female,Books,1,1854.28,Net Banking,Delivered,Pune,4
2466,13094,Kiran,Male,Grocery,8,2458.11,Net Banking,Delivered,Delhi,3
4895,11607,Arjun,Female,Furniture,9,2739.56,Cash,Pending,Bangalore,3
2828,16086,Rahul,Male,Books,5,4291.13,Net Banking,Delivered,Delhi,4
2016,17518,Neha,Female,Clothing,8,563.74,Cash,Delivered,Pune,4
3659,17108,Anuja,Female,Electronics,4,3496.25,UPI,Delivered,Hyderabad,5
2757,15622,Priya,Male,Clothing,4,2393.16,Card,Delivered,Bangalore,4
2773,16697,Amit,Male,Grocery,2,1823.61,Card,Delivered,Chennai,3
4156,15417,Priya,Male,Clothing,6,2247.2,UPI,Delivered,Pune,4
3763,14869,Neha,Male,Clothing,7,2587.99,UPI,Delivered,Bangalore,4
4825,13648,Rahul,Male,Furniture,5,708.47,Cash,Pending,Chennai,3
4554,18250,Priya,Male,Electronics,8,4227.35,UPI,Cancelled,Bangalore,2
3621,10461,Sneha,Female,Grocery,8,2295.76,,Delivered,Chennai,4
1340,13107,Arjun,Male,Books,8,2805.91,Net Banking,Delivered,Bangalore,4
3178,15962,Arjun,Male,Electronics,4,2536.52,Card,Delivered,Bangalore,4
4033,18040,Anuja,Male,Books,2,4917.95,Net Banking,Delivered,Delhi,4
3604,17704,Kiran,Other,Clothing,7,4884.9,UPI,Pending,Mumbai,2
2077,17653,Priya,Male,Furniture,2,4147.35,UPI,Cancelled,Chennai,2
2537,19576,Neha,Male,Furniture,5,3443.18,Cash,Pending,Delhi,3
4634,12939,Priya,Male,Clothing,6,2073.7,Net Banking,Delivered,Bangalore,3
3884,17444,Ravi,Female,Furniture,1,2720.3,Card,Delivered,Bangalore,5
4049,11965,Ravi,Male,Electronics,6,2204.9,Net Banking,Delivered,,4
2798,10549,Arjun,Male,Clothing,9,509.28,Card,Pending,Pune,2
3998,18964,Sneha,Male,Furniture,1,3160.72,Card,Pending,Mumbai,4
2762,18401,Amit,Female,Electronics,5,2300.12,Net Banking,Delivered,Chennai,5
3371,17127,Kiran,Female,Books,2,234.24,,Delivered,Chennai,3
3763,14899,Anuja,Female,Furniture,1,4587.45,,Delivered,Chennai,3
2195,12239,Rahul,Male,Electronics,2,2562.88,Card,Delivered,Mumbai,4
3123,14925,Arjun,Male,Furniture,1,319.56,UPI,Pending,Kolkata,3
3106,18388,Arjun,Female,Electronics,2,1125.27,Net Banking,Delivered,Mumbai,4
3438,15997,Pooja,Female,Clothing,7,2862.97,Net Banking,Delivered,Kolkata,4
1861,19581,Arjun,Female,Electronics,7,4628.98,Net Banking,Delivered,Delhi,4
3276,18089,Pooja,Female,Electronics,2,4627.72,Net Banking,Delivered,Delhi,3
1593,14567,Priya,Female,Grocery,4,3910.97,Net Banking,Delivered,Mumbai,4
2968,10761,Sneha,Female,Furniture,1,3143.66,Card,Pending,Chennai,4
3685,17699,Priya,Female,Books,1,1591.29,UPI,Delivered,Hyderabad,4
1382,19490,Neha,Female,Clothing,4,283.25,Cash,Pending,Hyderabad,3
1255,10964,Amit,Male,Furniture,2,4035.6,Net Banking,Returned,Pune,2
1979,16055,Amit,Male,Grocery,6,3486.65,Card,Delivered,Pune,5
1384,11416,Arjun,Female,Grocery,1,4883.67,Card,Delivered,Delhi,3
1945,14968,Rahul,Male,Clothing,4,457.54,Net Banking,Cancelled,Mumbai,2
1054,10233,Amit,Male,Grocery,2,4114.96,Cash,Cancelled,Hyderabad,1
3346,16862,Amit,Female,Grocery,3,3178.48,Cash,Delivered,Delhi,5
1880,12984,Pooja,Female,Electronics,8,489,Card,Delivered,Pune,4
2502,15289,Priya,Male,Furniture,8,1140.72,,Delivered,Hyderabad,5
4959,17096,Neha,Male,Electronics,9,2700.05,Net Banking,Delivered,Hyderabad,4
1739,14997,,Female,Grocery,6,3940.38,Card,Cancelled,Delhi,2
3584,18258,Ravi,Female,Books,5,609.33,Net Banking,Pending,Chennai,3
4560,12397,Kiran,Male,Clothing,6,3773.54,Card,Delivered,Chennai,4
3003,11715,Pooja,Male,Furniture,3,3573.52,Cash,Delivered,Delhi,4
4205,11678,Neha,Male,Books,1,2436.72,Card,Pending,Chennai,3
4555,19747,Pooja,Female,Electronics,3,2804.08,Net Banking,Cancelled,Bangalore,3
1460,17619,Arjun,Female,Grocery,7,3632.77,Cash,Delivered,Mumbai,4
4804,14870,Rahul,Male,Clothing,6,4149.51,Net Banking,Delivered,Hyderabad,5
1918,10395,Pooja,Male,Clothing,5,118.69,Net Banking,Delivered,Bangalore,5
1006,17867,Pooja,Female,Clothing,6,2973.16,UPI,Delivered,Kolkata,4
1947,11300,Rahul,Male,Furniture,7,1644.82,UPI,Delivered,Delhi,4
2574,15153,Kiran,Male,Grocery,7,2976.32,Cash,Delivered,Hyderabad,3
4809,14857,Priya,Female,Furniture,2,,Card,Delivered,Hyderabad,4
1159,12486,Kiran,Female,Electronics,2,3838.58,Card,Delivered,Hyderabad,5
2144,19316,Priya,Other,Grocery,7,1288.37,Card,Delivered,,3
2364,12236,Rahul,Female,Books,9,2089.21,Net Banking,Delivered,Hyderabad,4
3068,17311,Arjun,Female,Clothing,9,3675.41,Net Banking,Pending,Hyderabad,3
1747,13391,Sneha,Female,Books,1,,Cash,Pending,Bangalore,3
2434,12124,Sneha,Female,Furniture,2,2168.23,Card,Delivered,Delhi,5
2545,10944,Sneha,Female,Electronics,7,4597.38,,Delivered,Hyderabad,4
3533,18131,Arjun,Male,Books,8,4464.14,Net Banking,Delivered,Hyderabad,3
1537,16618,Sneha,Male,Books,2,1773.11,Cash,Delivered,Mumbai,4
4004,10105,Sneha,Female,Grocery,4,2027.24,Net Banking,Delivered,Hyderabad,4
3942,16374,Kiran,Female,Furniture,3,2659.58,UPI,Delivered,Bangalore,5
1459,19005,Kiran,Male,Books,5,4636.56,Cash,Delivered,Hyderabad,5
4310,19574,Rahul,Female,Grocery,1,1230.42,Net Banking,Delivered,Pune,5
1159,13148,Pooja,Female,Books,5,2804.4,UPI,Delivered,Kolkata,3
1779,15154,Neha,Male,Books,4,1271.3,Card,Delivered,Kolkata,4
1281,13741,Priya,Male,Grocery,1,3611.13,UPI,Pending,Delhi,2
3074,12486,Sneha,Female,Books,6,1078.22,Card,Delivered,Pune,3
3349,11244,Kiran,Female,Grocery,9,4793.33,Card,Cancelled,Bangalore,2
3863,14729,Kiran,Female,Clothing,9,4392.51,UPI,Delivered,Kolkata,4
4901,19790,Arjun,Male,Books,9,1388.36,Net Banking,Delivered,Bangalore,4
1988,16722,Rahul,Female,Furniture,8,4972.12,Card,Delivered,Hyderabad,5
3905,13952,Neha,Male,Furniture,4,588.38,Card,Delivered,Delhi,3
4993,11997,Pooja,Male,Books,2,2732.67,Net Banking,Delivered,Chennai,4
1265,17709,Pooja,Female,Furniture,2,3580.84,Cash,Delivered,Delhi,5
1967,17874,Sneha,Female,Books,5,3339.47,Cash,Delivered,Pune,4
2165,19173,Ravi,Male,Books,8,,,Delivered,Hyderabad,4
2449,16811,Neha,Male,Clothing,1,3479.84,Net Banking,Delivered,Kolkata,4
2750,17777,Anuja,Female,Books,9,426.64,Cash,Pending,Bangalore,4
1423,12593,Ravi,Male,Grocery,2,2417.78,UPI,Pending,Chennai,2
3901,17645,Rahul,Male,Grocery,1,4022.35,Net Banking,Delivered,Bangalore,5
1200,12607,Kiran,Female,Electronics,7,142.34,Net Banking,Delivered,Mumbai,5
3445,14697,Arjun,Female,Grocery,3,3431.35,UPI,Cancelled,Delhi,3
1021,14004,Priya,Male,Books,9,4830.99,Net Banking,Delivered,Bangalore,4
3552,13484,Anuja,Male,Clothing,7,3426.01,Net Banking,Delivered,Pune,4
3978,18402,Priya,Female,Books,2,1538.9,UPI,Delivered,Kolkata,4
3912,16528,Anuja,Female,Grocery,9,,UPI,Delivered,Bangalore,4
3809,12804,Pooja,Female,Books,9,3164.81,UPI,Delivered,Mumbai,5
3264,10366,Priya,Female,Grocery,6,4085.11,Net Banking,Cancelled,Bangalore,2
4919,11555,Pooja,Female,Grocery,5,1086.1,Cash,Pending,Chennai,3
1426,19906,Anuja,Other,Clothing,5,341.72,Card,Delivered,Kolkata,3
3006,17360,Ravi,Female,Books,1,2901.17,Net Banking,Delivered,Chennai,4
2073,13577,Ravi,Female,Furniture,8,1941.87,Net Banking,Delivered,Hyderabad,4
2336,19574,Neha,Female,Furniture,1,840.32,Cash,Delivered,Hyderabad,5
1858,17783,Neha,Male,Clothing,7,1805.18,Net Banking,Delivered,Bangalore,3
1072,18746,Arjun,Female,Clothing,5,3139.03,Card,Cancelled,Delhi,2
4408,11417,Priya,Female,Grocery,6,3629.83,Cash,Delivered,Mumbai,4
3250,11830,,Male,Clothing,3,632.88,Cash,Delivered,Delhi,4
2999,17292,Kiran,Male,Grocery,5,2712.35,Card,Pending,Chennai,2
4641,15341,Kiran,Male,Books,2,3268.25,UPI,Pending,Bangalore,3
1373,12857,Sneha,Female,Grocery,7,2087.84,UPI,Delivered,Pune,4
2571,13845,Anuja,Female,Electronics,3,1705.35,UPI,Delivered,Delhi,4
3368,13885,Arjun,Female,Furniture,4,236.27,Cash,Delivered,Kolkata,4
1224,13285,Kiran,Female,Clothing,1,1243.41,Card,Cancelled,Mumbai,2
1388,13203,Priya,Male,Books,6,4176.91,Card,Delivered,Pune,4
1374,13019,Neha,Female,Grocery,6,2601.36,Net Banking,Delivered,Pune,3
4156,12262,Arjun,Other,Books,4,2862.05,Net Banking,Delivered,Bangalore,4
3900,17727,Ravi,Male,Books,5,2914.2,Card,Delivered,Delhi,4
1362,10375,Arjun,Other,Books,2,2675.36,UPI,Returned,Chennai,1
1973,16994,Amit,Female,Books,8,3228.06,Net Banking,Delivered,Hyderabad,3
4802,14261,Anuja,Male,Electronics,9,1701.02,Cash,Delivered,Mumbai,5
3278,14137,Priya,Male,Electronics,8,2776.4,Card,Delivered,Pune,4
3926,15874,Kiran,Female,Furniture,7,645.99,,Delivered,Bangalore,5
1894,12926,Sneha,Female,Electronics,2,,Net Banking,Delivered,Delhi,4
4993,10370,Sneha,Female,Grocery,8,1311.31,Card,Cancelled,Bangalore,2
1116,11222,Sneha,Female,Books,4,3427.25,Cash,Delivered,Kolkata,4
3104,11477,Sneha,Male,Clothing,9,3203.4,Cash,Cancelled,Kolkata,2
1476,15087,Amit,Male,Clothing,7,1762.05,Cash,Delivered,Hyderabad,3
3782,15016,Arjun,Male,Electronics,1,924.46,Net Banking,Delivered,Delhi,4
4516,18462,Amit,Female,Grocery,8,4223.97,Net Banking,Delivered,Chennai,4
1136,15409,Neha,Male,Clothing,6,2097.37,Net Banking,Pending,Chennai,2
1112,17259,Ravi,Female,Furniture,5,4570.97,Cash,Cancelled,Bangalore,2
4580,13081,Sneha,Male,Grocery,5,2075.99,Card,Delivered,Chennai,4
4888,17775,Amit,Female,Furniture,9,845.02,Card,Delivered,Hyderabad,4
4056,13239,Rahul,Male,Clothing,4,4519.45,Net Banking,Returned,Pune,1
1401,10508,Sneha,Female,Grocery,4,4095.23,UPI,Delivered,Chennai,5
2462,12086,Priya,Female,Books,3,3177.93,UPI,Delivered,Delhi,5
3322,14480,Kiran,Female,Clothing,8,3637.11,Net Banking,Delivered,Hyderabad,4
1493,11897,,Female,Furniture,4,2625.46,UPI,Pending,Kolkata,4
2012,12419,Anuja,Male,Clothing,4,4361.2,Card,Delivered,Pune,4
3024,15559,Sneha,Male,Grocery,4,2647.8,Cash,Delivered,Bangalore,5
2857,13411,Arjun,Female,Grocery,9,3050.3,UPI,Pending,Bangalore,3
4022,10934,Rahul,Male,Furniture,1,4448.77,Card,Cancelled,Kolkata,2
2719,19552,Kiran,Male,Books,1,929.69,,Delivered,Delhi,3
1143,11735,Priya,Male,Grocery,3,2715.99,Card,Cancelled,Chennai,2
3100,19981,Sneha,Female,Clothing,2,3035.82,Net Banking,Cancelled,Delhi,3
3581,19821,Priya,Male,Books,5,1799.09,UPI,Pending,Hyderabad,4
4875,11019,Sneha,Female,Grocery,1,4050.06,Cash,Delivered,Delhi,4
2469,15543,Anuja,Female,Books,6,632.27,UPI,Pending,Kolkata,3
1136,14908,Priya,Female,Furniture,5,3299.88,Card,Delivered,Mumbai,4
4371,15424,Rahul,Female,Electronics,2,3253.77,Net Banking,Delivered,Chennai,3
4645,12318,Neha,Female,Furniture,4,3575.97,Cash,Delivered,,3
4442,17517,Arjun,Female,Grocery,9,2179.86,Cash,Pending,Mumbai,3
3895,13205,Amit,Male,Grocery,8,552.9,Card,Cancelled,Pune,3
4380,13003,Ravi,Male,Electronics,6,1636.78,Net Banking,Delivered,Hyderabad,4
1039,16221,Arjun,Female,Books,2,4489.04,UPI,Delivered,Delhi,4
2887,11951,Anuja,Male,Furniture,1,3047.7,Card,Delivered,Mumbai,4
2923,17098,Priya,Male,Books,3,1139.92,Card,Cancelled,Kolkata,2
2517,18564,Neha,Female,Books,4,3671.26,Net Banking,Delivered,Mumbai,3
3502,13718,Neha,Male,Books,1,1773.99,Net Banking,Delivered,Kolkata,4
2067,17380,Amit,Female,Furniture,5,870.53,Cash,Delivered,Chennai,4
1076,16639,Pooja,Female,Clothing,8,3620.92,Net Banking,Pending,Kolkata,3
4339,11558,Priya,Male,Furniture,3,1098.01,Net Banking,Delivered,Hyderabad,4
4923,17226,Kiran,Male,Books,7,1550.29,Net Banking,Delivered,Chennai,4
2065,11777,Rahul,Other,Books,3,1335.48,Cash,Delivered,Pune,3
3334,15423,Pooja,Male,Grocery,7,3879.2,UPI,Cancelled,Hyderabad,1
4420,12809,Kiran,Female,Clothing,9,1490.52,Cash,Delivered,Kolkata,3
2135,15858,Pooja,Female,Books,8,1038.92,Net Banking,Delivered,Mumbai,5
1888,12134,Amit,Female,Clothing,4,919.4,Net Banking,Delivered,Mumbai,4
4899,16656,,Female,Electronics,8,2442.81,UPI,Delivered,Mumbai,3
1190,15203,Anuja,Female,Grocery,4,4535.91,UPI,Delivered,Chennai,5
2706,11359,Rahul,Male,Grocery,6,3668.89,,Returned,Bangalore,1
4924,12144,Kiran,Female,Furniture,3,4143.6,Net Banking,Delivered,Hyderabad,4
4791,14642,Amit,Male,Grocery,9,,,Pending,Mumbai,2
3421,10922,Anuja,Male,Electronics,9,4344.58,Cash,Delivered,Bangalore,4
2482,11332,Neha,Male,Electronics,6,531.59,Cash,Delivered,Kolkata,4
2975,17262,Priya,Male,Books,7,1423.14,Card,Delivered,Hyderabad,4
4878,10629,Priya,Female,Grocery,4,2299.78,UPI,Delivered,Mumbai,4
4231,19654,Neha,Male,Books,4,2291.63,Card,Delivered,Chennai,4
3146,12590,,Male,Electronics,6,4150.13,Cash,Delivered,Hyderabad,5
3899,17008,Anuja,Male,Electronics,4,1803.8,UPI,Pending,Mumbai,4
1780,14477,Sneha,Female,Furniture,7,,Card,Delivered,Bangalore,3
4464,15336,Anuja,Other,Electronics,1,,Net Banking,Delivered,Bangalore,4
3096,18150,Pooja,Male,Grocery,8,4091.87,UPI,Returned,Mumbai,3
2539,14016,Pooja,Female,Furniture,3,2933.25,Net Banking,Delivered,Pune,4
4005,14516,Kiran,Female,Books,2,3622.67,Cash,Cancelled,Delhi,2
4988,17824,Anuja,Female,Clothing,7,4927.94,Card,Delivered,,3
1546,10639,Ravi,Male,Clothing,6,4562.86,Net Banking,Delivered,Pune,3
1521,15353,Kiran,Female,Furniture,5,552.18,Net Banking,Delivered,,3
1399,19089,Arjun,Male,Electronics,1,201.19,Net Banking,Pending,Hyderabad,2
4453,18584,Anuja,Female,Books,7,4492.16,Card,Delivered,Pune,5
4146,15795,Anuja,Female,Grocery,3,4683.7,Cash,Delivered,Hyderabad,4
1704,16956,Sneha,Male,Electronics,6,1610.19,,Returned,Mumbai,2
1364,13363,Sneha,Female,Furniture,6,1412.17,,Delivered,Pune,4
1266,13675,Kiran,Female,Clothing,9,2568.36,Cash,Cancelled,Mumbai,3
1908,10789,Rahul,Female,Clothing,7,1752.87,Cash,Delivered,Kolkata,3
3443,18572,Amit,Female,Clothing,7,625.24,,Delivered,,5
2094,18469,Priya,Female,Clothing,8,1853.78,,Delivered,Chennai,3
2704,15487,Rahul,Male,Grocery,6,972.88,Cash,Delivered,Kolkata,3
4472,10472,Amit,Female,Books,9,2615.97,Net Banking,Delivered,Chennai,3
4970,15281,Ravi,Female,Clothing,2,4718.46,Cash,Pending,Mumbai,3
3197,13117,Ravi,Female,Furniture,2,4924.12,Cash,Returned,Hyderabad,2
2997,11242,Kiran,Female,Furniture,3,3356.14,Card,Delivered,Hyderabad,4
4203,15892,Sneha,Male,Clothing,7,2860.17,,Returned,Hyderabad,2
1816,12742,Kiran,Male,Furniture,9,2604.53,UPI,Delivered,Hyderabad,4
1641,10565,Pooja,Female,Furniture,3,,Card,Delivered,Bangalore,4
1777,15016,Amit,Male,Clothing,2,3278.62,UPI,Pending,Kolkata,2
4670,15049,Sneha,Male,Furniture,8,464.8,UPI,Delivered,Kolkata,4
4767,18520,Kiran,Female,Books,6,2179.75,Card,Delivered,,4
2067,16476,Arjun,Female,Grocery,7,4908.46,Cash,Delivered,Bangalore,4
1989,19695,Arjun,Female,Books,9,4940.85,Net Banking,Delivered,Hyderabad,4
4748,13497,Kiran,Female,Clothing,7,383.91,Cash,Delivered,Kolkata,3
4591,10011,Arjun,Male,Clothing,8,880.26,Cash,Pending,Chennai,3
3761,10328,Rahul,Female,Furniture,4,3222.63,,Returned,Pune,1
3041,14173,Anuja,Female,Books,9,2868.04,UPI,Delivered,Delhi,4
3319,10051,Amit,Female,Electronics,4,2501.34,Cash,Delivered,Chennai,4
3893,14111,Priya,Female,Electronics,4,3904.57,Cash,Delivered,Hyderabad,4
2551,12122,Ravi,Female,Grocery,4,269.38,UPI,Delivered,Delhi,4
3717,14722,Pooja,Male,Books,5,2859.05,,Delivered,Delhi,4
4548,11193,Arjun,Female,Furniture,3,2971.76,UPI,Pending,Delhi,3
3459,19452,,Female,Furniture,3,3803.29,UPI,Delivered,Pune,5
1572,12126,,Male,Grocery,8,3599.3,UPI,Pending,Delhi,4
3122,10225,Amit,Male,Furniture,5,2476.78,UPI,Delivered,Kolkata,4
1860,19145,Amit,Male,Clothing,2,4958.25,Card,Cancelled,Pune,2
1591,16943,Priya,Female,Electronics,8,3382.04,Cash,Delivered,Chennai,4
1471,11683,Ravi,Female,Electronics,4,3540.32,Cash,Delivered,Kolkata,4
1702,11750,Priya,Male,Electronics,4,2817.03,Cash,Delivered,Bangalore,4
2682,18038,Anuja,Female,Grocery,5,2506.27,,Pending,Delhi,3
3461,13055,Ravi,Female,Grocery,5,2372.7,Card,Pending,Chennai,3
2686,19023,Anuja,Female,Electronics,8,1387.55,UPI,Pending,Bangalore,3
4531,11394,Sneha,Female,Grocery,9,,UPI,Delivered,Mumbai,4
2067,11110,Pooja,Female,Grocery,1,1794.25,Card,Pending,Hyderabad,3
2875,19476,Rahul,Female,Clothing,4,4420.54,,Delivered,Bangalore,4
4537,13785,Rahul,Female,Furniture,6,4175.79,Net Banking,Cancelled,Pune,3
1219,17321,Kiran,Male,Grocery,1,3129.45,Card,Pending,Kolkata,4
1868,14559,Ravi,Female,Furniture,4,,UPI,Delivered,,4
1186,18988,Priya,Female,Books,4,1853.07,Net Banking,Delivered,Mumbai,5
4072,17401,Rahul,Female,Books,3,2452.71,Net Banking,Delivered,Kolkata,3
4060,10107,Rahul,Female,Electronics,1,1175.82,UPI,Delivered,Delhi,5
4524,11306,Kiran,Male,Electronics,5,2462.31,Cash,Delivered,Chennai,4
4330,11284,Arjun,Male,Electronics,4,3374.37,Net Banking,Delivered,Kolkata,4
4051,12824,Sneha,Male,Grocery,8,4165.56,Net Banking,Cancelled,Chennai,2
4645,17054,Neha,Female,Electronics,9,144.35,Cash,Delivered,Chennai,4
3986,18152,,Male,Clothing,5,2801.63,Cash,Delivered,Bangalore,4
1176,18357,Kiran,Male,Books,1,3164.09,Net Banking,Delivered,,4
4675,11423,Ravi,Male,Furniture,3,2819.94,Net Banking,Cancelled,Mumbai,1
3658,15906,Ravi,Male,Furniture,1,4386.08,Card,Delivered,,5
4311,14964,Amit,Female,Electronics,7,4804.06,Cash,Pending,Kolkata,4
3508,16818,,Male,Clothing,5,3654.29,Card,Delivered,Kolkata,4
3296,17734,Neha,Female,Books,9,908.39,UPI,Delivered,Mumbai,4
1060,11043,,Male,Furniture,1,3125.94,Net Banking,Delivered,Chennai,4
4748,16259,,Male,Books,8,135.91,Cash,Delivered,Pune,3
4188,19724,Rahul,Male,Electronics,3,1493.07,Net Banking,Delivered,Chennai,4
4865,18131,Arjun,Female,Furniture,8,3365.86,UPI,Delivered,Chennai,4
1182,15920,Kiran,Male,Grocery,5,248.6,Cash,Cancelled,Delhi,2
4160,13621,Ravi,Female,Clothing,1,1208,Net Banking,Cancelled,Chennai,2
4986,13041,Anuja,Male,Grocery,1,1594.96,UPI,Delivered,Mumbai,4
3774,16446,Arjun,Male,Books,6,985.75,Card,Delivered,Kolkata,4
3010,14905,Neha,Female,Furniture,9,1454.44,Cash,Delivered,Pune,4
4165,11693,Priya,Female,Electronics,4,4271.62,Net Banking,Cancelled,Chennai,2
2163,19821,Rahul,Female,Furniture,8,4556.96,UPI,Returned,Chennai,2
1401,15956,Sneha,Male,Clothing,4,623.64,Net Banking,Delivered,Kolkata,4
1248,17027,Rahul,Male,Grocery,8,4377.17,UPI,Cancelled,Mumbai,2
2584,13231,Sneha,Female,Clothing,8,4512.75,Net Banking,Delivered,Kolkata,5
3581,13158,Pooja,Female,Electronics,3,,Card,Pending,Kolkata,2
2117,15786,Kiran,Female,Books,6,920.27,Net Banking,Pending,Hyderabad,4
2868,19769,Rahul,Male,Electronics,6,4182.48,Net Banking,Cancelled,Bangalore,3
4046,14280,Ravi,Female,Books,1,3212.1,Cash,Delivered,Hyderabad,4
1276,19444,Priya,Female,Furniture,7,310.87,Cash,Delivered,Delhi,4
4860,10858,Anuja,Female,Furniture,3,4389.62,Net Banking,Delivered,Pune,4
1270,13085,Pooja,Male,Clothing,4,4825.71,Card,Delivered,Kolkata,3
4697,17881,Pooja,Female,Clothing,5,3815.68,Net Banking,Delivered,Mumbai,4
1209,17689,Ravi,Female,Clothing,9,152.36,Card,Delivered,Bangalore,5
2881,18125,Kiran,Male,Books,9,2110.95,,Delivered,Bangalore,4
4009,18744,Neha,Female,Furniture,7,1340.97,Card,Cancelled,Pune,2
1067,16042,Ravi,Female,Books,5,2219.86,Cash,Delivered,Bangalore,4
1685,17612,Sneha,Male,Furniture,5,420.58,,Delivered,Pune,4
2205,17129,,Other,Electronics,8,,Net Banking,Delivered,Delhi,4
3668,10987,Anuja,Female,Clothing,5,1943.46,Net Banking,Delivered,Kolkata,4
4506,15288,Ravi,Male,Books,9,1191.48,Cash,Delivered,Pune,4
4243,18708,Pooja,Male,Clothing,9,1906.36,UPI,Delivered,Chennai,5
2590,17614,Amit,Female,Furniture,5,4284.55,Cash,Delivered,Kolkata,5
4354,16386,Kiran,Female,Books,2,4706.53,UPI,Delivered,Kolkata,4
4177,10727,Arjun,Female,Furniture,5,3563.41,Card,Delivered,Bangalore,5
3226,11649,Rahul,Female,Furniture,1,2304.62,Net Banking,Delivered,Hyderabad,4
1880,10540,Rahul,Female,Electronics,6,3268.03,Card,Delivered,Kolkata,4
2722,17574,Sneha,Female,Books,2,4615.33,Net Banking,Delivered,,3
2573,14295,Neha,Male,Grocery,8,1473.64,Card,Delivered,Bangalore,4
2588,14919,Priya,Female,Electronics,4,2968.98,Card,Delivered,Pune,4
3154,11544,Neha,Female,Electronics,3,3285.78,UPI,Delivered,Delhi,5
4663,16387,Rahul,Female,Clothing,7,,Card,Pending,Kolkata,3
3049,14163,Sneha,Female,Clothing,9,1463.1,,Delivered,Pune,3
3058,15257,Neha,Female,Clothing,7,1580.37,Card,Pending,Chennai,3
4495,16728,Rahul,Male,Furniture,5,1425.51,Cash,Delivered,Mumbai,4
2920,12663,Arjun,Female,Books,4,1117.34,Card,Delivered,Delhi,4
3294,16575,Arjun,Male,Furniture,6,4935.45,Cash,Delivered,Kolkata,4
2270,12042,Ravi,Female,Electronics,8,731,UPI,Pending,Bangalore,4
2251,14722,Amit,Female,Electronics,8,3453.2,Card,Cancelled,Kolkata,2
3007,19611,Pooja,Female,Books,6,170.74,,Pending,Chennai,3
1850,10681,Priya,Female,Electronics,4,4276.96,,Delivered,Kolkata,4
1027,10712,Priya,Male,Books,8,1695.6,Card,Delivered,Hyderabad,4
2151,15497,,Female,Grocery,9,186.94,Card,Delivered,Bangalore,4
3600,13444,Pooja,Male,Grocery,5,3735.21,UPI,Delivered,Delhi,5
3179,12413,Priya,Female,Furniture,5,285.72,UPI,Cancelled,Delhi,2
4118,19804,Amit,Female,Furniture,3,3401.44,Net Banking,Cancelled,Bangalore,2
1375,17920,Neha,Female,Grocery,9,,UPI,Delivered,Chennai,3
4251,10400,Pooja,Other,Grocery,6,250.83,Card,Delivered,Mumbai,5
2276,13513,Priya,Female,Clothing,8,,Net Banking,Delivered,Chennai,4
3799,15058,Rahul,Other,Clothing,3,3206.34,UPI,Delivered,Chennai,5
3987,16436,,Male,Furniture,3,2326.32,UPI,Delivered,Chennai,4
2326,13190,Sneha,Female,Electronics,8,,Cash,Delivered,Delhi,5
1520,18414,Priya,Male,Electronics,1,4854.27,Card,Delivered,Pune,5
1918,16005,,Female,Clothing,3,4852.93,Card,Delivered,Hyderabad,4
2790,12502,Priya,Female,Grocery,7,4412.51,Net Banking,Delivered,Delhi,5
4553,10751,Ravi,Female,Clothing,6,4386.19,Net Banking,Pending,Kolkata,3
1253,19290,Kiran,Male,Books,4,2239.27,Cash,Delivered,Bangalore,5
4550,10005,Neha,Female,Books,2,793.59,Net Banking,Delivered,Mumbai,3
1679,14787,Kiran,Male,Books,1,3846.22,Net Banking,Delivered,Kolkata,3
1850,18527,Anuja,Female,Books,6,,Card,Delivered,Pune,4
4163,10209,Neha,Male,Books,1,2297.8,UPI,Delivered,Hyderabad,5
2286,19168,Arjun,Female,Clothing,8,317.95,UPI,Delivered,Bangalore,4
2695,17980,Amit,Male,Books,1,1900.51,Cash,Pending,Chennai,3
1824,13416,Ravi,Female,Grocery,8,,UPI,Delivered,Hyderabad,4
3878,13782,Priya,Male,Grocery,3,4747.66,Net Banking,Delivered,Delhi,4
2002,12738,Neha,Male,Clothing,3,4816.79,Cash,Delivered,Pune,5
3852,12580,Kiran,Male,Furniture,4,4744.4,UPI,Delivered,Delhi,5
2791,11884,Neha,Female,Books,7,271.23,Net Banking,Delivered,Chennai,3
4709,10944,Ravi,Male,Electronics,3,1466.69,UPI,Delivered,Delhi,4
4806,14541,Sneha,Female,Clothing,2,3275.99,Card,Delivered,Bangalore,4
4005,14708,Amit,Female,Furniture,1,3796.75,Net Banking,Pending,Bangalore,3
2786,16936,Arjun,Male,Electronics,7,1112.93,Cash,Cancelled,,2
4134,10745,Rahul,Male,Clothing,1,1317.99,Cash,Delivered,Pune,5
4662,17146,Neha,Female,Furniture,7,3971.02,UPI,Delivered,Pune,4
2492,16010,Pooja,Male,Books,8,2029.49,UPI,Delivered,Hyderabad,4
4988,13037,Ravi,Female,Furniture,9,4118.15,Card,Delivered,Kolkata,3
2491,15399,Neha,Female,Electronics,2,4843.01,Net Banking,Cancelled,Pune,3
4453,12567,Ravi,Female,Electronics,4,700.61,Net Banking,Delivered,Chennai,3
1530,18933,,Male,Clothing,1,3971.52,Card,Pending,Pune,3
4990,16843,Anuja,Female,Electronics,1,3619.98,Net Banking,Delivered,Chennai,5
2366,13600,Amit,Female,Furniture,6,650.05,Card,Delivered,Hyderabad,5
2269,13811,Kiran,Male,Electronics,9,376.49,Net Banking,Delivered,Pune,4
3231,11009,,Male,Clothing,8,4492.07,UPI,Delivered,Mumbai,4
1593,19984,Sneha,Male,Electronics,6,3493.95,Card,Delivered,Mumbai,3
1452,19335,Priya,Female,Furniture,8,1374.95,,Delivered,Delhi,5
2191,15250,Rahul,Male,Books,1,2231.29,Cash,Delivered,Delhi,3
4331,15855,Anuja,Female,Books,2,2165.55,Net Banking,Delivered,Pune,3
3333,12439,Neha,Female,Clothing,9,757.6,Cash,Returned,Mumbai,2
3220,18281,Neha,Female,Furniture,1,807.98,UPI,Delivered,Hyderabad,3
4177,14145,Arjun,Male,Furniture,7,168.45,UPI,Delivered,Pune,3
4884,17736,,Female,Furniture,5,,Net Banking,Delivered,Chennai,4
4259,10642,Rahul,Male,Grocery,6,2542.96,,Pending,Hyderabad,3
2648,13557,Kiran,Female,Furniture,5,1131.67,UPI,Delivered,Bangalore,4
3631,11845,Kiran,Female,Furniture,9,3467,Net Banking,Returned,Kolkata,2
2506,12976,Neha,Female,Electronics,9,1024.58,UPI,Delivered,Pune,4
4839,11516,Arjun,Male,Grocery,8,4297.61,UPI,Delivered,Bangalore,4
3928,10613,Neha,Female,Clothing,2,3351.34,Net Banking,Delivered,Hyderabad,4
2319,12478,Pooja,Male,Furniture,3,2009.3,Card,Delivered,Kolkata,4
2855,17937,Pooja,Male,Electronics,2,4697.56,UPI,Pending,Delhi,4
2401,19675,,Male,Electronics,4,446.26,Card,Delivered,,3
4909,10768,Rahul,Female,Books,4,3568.18,Cash,Delivered,Mumbai,4
2947,16655,Priya,Male,Books,2,3556.31,Cash,Delivered,Mumbai,4
4468,10594,Amit,Female,Books,5,4745.68,UPI,Delivered,Delhi,4
4710,12735,Rahul,Other,Clothing,7,2315.67,Cash,Delivered,Hyderabad,5
1671,18804,Ravi,Female,Books,2,2016.83,Cash,Cancelled,Delhi,2
2317,19187,Pooja,Female,Clothing,8,3885.58,Net Banking,Cancelled,,2
1917,15192,Priya,Female,Furniture,2,1148.97,Cash,Delivered,Kolkata,4
4629,13406,Pooja,Female,Electronics,1,2170.92,Cash,Delivered,Hyderabad,5
3387,16832,Ravi,Male,Furniture,8,4037.6,Net Banking,Delivered,Pune,4
1071,15765,Amit,Male,Grocery,3,3983.22,Card,Delivered,,4
2944,13247,Pooja,Female,Books,6,4720.29,UPI,Delivered,Pune,3
2567,16981,Ravi,Female,Grocery,6,3216.98,Card,Delivered,Bangalore,4
3090,10591,Amit,Female,Electronics,2,1691.16,Net Banking,Delivered,Chennai,4
1021,15733,Neha,Female,Electronics,8,2110.71,Cash,Delivered,Kolkata,4
3913,11439,,Male,Furniture,3,,Net Banking,Pending,Bangalore,3
3352,18638,Pooja,Female,Furniture,5,563.53,Card,Delivered,Hyderabad,4
1558,12523,Priya,Male,Electronics,7,1043.68,Card,Delivered,Bangalore,5
4297,11310,Priya,Male,Grocery,3,3951.85,Cash,Delivered,Chennai,5
4348,19749,Anuja,Female,Clothing,7,4793.22,Net Banking,Pending,Mumbai,2
3563,17496,Amit,Female,Books,6,1146.29,Card,Delivered,Chennai,3
3497,14621,Kiran,Female,Electronics,5,869.55,Card,Pending,,3
2193,17325,Priya,Male,Furniture,6,,Cash,Delivered,Chennai,5
3540,13767,Rahul,Female,Grocery,3,1650.45,Cash,Pending,Delhi,3
4423,15109,Pooja,Male,Grocery,6,3239.78,UPI,Cancelled,Kolkata,3
2863,19894,Ravi,Female,Clothing,8,,Cash,Delivered,Bangalore,4
1390,12691,,Male,Books,4,2710.75,Card,Delivered,Pune,4
2880,14825,Anuja,Other,Books,9,3588.37,Cash,Delivered,Kolkata,4
4970,11168,Ravi,Female,Books,6,435.48,Cash,Delivered,Delhi,4
1636,13093,Pooja,Female,Clothing,4,2639.12,Cash,Delivered,Kolkata,3
1249,13521,,Male,Grocery,5,4733.11,Cash,Delivered,Bangalore,4
3784,14255,Anuja,Female,Electronics,5,2046.5,Cash,Delivered,Mumbai,4
4905,11254,Anuja,Female,Electronics,5,160.48,UPI,Delivered,Pune,4
4940,12366,Ravi,Female,Furniture,3,4916.2,Card,Delivered,Kolkata,3
4655,17475,Neha,Male,Books,5,4036.7,UPI,Returned,Hyderabad,2
4935,14459,Priya,Other,Clothing,1,337.08,Net Banking,Delivered,Bangalore,5
3782,10358,Arjun,Male,Electronics,4,3435.41,Card,Delivered,Bangalore,4
2510,16613,Priya,Male,Grocery,2,2235.62,UPI,Delivered,Pune,4
4332,17263,Ravi,Female,Grocery,8,506.61,Cash,Delivered,Chennai,5
2872,10012,Neha,Male,Grocery,8,4521.68,Net Banking,Pending,Bangalore,3
1699,17923,Sneha,Male,Furniture,4,4642.42,Cash,Delivered,Hyderabad,4
1380,10449,Rahul,Male,Grocery,9,257.77,Card,Pending,Mumbai,3
2224,14898,Arjun,Male,Books,9,4618.2,UPI,Delivered,Pune,4
3003,14217,,Male,Books,6,4182.85,UPI,Delivered,Bangalore,4
2450,12340,Sneha,Female,Books,7,2665.61,Net Banking,Delivered,Mumbai,4
3606,14177,Rahul,Male,Furniture,6,1507.99,Cash,Delivered,Pune,4
4804,15499,Amit,Male,Furniture,9,2153.49,Net Banking,Delivered,Hyderabad,4
1645,15396,Sneha,Female,Grocery,7,3033.56,Cash,Delivered,Pune,3
1320,19256,Ravi,Male,Furniture,7,,UPI,Cancelled,Mumbai,3
1844,18834,Kiran,Female,Clothing,3,1215.81,UPI,Delivered,Kolkata,5
1441,11292,Pooja,Female,Clothing,8,494.35,Cash,Cancelled,Hyderabad,1
2685,11131,Priya,Female,Clothing,3,2923.19,Cash,Delivered,Hyderabad,4
1565,18506,Rahul,Male,Books,5,808.49,Cash,Pending,,4
4020,15166,Arjun,Male,Furniture,9,2224.59,Cash,Delivered,Bangalore,4
1269,10382,Neha,Male,Books,1,1194.78,Cash,Delivered,Mumbai,5
1444,13082,Arjun,Male,Electronics,5,1477.61,,Pending,Chennai,3
1661,18437,Arjun,Female,Furniture,2,779.51,Card,Delivered,Chennai,5
2029,14087,Ravi,Female,Clothing,6,,Net Banking,Pending,Chennai,2
2009,19950,Arjun,Male,Books,9,2443.44,UPI,Delivered,Chennai,4
1615,13521,Sneha,Male,Books,7,1386.56,UPI,Delivered,Mumbai,4
2348,11022,Pooja,Female,Furniture,5,2668.07,UPI,Cancelled,Mumbai,3
2166,18540,Kiran,Female,Furniture,1,4341.87,Cash,Cancelled,Bangalore,2
2387,12506,Kiran,Male,Furniture,3,,Card,Delivered,Mumbai,4
2058,16437,Kiran,Male,Furniture,7,420.75,UPI,Delivered,Hyderabad,3
1386,10722,Arjun,Other,Electronics,2,4407.21,Net Banking,Delivered,Mumbai,4
1692,16196,Priya,Male,Books,5,970.51,,Delivered,,5
4266,19120,Rahul,Male,Books,3,3130.2,Net Banking,Pending,Kolkata,2
3335,18027,Amit,Male,Grocery,3,4556.92,Card,Pending,Pune,3
4504,11828,Sneha,Male,Electronics,6,4026.01,Cash,Delivered,Pune,4
3482,17181,Pooja,Male,Grocery,9,1957.76,Card,Pending,Kolkata,4
4001,17740,Anuja,Male,Electronics,5,,Net Banking,Delivered,Delhi,4
1448,17102,Pooja,Female,Books,4,1848.95,Card,Delivered,Chennai,4
4658,15161,Rahul,Female,Grocery,4,1624.04,UPI,Delivered,Pune,4
2636,16961,,Male,Clothing,6,2109.42,Cash,Delivered,Delhi,4
3298,17144,Ravi,Other,Clothing,3,1415.96,UPI,Delivered,Chennai,4
3330,18441,Sneha,Male,Grocery,4,4946.39,Card,Cancelled,Pune,1
2092,16806,Ravi,Female,Electronics,8,2487.33,Net Banking,Delivered,Kolkata,5
2931,16702,Neha,Male,Furniture,5,3793.78,Card,Delivered,Kolkata,4
1243,18669,Amit,Female,Grocery,4,1094.93,UPI,Delivered,Chennai,4
3645,18594,Arjun,Female,Books,6,,Card,Pending,Chennai,3
3875,14310,Arjun,Female,Clothing,1,3636.74,Cash,Cancelled,Pune,2
1851,12063,Priya,Female,Grocery,3,3600.14,Net Banking,Delivered,Delhi,3
2612,11104,Pooja,Male,Electronics,5,3637.45,Cash,Cancelled,Bangalore,1
1834,11593,,Male,Grocery,6,4294.25,UPI,Cancelled,Delhi,1
4597,14663,Priya,Male,Electronics,9,2933.21,UPI,Delivered,Chennai,4
2009,14747,Sneha,Female,Books,3,3551.85,Net Banking,Delivered,Bangalore,4
1303,13574,Rahul,Male,Furniture,8,1839.99,UPI,Delivered,Pune,4
3060,11005,Neha,Male,Clothing,3,4821.94,UPI,Delivered,Pune,4
1306,13822,Kiran,Female,Furniture,9,1047.3,Net Banking,Delivered,Chennai,4
4503,12502,Sneha,Male,Clothing,8,4104.4,Cash,Delivered,Delhi,4
1580,15179,Arjun,Female,Grocery,5,3172.74,UPI,Delivered,Delhi,4
4998,15646,Neha,Female,Grocery,1,2665.62,Cash,Cancelled,Pune,2
3278,12881,Arjun,Male,Furniture,6,3694.91,Cash,Cancelled,Delhi,3
2184,13669,Neha,Male,Electronics,6,3849.21,UPI,Pending,Chennai,4
1470,17140,Pooja,Female,Furniture,6,1955.24,Cash,Delivered,Chennai,5
3805,12433,Priya,Male,Grocery,6,,Net Banking,Delivered,Pune,5
3839,12507,Sneha,Female,Books,5,746.75,Net Banking,Pending,Kolkata,3
3070,10743,Neha,Other,Books,4,2703.84,Card,Pending,Mumbai,2
2172,14619,Priya,Male,Grocery,4,3041.41,UPI,Delivered,Chennai,4
1555,19218,Anuja,Male,Books,1,2453.41,Card,Pending,Kolkata,3
2821,14116,Kiran,Female,Grocery,4,3318.42,Net Banking,Pending,Hyderabad,3
2098,17062,Pooja,Male,Furniture,7,3599.93,UPI,Delivered,Kolkata,4
3103,18138,Amit,Male,Electronics,2,1510.47,UPI,Delivered,Pune,4
3318,10152,Priya,Male,Books,5,1994.21,UPI,Delivered,Chennai,4
4041,14108,Arjun,Female,Furniture,3,4621.15,Cash,Delivered,Kolkata,5
2970,11918,Rahul,Female,Electronics,6,1622.3,,Delivered,Hyderabad,3
2496,16238,Neha,Male,Furniture,8,3638.62,UPI,Cancelled,Delhi,2
4447,13154,Anuja,Female,Electronics,9,318.6,Net Banking,Delivered,Pune,4
3412,17187,Anuja,Female,Books,6,3783.55,Cash,Delivered,Mumbai,5
3363,18075,Kiran,Female,Clothing,1,3612.85,Net Banking,Delivered,Hyderabad,4
1579,12511,Amit,Female,Clothing,4,2014.46,Cash,Cancelled,,1
1833,12226,Sneha,Male,Clothing,8,3611.54,Net Banking,Delivered,Kolkata,4
4773,17874,Arjun,Female,Furniture,4,3176.14,Cash,Pending,Pune,2
3901,17846,Anuja,Female,Books,1,2620,UPI,Pending,Bangalore,3
3155,10991,Rahul,Female,Clothing,6,2675.5,UPI,Delivered,Mumbai,5
2727,18562,Rahul,Male,Clothing,5,1323.3,Cash,Delivered,Bangalore,4
1329,13696,Kiran,Female,Furniture,2,3127.84,Card,Delivered,Hyderabad,5
3719,10560,Pooja,Female,Furniture,4,1590.96,Card,Delivered,Chennai,4
2350,17054,Neha,Male,Furniture,8,4930.05,UPI,Delivered,Chennai,5
2906,17956,Rahul,Male,Grocery,5,536.3,Card,Delivered,Hyderabad,4
3652,17965,Pooja,Male,Grocery,6,,Cash,Delivered,Delhi,5
3493,15981,Kiran,Male,Clothing,2,2120.74,Net Banking,Delivered,Delhi,4
1473,12689,Rahul,Female,Furniture,1,1086.94,Net Banking,Pending,Kolkata,3
2140,19945,Neha,Male,Clothing,8,2292.99,UPI,Delivered,Bangalore,4
3017,18699,Kiran,Female,Clothing,1,1460.42,Cash,Cancelled,Pune,2
1979,16055,Amit,Male,Grocery,6,3486.65,Card,Delivered,Pune,4
4809,11612,Neha,Male,Electronics,5,262.73,Net Banking,Cancelled,Pune,1
4831,15443,Arjun,Female,Books,3,543.29,Card,Pending,Kolkata,2
4977,10325,Neha,Male,Clothing,3,2696.94,Net Banking,Delivered,Pune,4
1956,17785,Pooja,Female,Clothing,2,369.84,Net Banking,Delivered,Chennai,5
4110,12099,Amit,Male,Clothing,6,3474.55,UPI,Delivered,Bangalore,4
2889,15624,,Female,Electronics,9,1326.4,,Delivered,Kolkata,4
4284,17856,Kiran,Male,Books,7,2000,Net Banking,Pending,Mumbai,4
3126,16673,Ravi,Female,Clothing,6,3995.51,Cash,Delivered,Kolkata,4
4087,17701,Anuja,Male,Furniture,4,4133.16,,Cancelled,Pune,1
1443,13712,Arjun,Female,Books,7,292.97,Cash,Delivered,Kolkata,4
1729,13262,Sneha,Female,Clothing,1,3797.05,Cash,Delivered,Delhi,3
1837,14312,Arjun,Male,Books,9,2878.67,Card,Delivered,Delhi,4
3841,14896,Rahul,Female,Clothing,4,1680.06,Card,Delivered,Bangalore,4
4657,14268,Ravi,Male,Clothing,1,434.05,UPI,Delivered,Kolkata,4
4773,11585,Priya,Female,Grocery,1,3772.05,UPI,Delivered,Pune,3
3924,18422,Priya,Male,Grocery,7,1674.2,Net Banking,Delivered,Pune,4
2469,10436,Amit,Male,Electronics,9,3308.21,UPI,Pending,Mumbai,3
3549,15970,Anuja,Male,Furniture,8,234.95,UPI,Delivered,Kolkata,4
2655,10910,Neha,Other,Furniture,9,2462.99,Cash,Delivered,Hyderabad,4
3814,18184,Amit,Male,Books,9,2185.73,UPI,Pending,Chennai,3
4394,11293,Ravi,Female,Grocery,3,1193.44,Card,Delivered,Mumbai,4
4416,16627,Arjun,Female,Furniture,9,476.53,UPI,Delivered,Hyderabad,4
3431,15890,Rahul,Male,Books,9,1636.35,Net Banking,Delivered,Kolkata,4
2116,18273,Arjun,Male,Electronics,6,4152.78,Card,Delivered,Delhi,3
4855,18656,Pooja,Female,Grocery,4,878.69,Cash,Returned,Chennai,3
1264,10068,Ravi,Male,Furniture,5,102.81,,Delivered,Chennai,5
2560,11259,Pooja,Female,Furniture,6,2186.81,Cash,Delivered,Kolkata,4
1324,13359,Kiran,Male,Grocery,9,724.46,Cash,Delivered,Bangalore,4
1162,13708,Anuja,Female,Furniture,1,614.91,UPI,Delivered,Hyderabad,4
1444,13730,Rahul,Female,Furniture,6,3261.23,Net Banking,Delivered,Bangalore,4
3195,17105,Sneha,Male,Electronics,3,,Card,Delivered,,4
2136,11471,Pooja,Female,Furniture,9,2777.71,Net Banking,Delivered,Bangalore,4
2463,15878,Priya,Male,Furniture,6,4278.33,Net Banking,Pending,,2
2866,11095,Arjun,Male,Electronics,3,2716.52,UPI,Delivered,Bangalore,5
1225,15668,Pooja,Female,Clothing,4,4197.35,Card,Delivered,Bangalore,4
2923,13857,Rahul,Male,Books,1,3123.2,Net Banking,Pending,Hyderabad,3
4389,12224,Rahul,Female,Grocery,5,1376.68,Cash,Delivered,Chennai,5
4980,17524,Rahul,Male,Clothing,4,2333.58,Net Banking,Delivered,Chennai,4
1668,17813,Kiran,Male,Electronics,9,4739.37,Card,Pending,Mumbai,3
2838,14427,Neha,Female,Clothing,1,163.7,Card,Cancelled,Bangalore,2
3365,11017,Kiran,Female,Electronics,4,116.01,UPI,Delivered,Hyderabad,4
2564,18083,Kiran,Male,Books,1,689.78,UPI,Delivered,Delhi,4
2676,16926,Rahul,Female,Furniture,9,1042.7,UPI,Pending,,3
3158,18737,Arjun,Male,Books,7,4982.65,Net Banking,Delivered,Delhi,3
1768,11904,Ravi,Male,Clothing,9,956.61,Cash,Cancelled,Mumbai,3
4838,16472,Priya,Other,Grocery,4,4606.46,Card,Delivered,Chennai,4
4106,16764,Amit,Female,Furniture,4,2529.76,Cash,Pending,Hyderabad,3
1180,12785,Amit,Female,Grocery,8,1551.7,Net Banking,Delivered,Bangalore,4
1928,12341,Amit,Female,Furniture,8,3322.6,UPI,Delivered,Pune,4
1569,10909,Amit,Male,Electronics,2,1198.99,Cash,Pending,Chennai,3
4147,14773,Rahul,Female,Books,2,2954.97,Card,Pending,,4
4048,14923,Arjun,Female,Clothing,6,4780.9,Card,Delivered,Chennai,4
4093,14725,Amit,Male,Furniture,6,835.51,Cash,Delivered,Chennai,4
2708,14005,,Female,Clothing,9,4624.37,UPI,Delivered,Pune,5
2229,15248,Pooja,Female,Furniture,1,,Net Banking,Delivered,Chennai,4
4985,11561,Sneha,Male,Electronics,3,2870.02,Net Banking,Delivered,Chennai,3
1193,16457,Anuja,Female,Clothing,9,1622.49,Card,Delivered,Mumbai,3
1876,10048,Rahul,Female,Furniture,3,1796.03,Card,Delivered,Delhi,4
4693,16560,Ravi,Female,Books,3,710.82,Card,Cancelled,Hyderabad,1
1946,10877,Rahul,Female,Furniture,4,639.07,UPI,Delivered,Mumbai,4
1077,18701,Anuja,Female,Furniture,7,2085.87,Card,Delivered,Pune,5
4120,16639,Ravi,Male,Books,5,3536.48,UPI,Pending,Pune,3
3861,17105,Rahul,Female,Furniture,3,3586.34,Net Banking,Pending,Hyderabad,3
2942,14721,Amit,Male,Grocery,2,144.76,Card,Delivered,Pune,4
2911,12978,Sneha,Other,Books,4,3857.61,UPI,Cancelled,Chennai,2
4486,16611,Anuja,Male,Furniture,7,1462.19,Cash,Delivered,,4
3469,19966,Amit,Female,Books,2,1252.92,Card,Pending,Chennai,3
2700,12934,Rahul,Male,Furniture,9,387.74,Card,Delivered,Pune,4
2343,11461,Sneha,Female,Clothing,8,4305.95,UPI,Delivered,Bangalore,3
2751,12612,Neha,Male,Furniture,3,,UPI,Delivered,Mumbai,4
3292,14052,Kiran,Female,Furniture,1,,Card,Delivered,Mumbai,5
4168,10079,Neha,Female,Electronics,1,2502.81,Card,Cancelled,Mumbai,1
1046,19552,Pooja,Male,Clothing,7,3569.03,Card,Delivered,,4
4692,10477,Anuja,Male,Clothing,1,3315.3,Card,Delivered,Delhi,4
1201,15270,Ravi,Male,Books,9,3993.18,Card,Delivered,,5
4762,12989,Anuja,Male,Books,3,4344.05,UPI,Returned,,2
2368,13044,Anuja,Female,Electronics,1,2668.48,Cash,Delivered,Bangalore,4
4061,11785,Rahul,Female,Books,9,1358.56,Net Banking,Delivered,,4
2405,17148,Anuja,Male,Clothing,7,3354.55,Cash,Delivered,Mumbai,4
3504,14348,Ravi,Male,Grocery,7,1503.61,UPI,Cancelled,Hyderabad,2
2274,11025,Sneha,Male,Grocery,1,412.77,,Delivered,Kolkata,3
3697,12590,Kiran,Female,Clothing,8,4282.01,Cash,Delivered,Hyderabad,3
4791,18830,Ravi,Male,Books,9,,Card,Pending,Bangalore,4
1374,19776,Amit,Female,Furniture,5,3366.17,,Delivered,Chennai,4
4854,14329,,Female,Furniture,7,,Net Banking,Pending,Chennai,2
3708,17476,Arjun,Male,Books,8,1529.75,Cash,Pending,Chennai,3
3626,19761,Priya,Other,Clothing,2,1675.08,Card,Cancelled,Mumbai,1
1877,18879,Rahul,Female,Grocery,1,1237.83,Card,Pending,Pune,3
3699,15691,Amit,Female,Furniture,9,3528.15,Net Banking,Delivered,Mumbai,4
3165,18950,Sneha,Male,Books,9,1195.49,UPI,Pending,Pune,3
2836,10723,Arjun,Female,Clothing,3,824.24,Card,Delivered,Pune,4
1139,11500,Pooja,Female,Clothing,3,347.34,Card,Delivered,Hyderabad,4
4557,13749,,Female,Clothing,5,3781.1,Net Banking,Pending,Hyderabad,3
4342,16829,Neha,Female,Clothing,2,1418.27,UPI,Delivered,Hyderabad,4
2347,18613,Pooja,Female,Electronics,9,4612.56,Card,Delivered,Pune,4
1631,12215,Priya,Female,Electronics,8,3962.55,Net Banking,Pending,,3
3161,11211,Priya,Female,Grocery,7,798.53,Net Banking,Cancelled,Pune,3
3927,17222,Neha,Male,Clothing,9,3314.9,UPI,Delivered,Kolkata,4
4033,14846,Kiran,Female,Books,9,4702.35,UPI,Delivered,Delhi,4
3281,17989,Pooja,Female,Electronics,2,3074.48,UPI,Pending,Bangalore,4
4021,18619,Neha,Male,Furniture,3,3954.51,Net Banking,Cancelled,Chennai,2
1487,13954,Ravi,Male,Books,3,3923.72,UPI,Delivered,Mumbai,5
3978,10008,Rahul,Female,Furniture,3,502.72,Net Banking,Delivered,Bangalore,4
1146,16858,Anuja,Female,Clothing,3,2030.6,Net Banking,Pending,Chennai,3
2431,15036,Ravi,Male,Electronics,3,1632.23,Net Banking,Pending,Delhi,3
2825,16953,Amit,Female,Books,4,3446.78,UPI,Delivered,Delhi,4
4025,15484,Rahul,Male,Furniture,5,2077.61,Card,Pending,Bangalore,3
1536,18427,Pooja,Female,Electronics,7,208.66,Card,Pending,Bangalore,4
4966,19087,Sneha,Female,Electronics,6,1614.26,UPI,Delivered,Kolkata,3
2884,18021,Pooja,Male,Electronics,6,897.61,UPI,Delivered,Delhi,4
1361,11620,Amit,Male,Books,4,1105.27,Card,Delivered,Kolkata,3
3504,13413,Pooja,Male,Clothing,8,,Card,Delivered,Delhi,5
3506,14197,Neha,Male,Clothing,5,1180.36,UPI,Delivered,Hyderabad,4
3378,15206,Priya,Male,Furniture,4,2602.28,Card,Delivered,Kolkata,4
1719,10105,Pooja,Female,Electronics,1,4160.55,Cash,Cancelled,Kolkata,3
2098,15906,Sneha,Female,Electronics,4,1420.81,Card,Delivered,,4
2096,17851,Rahul,Male,Electronics,6,520.14,Cash,Delivered,Kolkata,3
2465,10109,Sneha,Female,Electronics,6,2834.7,Net Banking,Delivered,,4
2246,10320,Ravi,Female,Grocery,8,610.58,Net Banking,Delivered,Hyderabad,4
2461,13029,Neha,Female,Books,1,3491.87,Cash,Delivered,Hyderabad,5
2332,17459,Neha,Female,Clothing,3,2014,Card,Delivered,Kolkata,5
2011,10588,Rahul,Male,Books,6,3436.96,Net Banking,Pending,Hyderabad,3
2032,14326,Ravi,Male,Grocery,7,2662.43,UPI,Delivered,Bangalore,5
1212,10354,Pooja,Male,Clothing,7,,UPI,Delivered,Mumbai,4
1649,17485,,Male,Electronics,2,3081.65,Card,Pending,Delhi,3
2984,15150,Ravi,Male,Grocery,2,2412.85,Cash,Delivered,Bangalore,4
1648,19408,Amit,Male,Furniture,9,1047.46,Net Banking,Delivered,Kolkata,4
1944,18967,Neha,Female,Furniture,8,253.56,Net Banking,Delivered,Kolkata,4
2977,19468,Priya,Other,Grocery,4,,Card,Delivered,Hyderabad,4
1446,11596,,Female,Books,8,2803.17,Net Banking,Delivered,Hyderabad,4
1659,14846,Rahul,Male,Furniture,9,4183.03,Card,Cancelled,Bangalore,2
2842,10839,Arjun,Female,Furniture,3,3558.35,Net Banking,Cancelled,Hyderabad,2
1374,16875,Arjun,Male,Clothing,3,148.42,Cash,Delivered,Kolkata,3
3845,13543,Anuja,Female,Books,5,3798.82,,Delivered,Chennai,5
1395,14916,Rahul,Female,Clothing,5,,Cash,Cancelled,Hyderabad,2
1678,14001,Rahul,Male,Grocery,4,,Net Banking,Delivered,Delhi,3
1546,12956,Rahul,Male,Books,1,4065.28,Net Banking,Delivered,Kolkata,4
2439,14803,Ravi,Female,Electronics,5,,Card,Pending,Kolkata,4
1165,17000,Priya,Male,Grocery,8,244.54,UPI,Delivered,Bangalore,4
3566,12415,Rahul,Other,Furniture,9,311.11,,Delivered,Hyderabad,5
4500,14100,Priya,Other,Furniture,5,654.62,Net Banking,Delivered,Mumbai,4
3847,18118,Amit,Male,Books,5,3107.66,Card,Returned,Kolkata,2
3958,19957,Anuja,Female,Furniture,3,2254.56,,Delivered,Kolkata,4
2985,12802,Arjun,Male,Grocery,7,4283.01,,Pending,Mumbai,2
3895,17860,Sneha,Female,Books,9,,Card,Delivered,Delhi,4
2226,15660,Kiran,Female,Clothing,4,4141.09,Cash,Delivered,Kolkata,5
3959,17945,Rahul,Male,Furniture,8,2248.85,Card,Delivered,Bangalore,4
1920,18444,Sneha,Male,Furniture,2,1238.99,Cash,Delivered,Mumbai,4
1769,15735,Sneha,Female,Clothing,9,3871.85,UPI,Delivered,Kolkata,5
1991,16554,Arjun,Male,Grocery,5,3732.26,Net Banking,Delivered,Kolkata,4
1709,10085,Ravi,Male,Grocery,5,519.16,,Returned,Bangalore,2
4060,13645,Arjun,Female,Electronics,4,3175.32,UPI,Delivered,Hyderabad,5
1770,16446,Arjun,Female,Grocery,9,1291.29,UPI,Delivered,Hyderabad,4
2938,13781,,Female,Clothing,6,,Net Banking,Delivered,Pune,4
3274,10070,Kiran,Female,Books,7,1096.62,UPI,Delivered,Hyderabad,4
2884,14486,Arjun,Male,Electronics,6,4645.89,UPI,Delivered,Hyderabad,5
1551,11420,Neha,Male,Books,9,1020.98,Net Banking,Returned,Bangalore,1
3257,19674,Rahul,Female,Furniture,6,4019.26,Card,Delivered,Chennai,3
3525,14122,Pooja,Male,Books,1,1691.82,Card,Delivered,Pune,4
3052,14051,Amit,Female,Furniture,2,3021.43,UPI,Delivered,Kolkata,3
1943,17340,Kiran,Female,Clothing,8,3375.7,Card,Pending,Chennai,2
1632,12787,Arjun,Male,Electronics,5,1033.55,Net Banking,Delivered,Pune,5
1615,10131,Rahul,Male,Books,5,737.92,Net Banking,Delivered,Pune,4
1194,10084,Neha,Male,Furniture,2,3877.74,Card,Delivered,Delhi,4
4974,11341,Rahul,Male,Furniture,9,3546.89,Cash,Delivered,Pune,4
2592,14862,Priya,Male,Grocery,9,1062.57,Net Banking,Delivered,Chennai,3
2988,18387,Neha,Male,Electronics,9,2540.31,Net Banking,Cancelled,Delhi,1
1129,14409,,Male,Books,8,1048.31,Net Banking,Delivered,Hyderabad,4
1598,15254,Neha,Female,Clothing,1,1552.23,Net Banking,Delivered,Hyderabad,3
2942,18614,Neha,Female,Electronics,7,2441.4,Card,Delivered,Mumbai,4
4440,17226,Amit,Female,Grocery,6,903.92,Card,Delivered,Pune,4
4829,15546,Rahul,Male,Grocery,3,3690.37,UPI,Delivered,Bangalore,4
1478,16194,Pooja,Female,Books,9,3726.56,Net Banking,Returned,Hyderabad,3
1621,16083,,Female,Clothing,7,2083.05,Net Banking,Delivered,Chennai,4
2983,10615,Arjun,Female,Furniture,7,3937.42,UPI,Cancelled,Chennai,2
3205,12886,Anuja,Male,Books,9,3574.75,Card,Pending,Delhi,3
1769,16737,Amit,Female,Clothing,9,2639.46,Cash,Pending,,3
3199,18759,Sneha,Male,Grocery,1,1970.45,Card,Delivered,Chennai,4
4502,10043,Ravi,Male,Grocery,6,412.56,Cash,Cancelled,Chennai,1
1555,10689,Arjun,Male,Electronics,5,3755.74,,Returned,Bangalore,2
4662,10324,Rahul,Male,Electronics,4,2484.82,Cash,Delivered,Chennai,4
4671,10236,Kiran,Female,Electronics,6,3507.56,Card,Delivered,Kolkata,4
4439,17926,Arjun,Male,Furniture,5,3844.21,Net Banking,Cancelled,Chennai,1
1136,18732,Anuja,Female,Clothing,8,3551.85,UPI,Delivered,Pune,4
1630,11294,Arjun,Male,Electronics,7,2664.45,Card,Delivered,,4
2523,17705,Sneha,Male,Books,4,2134.57,Cash,Delivered,Bangalore,4
2499,19628,Amit,Female,Grocery,2,987.85,Net Banking,Delivered,Mumbai,4
1896,19034,Ravi,Male,Books,8,,Net Banking,Delivered,Mumbai,5
2394,11832,Pooja,Male,Clothing,1,1330.21,Net Banking,Delivered,Pune,4
1089,10050,Neha,Female,Grocery,9,3317.98,UPI,Returned,Delhi,2
4687,11014,Sneha,Female,Clothing,1,1885.79,Card,Pending,Hyderabad,3
3012,13597,Arjun,Male,Books,1,1582.97,Net Banking,Delivered,Mumbai,4
3716,13138,Amit,Male,Grocery,8,769.98,,Delivered,Delhi,3
3060,12804,Amit,Female,Clothing,3,4889.68,Net Banking,Cancelled,Kolkata,2
1110,11109,Kiran,Female,Books,6,4556.27,Card,Delivered,Pune,3
2923,19910,Kiran,Female,Grocery,1,2719.07,Card,Delivered,Pune,3
4410,12045,Neha,Female,Clothing,5,200.56,Cash,Delivered,Kolkata,4
1580,10847,Neha,Female,Electronics,5,4108.77,Net Banking,Delivered,Delhi,4
2681,14861,Sneha,Female,Electronics,6,841.63,Net Banking,Pending,Pune,4
1817,11646,Ravi,Male,Clothing,5,1121.06,Card,Pending,Chennai,2
3474,11986,Anuja,Male,Clothing,2,4114.78,,Cancelled,Bangalore,2
3731,13491,Neha,Female,Books,4,4088.62,Net Banking,Delivered,Hyderabad,4
1123,18705,Sneha,Female,Furniture,3,3634.48,,Delivered,Chennai,4
3311,13007,Kiran,Female,Furniture,9,2165.37,Card,Delivered,Bangalore,5
1095,17674,Neha,Male,Furniture,8,1031.92,UPI,Pending,Bangalore,3
4104,15283,Priya,Female,Furniture,3,1292.24,UPI,Delivered,Pune,4
1191,19806,Arjun,Female,Grocery,7,3622,UPI,Delivered,Pune,3
1362,17903,Sneha,Male,Books,8,3798.72,Card,Delivered,Kolkata,3
4911,16576,Kiran,Female,Electronics,2,2105.08,Net Banking,Delivered,Kolkata,3
2865,13431,Amit,Female,Electronics,1,200.02,Card,Delivered,Bangalore,4
4093,12011,Anuja,Female,Books,1,1913.45,Net Banking,Delivered,Chennai,4
3786,11620,Rahul,Male,Electronics,6,3018.29,Cash,Delivered,Mumbai,4
1034,16734,Anuja,Male,Electronics,8,4203.84,Card,Delivered,Mumbai,4
2982,16539,Kiran,Female,Books,9,2155.57,UPI,Delivered,Mumbai,5
1888,18530,Rahul,Male,Electronics,4,3895.78,Card,Delivered,Kolkata,4
1707,14102,Arjun,Female,Electronics,6,2401.26,Card,Delivered,Pune,5
1104,16748,Sneha,Male,Clothing,8,1315.19,Cash,Delivered,Chennai,4
3085,12024,Neha,Male,Books,2,2573.81,UPI,Delivered,Bangalore,4
3209,13400,Pooja,Male,Electronics,2,1952.83,Card,Delivered,Hyderabad,5
2120,10368,Sneha,Male,Grocery,4,3453.06,UPI,Delivered,Pune,3
4681,16724,Neha,Male,Clothing,3,809.58,UPI,Returned,Pune,2
2252,10012,Kiran,Male,Electronics,8,2457.62,UPI,Delivered,Delhi,5
2691,18708,Neha,Female,Grocery,4,4675.7,UPI,Cancelled,Mumbai,3
4887,12783,,Male,Books,7,3872.8,Card,Delivered,Chennai,4
3870,19197,Neha,Female,Furniture,9,275.25,Net Banking,Cancelled,Chennai,2
1873,17619,Neha,Female,Clothing,9,772.88,UPI,Delivered,Delhi,5
2887,11275,Priya,Female,Clothing,1,2068.43,Card,Delivered,Bangalore,5
4847,16030,Priya,Male,Furniture,4,2621.51,,Pending,Kolkata,4
3181,17931,Sneha,Female,Clothing,1,260.49,Net Banking,Pending,Mumbai,4
2365,18461,Neha,Female,Electronics,6,2701.72,UPI,Delivered,Hyderabad,4
1615,14859,Amit,Male,Clothing,7,4360.68,Card,Delivered,Kolkata,4
3520,12436,Priya,Male,Clothing,6,2639.98,Cash,Delivered,Kolkata,4
3334,17939,Arjun,Male,Grocery,7,4722.95,UPI,Pending,Mumbai,4
3872,15967,Rahul,Male,Electronics,5,4369.41,,Delivered,Kolkata,5
1596,14087,Kiran,Male,Electronics,4,4156.34,UPI,Cancelled,Pune,3
2460,10769,Ravi,Other,Clothing,6,3673.56,Card,Pending,Bangalore,3
1847,12292,Amit,Male,Grocery,8,4940.95,Cash,Delivered,Pune,4
2015,10355,Arjun,Female,Books,5,1613.78,UPI,Delivered,Hyderabad,3
2806,19223,Pooja,Male,Clothing,7,2796.24,Net Banking,Delivered,Hyderabad,4
4179,12673,Amit,Female,Electronics,8,3689.89,Net Banking,Cancelled,Delhi,2
3713,16506,Anuja,Male,Clothing,7,1137.43,Net Banking,Delivered,Bangalore,4
3678,13626,Anuja,Female,Clothing,9,294.94,UPI,Delivered,Hyderabad,4
4962,12739,Sneha,Female,Electronics,9,2829.57,,Delivered,Chennai,5
3953,10532,Priya,Male,Clothing,2,4552.07,Net Banking,Delivered,Chennai,3
2500,13064,Priya,Male,Clothing,5,962.81,Net Banking,Delivered,Mumbai,4
1374,16655,Priya,Female,Furniture,5,,Cash,Cancelled,Chennai,2
2372,11689,Neha,Male,Electronics,6,3194.76,Card,Delivered,Pune,5
1117,14841,Arjun,Female,Electronics,2,1176.07,Cash,Pending,Mumbai,3
3216,19650,Priya,Female,Electronics,2,,Cash,Delivered,Kolkata,4
4932,11376,Pooja,Female,Furniture,5,1660.2,Card,Delivered,Chennai,5
4010,13983,Pooja,Female,Clothing,5,1404.18,Cash,Delivered,Pune,5
4611,18260,Kiran,Male,Clothing,9,1840.25,Net Banking,Delivered,Delhi,4
2870,16854,Ravi,Female,Clothing,8,1933.4,UPI,Delivered,Mumbai,4
1464,17145,Kiran,Male,Electronics,3,4448.3,UPI,Pending,Delhi,3
1644,19745,Rahul,Male,Grocery,4,1933.15,Cash,Delivered,Kolkata,4
2147,11099,Priya,Male,Grocery,3,1943.18,UPI,Pending,Delhi,2
2307,17776,Priya,Female,Furniture,4,3237.39,Cash,Pending,Pune,3
4100,15501,Priya,Male,Clothing,3,626.79,UPI,Delivered,Chennai,4
3466,12997,Neha,Female,Electronics,5,2962.08,Net Banking,Delivered,Chennai,5
2629,10279,Arjun,Male,Electronics,1,1656.45,UPI,Delivered,Kolkata,4
4040,14458,Ravi,Female,Furniture,5,4049.54,Net Banking,Delivered,Bangalore,5
4508,17413,Anuja,Female,Furniture,8,3022.98,Net Banking,Delivered,,4
2243,10456,Neha,Male,Grocery,8,2632.39,Cash,Delivered,Mumbai,4
2958,12596,Priya,Male,Electronics,4,,UPI,Pending,Kolkata,3
3274,13231,Anuja,Male,Electronics,9,1263.61,Cash,Delivered,Kolkata,4
3277,13611,Sneha,Male,Furniture,3,1286.96,UPI,Delivered,Mumbai,5
3711,10755,Anuja,Male,Electronics,1,4385.76,Net Banking,Delivered,Kolkata,3
4252,10999,Ravi,Female,Grocery,5,2139.58,Net Banking,Delivered,Pune,4
1719,18360,Anuja,Male,Books,1,3638.88,Cash,Pending,Kolkata,4
2139,18060,Anuja,Male,Grocery,1,911.57,Card,Returned,Kolkata,2
4256,10886,Pooja,Female,Furniture,3,2944.03,,Delivered,Pune,4
3410,18296,Pooja,Male,Books,5,2251.32,Cash,Cancelled,Mumbai,2
2369,18399,Sneha,Male,Grocery,2,505.36,Cash,Pending,Hyderabad,3
2511,10815,Pooja,Female,Books,4,2855.75,Cash,Delivered,Kolkata,5
1837,10636,Ravi,Male,Grocery,7,348.5,Net Banking,Delivered,Chennai,4
2717,15902,Priya,Female,Grocery,5,2197.22,Net Banking,Delivered,Hyderabad,4
1049,17021,Sneha,Male,Clothing,3,1344.7,Card,Delivered,Bangalore,4
1365,13612,Sneha,Female,Electronics,6,,Card,Delivered,Kolkata,4
4364,17077,Ravi,Male,Electronics,1,2395.76,Card,Delivered,Bangalore,4
3537,18278,Neha,Female,Electronics,7,1623.23,Cash,Cancelled,Chennai,2
3654,11107,Sneha,Female,Electronics,8,2536.26,Cash,Pending,Chennai,2
1939,13976,Kiran,Female,Electronics,1,1392.79,Net Banking,Pending,Delhi,2
4072,14102,Rahul,Male,Clothing,5,3030.13,Card,Pending,Delhi,4
2715,12658,Pooja,Male,Grocery,9,634.26,,Returned,Bangalore,3
3756,19024,Ravi,Female,Books,7,793.38,UPI,Delivered,Pune,4
4042,18498,Pooja,Female,Clothing,3,4646.56,Net Banking,Delivered,Chennai,3
2642,12324,Kiran,Female,Clothing,5,3618.62,Cash,Delivered,Hyderabad,3
1842,10061,Rahul,Female,Clothing,2,783.75,Net Banking,Delivered,Pune,3
4173,11716,Sneha,Male,Grocery,4,3620.89,Net Banking,Delivered,Hyderabad,4
3128,13243,Kiran,Male,Furniture,7,3483.65,UPI,Pending,Pune,3
2715,17796,Anuja,Male,Grocery,2,2047.48,Cash,Cancelled,Bangalore,2
3433,14637,Neha,Female,Clothing,2,4064.31,Card,Delivered,Pune,5
4526,18252,Rahul,Female,Clothing,5,4817.47,Net Banking,Delivered,Pune,5
3172,17851,Ravi,Other,Clothing,1,2589.29,UPI,Pending,Kolkata,3
1398,10437,Rahul,Other,Electronics,9,1760.28,Cash,Delivered,Delhi,4
4747,14061,Kiran,Male,Grocery,9,4963.85,UPI,Delivered,Hyderabad,4
2948,19860,Pooja,Male,Furniture,9,1257.8,Cash,Delivered,Hyderabad,4
3012,12877,Amit,Male,Electronics,1,4000.81,UPI,Delivered,,5
3789,13783,Ravi,Male,Electronics,4,1100.19,Card,Delivered,Hyderabad,3
3230,15175,Rahul,Male,Furniture,2,3774.82,Cash,Pending,Chennai,3
2088,10048,,Male,Electronics,1,3843.56,Cash,Delivered,,4
3939,12959,Rahul,Male,Clothing,6,2412.46,UPI,Delivered,Kolkata,4
1990,13944,Kiran,Female,Clothing,9,4037.77,UPI,Delivered,Chennai,4
3158,13842,Kiran,Male,Grocery,9,2575.93,Cash,Cancelled,Bangalore,1
1799,14018,Pooja,Male,Electronics,4,495,UPI,Pending,Kolkata,3
3496,14635,Anuja,Male,Grocery,4,,Cash,Delivered,Bangalore,4
1480,10800,Kiran,Male,Electronics,6,1674.21,Cash,Delivered,Bangalore,4
1389,19146,Priya,Male,Clothing,5,1445.68,Net Banking,Pending,Delhi,3
4073,10157,Neha,Male,Books,2,4177.63,Net Banking,Cancelled,Bangalore,2
2735,17443,Amit,Female,Grocery,2,136.92,Cash,Delivered,Mumbai,4
4648,12845,Ravi,Male,Clothing,3,339.21,Net Banking,Delivered,Bangalore,4
2763,18066,Anuja,Male,Books,5,957.15,Card,Delivered,Kolkata,4
1265,14233,Anuja,Male,Books,4,384.94,Card,Delivered,Delhi,4
3264,18963,Priya,Female,Furniture,8,2826.04,Cash,Delivered,Bangalore,3
1689,12314,Priya,Male,Furniture,6,2843.52,,Delivered,Delhi,5
1714,13695,Anuja,Male,Books,5,2309.98,Card,Cancelled,Pune,2
2001,12010,Sneha,Male,Electronics,3,528.98,Card,Cancelled,Bangalore,1
3324,13030,Pooja,Female,Books,1,3967.57,Cash,Delivered,Bangalore,3
4315,11672,Sneha,Female,Electronics,3,650.88,Card,Delivered,Hyderabad,5
4605,14167,Kiran,Female,Electronics,6,113.56,Card,Delivered,Pune,4
1758,19133,Arjun,Male,Furniture,5,1174.43,Cash,Pending,Hyderabad,3
2827,10710,Anuja,Male,Grocery,3,3524.82,,Cancelled,Chennai,2
4479,19314,Arjun,Female,Books,5,1380.22,,Delivered,Delhi,3
2235,16445,Rahul,Male,Electronics,8,3268.54,Net Banking,Delivered,Hyderabad,4
3556,11573,Neha,Male,Clothing,9,2741.19,Net Banking,Cancelled,Delhi,2
3140,13118,Amit,Male,Furniture,6,4363.07,Cash,Returned,Delhi,3
3143,16093,Priya,Female,Clothing,6,4035.36,Cash,Delivered,Mumbai,3
1603,18636,Amit,Male,Books,8,3153.15,,Delivered,Hyderabad,4
3231,19082,Arjun,Male,Clothing,6,4736.3,Cash,Delivered,Kolkata,4
3875,18160,Ravi,Male,Electronics,2,2048.75,Card,Delivered,Kolkata,5
2030,17778,Ravi,Other,Furniture,6,1597.93,UPI,Cancelled,Pune,2
4085,16702,Priya,Female,Clothing,4,3581.02,Card,Delivered,Kolkata,4
1713,19584,Sneha,Female,Books,8,3183.22,Card,Pending,Bangalore,3
3430,13628,Kiran,Male,Clothing,2,1314.96,Net Banking,Pending,Kolkata,3
1421,12436,Rahul,Male,Electronics,3,3687.33,UPI,Cancelled,Bangalore,2
4219,19799,Ravi,Male,Grocery,3,4190.08,UPI,Delivered,Chennai,4
3219,15993,Rahul,Female,Furniture,9,3255.27,UPI,Cancelled,Hyderabad,2
4028,10550,Rahul,Female,Books,6,3845.66,UPI,Delivered,Delhi,4
3393,17151,Amit,Male,Clothing,8,4699.75,UPI,Delivered,Chennai,5
1160,15171,Kiran,Female,Clothing,1,310.53,Cash,Delivered,Mumbai,4
3352,10815,Rahul,Male,Books,2,986.8,Card,Delivered,Pune,5
3565,10568,Neha,Male,Books,5,4318.38,UPI,Cancelled,Kolkata,2
2435,18389,Pooja,Male,Clothing,7,4739.04,Cash,Delivered,Chennai,4
4957,16668,Neha,Male,Books,3,2430.06,Cash,Delivered,Chennai,4
1482,12597,Priya,Female,Electronics,1,289.77,UPI,Delivered,Mumbai,5
2657,11952,Anuja,Female,Electronics,7,1014.61,Card,Delivered,Hyderabad,4
1985,17020,Rahul,Female,Clothing,3,2856.6,Card,Delivered,Pune,4
4218,11754,Neha,Female,Furniture,9,3187.81,Card,Delivered,Mumbai,4
2709,11613,Arjun,Female,Grocery,8,636.79,Card,Cancelled,Chennai,2
4505,18455,Rahul,Female,Furniture,9,220.06,Net Banking,Delivered,Kolkata,4
4136,14001,Priya,Male,Clothing,2,1167.16,Net Banking,Delivered,Kolkata,4
1573,12068,Amit,Female,Books,5,4453.05,,Delivered,Chennai,4
4094,16615,Amit,Female,Books,8,1268.62,UPI,Delivered,Delhi,3
1749,10760,Neha,Other,Grocery,2,4405.03,Card,Delivered,Hyderabad,5
4022,13809,Ravi,Male,Books,5,,Net Banking,Pending,Delhi,3
1710,18572,Amit,Female,Furniture,9,2903.59,Card,Delivered,Pune,3
2091,19445,Neha,Female,Clothing,5,2997.81,UPI,Returned,Kolkata,3
2205,18795,Neha,Male,Grocery,4,1614.12,UPI,Delivered,Chennai,4
1921,14994,Kiran,Male,Clothing,2,2014.52,,Cancelled,Bangalore,1
2751,18291,Ravi,Male,Grocery,1,723.65,Card,Pending,,3
1919,15677,Priya,Male,Grocery,2,3907.33,Card,Delivered,Chennai,5
2799,11915,Kiran,Male,Clothing,2,2650,Net Banking,Delivered,Kolkata,4
1216,18655,Amit,Female,Clothing,5,1701.92,UPI,Delivered,Mumbai,5
2306,18662,Kiran,Male,Furniture,5,1205.94,Cash,Delivered,Chennai,4
1048,17478,Ravi,Male,Electronics,1,,Card,Delivered,Bangalore,4
1174,19369,Anuja,Female,Grocery,9,2978.14,Card,Delivered,Chennai,4
4073,11204,Rahul,Male,Grocery,8,4571.44,UPI,Pending,Mumbai,3
3429,17412,Kiran,Female,Grocery,3,,Cash,Delivered,Delhi,4
2359,11285,Pooja,Male,Furniture,6,4110.25,,Cancelled,Pune,3
4301,15434,Anuja,Male,Grocery,8,3921.87,UPI,Delivered,Bangalore,3
4449,12650,Rahul,Female,Electronics,1,2830.54,Cash,Delivered,Chennai,5
3649,15600,Arjun,Male,Furniture,7,242.96,Net Banking,Cancelled,,2
3687,19301,Rahul,Male,Clothing,7,4196.84,Card,Delivered,Chennai,3
2982,14402,Priya,Female,Grocery,5,3963.54,UPI,Pending,Kolkata,4
1127,13743,Priya,Female,Clothing,1,4545.27,Net Banking,Delivered,Chennai,4
3765,18566,Rahul,Male,Grocery,7,1087.13,Card,Delivered,Chennai,4
3906,16343,Kiran,Male,Electronics,6,2526.43,Net Banking,Delivered,Hyderabad,4
4426,12633,Neha,Male,Grocery,7,2713.93,UPI,Delivered,Delhi,3
2136,19510,Ravi,Other,Furniture,3,2191.8,Net Banking,Delivered,Pune,4
1162,14944,Kiran,Female,Furniture,8,2600.56,Net Banking,Delivered,Delhi,4
1851,10347,Kiran,Male,Electronics,5,4396.09,Card,Delivered,Chennai,4
3832,12395,Neha,Female,Furniture,6,411.95,UPI,Pending,Hyderabad,2
4234,16792,Pooja,Other,Furniture,1,1899.14,UPI,Delivered,Pune,3
3466,15700,Arjun,Female,Furniture,2,1795.12,UPI,Delivered,Pune,5
2268,14362,Sneha,Female,Clothing,4,819.01,UPI,Pending,Chennai,2
4659,13928,Ravi,Male,Grocery,2,4419.37,Net Banking,Delivered,Bangalore,3
1658,11760,Anuja,Male,Furniture,1,2264.4,Cash,Delivered,Mumbai,4
4140,10719,Anuja,Other,Grocery,9,277.33,Card,Delivered,Hyderabad,3
3852,14320,Neha,Female,Furniture,5,3149.98,Card,Delivered,Kolkata,4
4644,19640,Pooja,Male,Grocery,5,2081.41,Net Banking,Returned,Mumbai,2
2924,10303,Arjun,Male,Electronics,5,3091.33,UPI,Delivered,Bangalore,4
1593,10526,Amit,Male,Furniture,3,1284.18,UPI,Delivered,,4
1400,10238,Arjun,Male,Electronics,4,1207.93,Cash,Delivered,Delhi,4
2132,19269,Amit,Female,Books,6,2690.46,Net Banking,Delivered,Bangalore,4
2551,14227,Pooja,Female,Clothing,9,1846.36,Net Banking,Pending,Bangalore,3
3489,17735,Kiran,Male,Grocery,3,4321.63,Card,Delivered,,3
4563,17414,Pooja,Male,Grocery,7,,Net Banking,Delivered,Delhi,4
4724,11892,Anuja,Female,Books,7,2771.2,Net Banking,Delivered,,3
1288,13796,Anuja,Female,Grocery,5,3172.83,UPI,Delivered,Kolkata,3
4390,11291,Pooja,Female,Electronics,1,2098.71,UPI,Delivered,Delhi,4
4033,14677,,Female,Furniture,7,2652.95,UPI,Delivered,Chennai,4
3330,10078,Rahul,Female,Books,4,4042.82,Card,Delivered,Bangalore,3
2019,15960,Anuja,Female,Grocery,3,1987.41,UPI,Delivered,,4
3559,14620,Sneha,Female,Electronics,2,3605.16,Cash,Delivered,Kolkata,4
4601,12511,Anuja,Male,Grocery,2,3889.36,UPI,Pending,Chennai,2
1958,17399,Arjun,Male,Books,6,454.2,Card,Delivered,Chennai,4
2923,15164,Amit,Female,Clothing,8,646.92,Card,Delivered,,3
4400,13691,Anuja,Male,Books,4,3103.96,Cash,Pending,Mumbai,2
1293,14893,Arjun,Female,Electronics,3,1860.19,,Cancelled,Mumbai,1
1215,15684,Priya,Male,Clothing,3,750,Card,Pending,,3
1403,14062,Amit,Male,Furniture,9,4788.45,Cash,Delivered,Hyderabad,4
2001,15849,Rahul,Female,Books,1,4985.97,UPI,Delivered,Mumbai,4
1029,15362,Sneha,Female,Electronics,5,4507.09,Card,Cancelled,Hyderabad,2
4173,17601,Arjun,Male,Books,5,1434.69,UPI,Delivered,Mumbai,4
3413,17892,Pooja,Female,Grocery,5,2688.97,Card,Delivered,Mumbai,5
3289,11440,,Male,Clothing,8,3454.82,Card,Delivered,Hyderabad,4
4709,17225,Rahul,Female,Clothing,9,740.21,Card,Delivered,Pune,4
4003,14394,Neha,Female,Grocery,4,1869.15,Card,Delivered,Delhi,5
1786,10415,Sneha,Female,Clothing,5,1203.42,UPI,Delivered,Chennai,4
3090,11883,Anuja,Male,Grocery,8,3962.54,UPI,Delivered,Chennai,5
1790,15265,Kiran,Female,Electronics,5,2446.33,Card,Pending,Hyderabad,2
4721,18471,Neha,Female,Electronics,1,4743.75,Card,Pending,Kolkata,4
2304,14179,Rahul,Male,Grocery,9,4566.92,Card,Delivered,Pune,4
4448,15356,Anuja,Female,Grocery,5,3320.56,,Pending,Delhi,3
4802,17235,Neha,Male,Clothing,2,4846.28,Net Banking,Delivered,Delhi,3
4030,17433,Rahul,Female,Books,9,3455.93,Card,Delivered,Pune,4
3600,12339,Sneha,Female,Grocery,9,2385.74,UPI,Pending,Delhi,3
3173,17868,Neha,Male,Books,2,3689.55,,Delivered,Chennai,4
3065,19063,Neha,Male,Furniture,2,3782.59,UPI,Cancelled,Kolkata,2
4110,19899,Sneha,Male,Electronics,2,572.6,Card,Delivered,Chennai,5
4758,18078,Amit,Female,Electronics,9,2971.07,UPI,Delivered,Bangalore,4
3593,10047,Pooja,Male,Furniture,7,2315.89,UPI,Delivered,Delhi,3
2823,16363,Neha,Male,Furniture,2,2775.81,Card,Delivered,Bangalore,4
2873,16609,Rahul,Female,Furniture,9,,Card,Pending,Mumbai,2
2963,13653,Amit,Female,Electronics,4,3187.41,Cash,Pending,Kolkata,3
4052,12963,Neha,Male,Electronics,9,1120.25,,Delivered,Pune,5
1089,10546,Rahul,Male,Furniture,5,3764,UPI,Delivered,Kolkata,5
4383,14864,Rahul,Female,Furniture,9,2985.3,Card,Delivered,Delhi,4
2475,14597,Priya,Female,Electronics,3,1480.63,Card,Delivered,Hyderabad,4
4249,10565,Ravi,Male,Books,5,1877.18,UPI,Delivered,Bangalore,4
2209,10676,Amit,Female,Books,7,3637.63,,Delivered,Delhi,4
4270,15415,Kiran,Female,Clothing,7,2912.09,UPI,Delivered,Delhi,3
3265,12970,Amit,Female,Furniture,1,4615.77,Cash,Delivered,Mumbai,4
4928,12911,Arjun,Male,Grocery,9,235.71,Card,Pending,Bangalore,3
2609,17580,Ravi,Male,Clothing,6,,Card,Delivered,Pune,3
1937,18644,Sneha,Female,Electronics,2,744.28,Card,Cancelled,Hyderabad,2
2979,12924,Anuja,Male,Grocery,9,2124.31,,Pending,Kolkata,3
1819,17634,Priya,Female,Clothing,1,4344.49,UPI,Cancelled,Bangalore,2
1085,13022,Priya,Male,Clothing,4,960.69,Card,Delivered,Kolkata,4
3635,18467,Priya,Female,Furniture,5,4542.1,Card,Cancelled,Pune,2
1340,19393,Anuja,Male,Books,1,2919.2,Cash,Pending,Mumbai,3
3390,19601,Pooja,Female,Grocery,3,,Net Banking,Delivered,Mumbai,3
2091,12428,Neha,Female,Books,1,4693.4,Net Banking,Delivered,Hyderabad,4
2287,17756,Amit,Male,Furniture,7,2950.83,Net Banking,Delivered,Bangalore,5
4460,13856,Rahul,Female,Books,9,4498.05,UPI,Delivered,Delhi,5
2119,12311,Anuja,Male,Electronics,6,950.18,Cash,Pending,Chennai,3
3983,14781,Ravi,Female,Books,4,3223.44,UPI,Cancelled,Bangalore,2
1494,10863,Pooja,Male,Books,2,1135.6,Cash,Delivered,Delhi,4
3924,17410,Anuja,Female,Books,6,3102.25,Cash,Delivered,Hyderabad,4
2781,14885,Rahul,Male,Clothing,1,,Cash,Delivered,Hyderabad,4
3518,15948,Priya,Female,Electronics,8,3344.76,Card,Delivered,Delhi,4
3399,16653,Amit,Female,Electronics,4,1709.01,Card,Cancelled,Chennai,2
2060,14076,Pooja,Other,Books,4,1575.87,Net Banking,Pending,,3
4463,16939,Amit,Female,Electronics,4,4464.12,Cash,Delivered,,4
4683,18205,Anuja,Male,Grocery,9,1806.9,Net Banking,Delivered,Kolkata,4
1272,19543,Priya,Male,Books,8,660.51,UPI,Delivered,Delhi,4
1579,16468,Pooja,Female,Clothing,1,729.08,Net Banking,Delivered,Bangalore,4
4327,19417,Neha,Male,Grocery,3,1740.25,Cash,Pending,Hyderabad,2
1456,12995,Ravi,Female,Clothing,5,3799.65,Net Banking,Delivered,Kolkata,4
2972,16671,Ravi,Female,Grocery,1,360.51,Cash,Delivered,Hyderabad,4
3795,11042,Amit,Female,Furniture,1,979.84,Cash,Pending,Bangalore,3
2824,16219,Kiran,Male,Electronics,8,1277.13,Cash,Pending,Mumbai,4
1192,10405,Amit,Female,Books,4,1562.42,Net Banking,Delivered,Hyderabad,3
2565,19910,Priya,Female,Grocery,6,2774.62,Card,Delivered,Bangalore,4
1524,17696,Priya,Male,Books,8,1613.4,UPI,Cancelled,Delhi,2
3514,11156,Neha,Female,Clothing,5,2462.41,Cash,Pending,Delhi,3
1725,17681,Rahul,Female,Furniture,6,4375.93,Cash,Returned,Bangalore,2
1970,17991,Pooja,Male,Electronics,8,2674.48,Net Banking,Delivered,Hyderabad,4
3007,10106,Priya,Female,Electronics,1,3420.75,,Delivered,,4
4965,13567,Sneha,Female,Grocery,5,3002.36,Net Banking,Pending,Hyderabad,4
1656,19472,Arjun,Female,Books,8,3696.03,Net Banking,Delivered,Kolkata,4
3861,16668,Pooja,Female,Grocery,9,1753,UPI,Delivered,Kolkata,4
3321,12078,Ravi,Male,Electronics,6,2570.35,UPI,Delivered,Kolkata,4
3313,12466,,Female,Electronics,2,4643.59,Cash,Pending,Kolkata,2
1759,13324,,Male,Furniture,7,1618.03,Net Banking,Delivered,Pune,4
4746,12391,Ravi,Female,Electronics,8,2699.61,Net Banking,Pending,Hyderabad,2
2757,16468,Pooja,Male,Electronics,5,2815.97,Net Banking,Delivered,Pune,5
4239,13849,Sneha,Male,Grocery,4,1151.58,Card,Delivered,Chennai,5
4545,11884,Pooja,Female,Electronics,5,2458.57,Card,Delivered,,4
2073,16256,Ravi,Female,Electronics,2,2785.94,Card,Delivered,Bangalore,4
3657,17701,Kiran,Male,Books,2,2590.06,Net Banking,Delivered,Delhi,4
3282,18798,Rahul,Male,Grocery,2,1704.5,UPI,Pending,Chennai,3
3990,13659,Rahul,Male,Furniture,8,2770.88,Net Banking,Cancelled,Pune,2
1359,11931,Arjun,Male,Furniture,4,2167.88,Card,Delivered,Chennai,4
4217,15153,Anuja,Female,Books,8,147.67,Card,Delivered,Bangalore,4
1667,15123,Neha,Male,Books,4,4928.49,Cash,Delivered,Mumbai,3
1018,14881,,Male,Books,2,410.01,UPI,Delivered,Delhi,4
4584,10677,,Female,Electronics,6,3249.04,UPI,Delivered,Bangalore,4
1941,16336,Priya,Other,Clothing,8,2863.4,Cash,Pending,Pune,3
4083,12793,Amit,Male,Electronics,1,239.01,Net Banking,Delivered,Kolkata,4
2387,16611,Neha,Male,Furniture,2,273.64,Card,Delivered,Hyderabad,4
3887,16337,Rahul,Female,Clothing,4,2595.18,Net Banking,Returned,Delhi,3
4852,15409,Kiran,Female,Clothing,2,1241.15,UPI,Delivered,Delhi,4
1085,16339,Priya,Female,Clothing,6,2664.47,Card,Delivered,Kolkata,5
2856,17329,Anuja,Male,Furniture,9,,Card,Delivered,Hyderabad,4
1357,14006,Kiran,Male,Furniture,2,1247.81,Cash,Delivered,Hyderabad,4
2771,13317,Kiran,Female,Electronics,6,,Net Banking,Pending,Mumbai,3
1946,10978,Rahul,Male,Grocery,2,3410.24,Net Banking,Delivered,Chennai,4
2675,16071,Neha,Female,Books,4,1642.94,Card,Delivered,Mumbai,4
2193,17325,Priya,Male,Furniture,6,,Cash,Delivered,Chennai,4
3737,16521,,Male,Furniture,8,346.93,Cash,Delivered,Delhi,5
2469,16324,Anuja,Female,Electronics,6,1780.92,UPI,Delivered,Bangalore,3
3408,12675,Anuja,Male,Clothing,1,4826.55,Cash,Delivered,Pune,4
3076,18249,Priya,Male,Furniture,7,1682.66,Card,Delivered,Bangalore,4
2781,19599,Ravi,Female,Electronics,4,4327.6,Cash,Delivered,Hyderabad,4
2715,11361,Ravi,Female,Furniture,6,3513.62,UPI,Delivered,Chennai,4
3343,19487,Neha,Male,Clothing,9,3691.86,Cash,Delivered,Pune,3
4108,16276,Priya,Male,Grocery,1,1852.82,Card,Delivered,Pune,3
3248,17288,Arjun,Female,Electronics,5,1781.52,Cash,Cancelled,Mumbai,2
3566,17624,Sneha,Male,Grocery,2,827.03,Card,Pending,Delhi,4
4196,19675,Kiran,Female,Grocery,6,220.67,Cash,Cancelled,Pune,1
4627,16242,Amit,Male,Books,8,,Card,Pending,Hyderabad,4
3179,14098,,Male,Furniture,6,607.24,Cash,Delivered,Chennai,4
1711,18414,Ravi,Female,Furniture,6,3523.89,UPI,Cancelled,Bangalore,1
1236,16256,Amit,Male,Furniture,5,,Cash,Pending,Hyderabad,3
3832,10792,Arjun,Male,Furniture,5,3166.14,UPI,Delivered,Mumbai,4
3571,19580,Amit,Female,Books,3,3687.54,UPI,Delivered,Kolkata,5
3591,16081,Pooja,Male,Books,9,673.16,Net Banking,Delivered,Kolkata,4
2560,14890,Kiran,Male,Clothing,9,3017.45,Card,Delivered,Hyderabad,4
2187,19461,,Male,Clothing,4,750.77,Card,Delivered,Pune,4
3883,12529,Pooja,Male,Books,3,2222.27,Net Banking,Cancelled,Delhi,2
1003,14763,Pooja,Male,Clothing,9,1120.74,,Delivered,Chennai,3
3300,10535,Kiran,Female,Clothing,9,774.81,Net Banking,Cancelled,Hyderabad,2
3427,11082,Priya,Female,Clothing,2,2655.19,Card,Delivered,Pune,3
4584,17906,Rahul,Female,Electronics,9,2212.09,Net Banking,Delivered,Pune,4
1750,13360,Amit,Male,Furniture,7,3465.7,Card,Delivered,Kolkata,4
1264,19873,,Other,Books,9,,,Pending,Chennai,3
4391,12526,Rahul,Male,Furniture,4,4830.56,Cash,Delivered,Mumbai,3
1605,17744,Priya,Male,Grocery,1,346,UPI,Delivered,Chennai,4
4063,18212,Sneha,Female,Grocery,7,4886.6,Card,Delivered,Pune,5
1607,14797,,Male,Clothing,3,2764.77,,Pending,Mumbai,3
4200,16583,Kiran,Female,Grocery,1,2937.98,Net Banking,Delivered,Delhi,3
4059,10282,Pooja,Male,Grocery,5,3906.88,Net Banking,Delivered,Pune,3
2461,10830,Amit,Female,Furniture,9,2910.01,Net Banking,Delivered,Hyderabad,5
4603,12991,Priya,Male,Electronics,3,4000.61,UPI,Pending,Chennai,2
3657,16147,Ravi,Female,Grocery,8,4074.64,Net Banking,Delivered,Bangalore,4
4327,15190,Rahul,Female,Clothing,9,3515.86,Net Banking,Delivered,Delhi,5
2390,12555,Sneha,Male,Furniture,4,2477.83,Cash,Delivered,Kolkata,4
3925,15932,Amit,Male,Furniture,1,2442.59,Net Banking,Pending,Pune,3
1389,12896,Rahul,Male,Grocery,1,3121.14,Net Banking,Delivered,Pune,4
3211,18640,Sneha,Male,Grocery,9,2227.4,UPI,Delivered,Bangalore,3
2291,13881,Arjun,Female,Electronics,7,2440.66,Card,Pending,Pune,2
4299,16553,Rahul,Female,Electronics,8,718.25,Net Banking,Delivered,Kolkata,5
4164,14292,Kiran,Other,Electronics,2,4853.26,Net Banking,Delivered,Hyderabad,3
1609,10863,Anuja,Male,Furniture,7,2670.09,Card,Delivered,Pune,3
1843,15228,Anuja,Male,Books,2,4671.39,Cash,Pending,Delhi,4
2450,16496,Arjun,Male,Furniture,2,4113.91,UPI,Returned,Hyderabad,2
4631,16852,Neha,Female,Furniture,1,,Card,Delivered,Pune,4
2733,12822,Amit,Female,Electronics,4,3838.13,Net Banking,Delivered,Mumbai,4
3668,16907,Amit,Female,Books,1,2493.84,Cash,Delivered,Bangalore,4
2464,17487,Arjun,Male,Books,8,3670.19,Cash,Delivered,Chennai,5
4103,14554,Neha,Female,Furniture,4,1722.63,Net Banking,Delivered,Delhi,4
3176,11843,Priya,Male,Clothing,2,1534.28,UPI,Delivered,Pune,4
1147,17025,Amit,Female,Grocery,5,4370.07,Net Banking,Delivered,Delhi,5
2932,18968,Arjun,Male,Grocery,4,3255.84,Cash,Delivered,Delhi,4
3106,17951,Ravi,Female,Furniture,6,2969.6,UPI,Pending,Pune,3
3457,14800,Amit,Male,Clothing,8,,Net Banking,Delivered,Delhi,5
4924,13768,Amit,Male,Furniture,9,4130.91,Card,Delivered,Bangalore,4
4201,14320,Neha,Other,Clothing,5,2014.27,UPI,Delivered,Hyderabad,3
1517,14378,Sneha,Male,Clothing,2,4261.22,Card,Delivered,Delhi,4
1566,15027,Neha,Female,Grocery,7,4880.31,UPI,Delivered,Bangalore,5
2774,15302,Neha,Male,Grocery,9,2881.26,Cash,Delivered,Delhi,3
2701,19964,Anuja,Male,Grocery,7,3858.27,UPI,Delivered,Chennai,5
4801,17479,Priya,Female,Grocery,1,,Net Banking,Delivered,Pune,5
2001,19178,,Female,Grocery,2,,Net Banking,Delivered,Mumbai,5
2152,17957,Ravi,Female,Clothing,1,250.29,UPI,Delivered,Chennai,4
4597,19678,Ravi,Male,Electronics,6,4464.38,UPI,Delivered,Kolkata,4
4740,19813,Ravi,Female,Grocery,9,2738.71,Net Banking,Delivered,Hyderabad,4
1880,15152,Priya,Female,Clothing,5,1929.65,Net Banking,Delivered,Hyderabad,3
2279,12482,Rahul,Female,Clothing,2,1278.82,UPI,Delivered,Hyderabad,5
4019,19867,Neha,Female,Books,7,2641.35,Card,Pending,Delhi,3
1050,16240,Anuja,Male,Books,5,891.18,Cash,Delivered,Delhi,4
1337,17822,Sneha,Female,Furniture,7,1502.64,Card,Delivered,Bangalore,4
2234,17130,Priya,Male,Grocery,4,4666,Card,Cancelled,Hyderabad,2
2526,12093,Amit,Male,Furniture,3,4739.74,Net Banking,Cancelled,Kolkata,2
3560,16906,Anuja,Male,Furniture,6,335.54,Net Banking,Cancelled,Bangalore,3
3889,17864,Anuja,Male,Electronics,1,374.25,Net Banking,Delivered,Hyderabad,5
4792,11718,Ravi,Male,Electronics,9,3195.98,Net Banking,Cancelled,Pune,3
4271,19042,Ravi,Male,Grocery,7,4525.75,Net Banking,Delivered,Chennai,4
2124,16360,Arjun,Male,Furniture,2,4911.01,UPI,Cancelled,,2
1054,16227,Anuja,Male,Electronics,6,2919.9,UPI,Delivered,Kolkata,4
3306,16523,Anuja,Female,Furniture,1,,UPI,Delivered,,3
4487,18736,Amit,Female,Clothing,1,1674.96,UPI,Delivered,Pune,4
4318,14308,Rahul,Male,Furniture,3,1497.05,Card,Delivered,Delhi,5
3563,15275,Arjun,Male,Electronics,6,3898.04,Cash,Delivered,Delhi,3
1395,19485,Ravi,Female,Grocery,7,187.65,Cash,Delivered,,4
3483,11377,Amit,Female,Grocery,5,4549.23,Card,Pending,Pune,2
3044,14593,Ravi,Female,Books,8,4493.47,Net Banking,Delivered,Chennai,4
1945,12977,Priya,Male,Books,4,3063.48,Cash,Delivered,Chennai,3
4902,15902,Priya,Female,Grocery,4,3480.93,UPI,Pending,Kolkata,3
1244,13535,Rahul,Female,Grocery,2,4916.76,Cash,Delivered,Delhi,5
4908,17631,Kiran,Female,Clothing,6,316.61,UPI,Cancelled,Bangalore,2
1569,19580,Ravi,Male,Clothing,6,303.38,Net Banking,Delivered,,4
2388,13454,,Female,Furniture,1,3302.59,UPI,Delivered,Mumbai,4
3047,18446,,Female,Clothing,3,1200.65,Net Banking,Delivered,Kolkata,4
3224,13644,Kiran,Male,Books,4,3172.9,UPI,Delivered,Mumbai,3
2632,19996,Amit,Female,Clothing,3,2670.33,Card,Delivered,Hyderabad,4
4562,17942,Ravi,Female,Books,9,4279.56,Cash,Delivered,Delhi,4
1980,19107,Kiran,Male,Clothing,1,3695.36,Net Banking,Cancelled,Chennai,2
4138,15363,Pooja,Female,Grocery,9,557.81,Card,Delivered,Hyderabad,3
2901,15996,,Male,Grocery,9,3704.02,Cash,Cancelled,Pune,3
2029,15674,Ravi,Female,Books,2,487.2,Card,Cancelled,Pune,2
1885,19858,Kiran,Male,Electronics,2,930.76,,Delivered,Bangalore,5
4674,10319,Rahul,Male,Clothing,4,1040.69,Card,Pending,,3
4916,10319,Arjun,Female,Clothing,5,3383.51,Net Banking,Delivered,Bangalore,4
2481,15834,Sneha,Female,Grocery,2,2553.76,Card,Delivered,Pune,4
1660,11667,Arjun,Male,Electronics,6,544.84,Card,Pending,Chennai,4
4304,19648,Kiran,Female,Furniture,1,2168.06,Net Banking,Delivered,Bangalore,3
1283,13465,Sneha,Female,Books,1,4799.73,Card,Delivered,Pune,4
1091,10947,Neha,Male,Books,4,1640.76,Cash,Delivered,Delhi,3
3158,18592,Priya,Male,Furniture,6,3429.85,Card,Pending,Bangalore,3
4113,15761,Ravi,Male,Electronics,5,1973.91,Cash,Delivered,Hyderabad,5
1380,17345,Pooja,Female,Books,9,3842.31,Net Banking,Delivered,Delhi,5
1888,13081,Rahul,Male,Furniture,8,4355.64,Card,Delivered,Pune,4
2979,16167,Ravi,Female,Electronics,5,3211.45,UPI,Delivered,,4
2953,10318,Kiran,Female,Electronics,8,1545.75,UPI,Delivered,Chennai,4
3024,17862,Pooja,Male,Books,7,3913.8,Card,Pending,Delhi,3
4943,18613,Ravi,Male,Furniture,6,2433.09,Cash,Pending,Mumbai,2
1792,11695,Arjun,Male,Books,2,1029.04,UPI,Cancelled,Delhi,2
1186,13392,Rahul,Female,Electronics,3,1263.74,Cash,Pending,Chennai,3
3118,13936,Ravi,Male,Clothing,1,1128.17,Cash,Delivered,Pune,4
2804,16035,,Male,Books,6,1669.92,UPI,Delivered,Kolkata,5
3979,18768,Kiran,Female,Grocery,2,2818.82,Net Banking,Cancelled,Chennai,2
1227,18499,Ravi,Female,Grocery,8,4088.47,Card,Delivered,Pune,4
1420,17626,Pooja,Female,Clothing,8,4223.75,Net Banking,Delivered,Chennai,4
1145,18456,Neha,Female,Grocery,6,672.61,Cash,Delivered,Bangalore,4
4736,13201,Anuja,Female,Grocery,9,,Cash,Delivered,Bangalore,4
1349,16883,Anuja,Female,Grocery,8,3739.01,Card,Delivered,Pune,4
3169,17952,Kiran,Female,Clothing,8,3858.69,Card,Delivered,Kolkata,4
4581,18695,Ravi,Female,Grocery,4,376.08,Cash,Delivered,Chennai,5
3583,10772,Sneha,Female,Books,1,4874.41,Cash,Cancelled,Mumbai,3
3088,10762,Rahul,Male,Furniture,7,763.45,UPI,Delivered,Hyderabad,3
3146,19224,Rahul,Male,Grocery,9,1593.82,Cash,Pending,Hyderabad,3
3135,11711,Arjun,Female,Furniture,1,1634.28,Net Banking,Delivered,Kolkata,4
4247,13535,Kiran,Male,Clothing,8,3834.55,UPI,Delivered,Mumbai,5
1310,15637,Kiran,Female,Furniture,1,3427.69,Net Banking,Cancelled,Kolkata,1
3785,15084,Anuja,Male,Electronics,2,,Card,Delivered,Mumbai,4
1059,15202,Anuja,Male,Books,1,3901.11,Net Banking,Cancelled,Mumbai,2
2312,16723,Neha,Male,Grocery,4,4278.8,Cash,Delivered,Chennai,4
2218,10332,Kiran,Male,Grocery,8,886.55,UPI,Delivered,Kolkata,4
4203,14231,Pooja,Male,Furniture,7,1572.25,Card,Delivered,Hyderabad,4
2122,17342,Arjun,Male,Clothing,3,1229.29,UPI,Pending,Hyderabad,3
3371,10191,Kiran,Female,Furniture,1,1166.61,UPI,Delivered,Hyderabad,5
3706,19537,Kiran,Male,Clothing,7,3227.38,UPI,Delivered,Pune,3
1582,17904,Neha,Female,Books,5,3203.83,Net Banking,Pending,Delhi,2
3494,10386,Sneha,Female,Furniture,3,4911.93,Cash,Delivered,Delhi,3
1728,15510,Kiran,Male,Electronics,9,2235.5,Card,Pending,Kolkata,4
2744,16005,Amit,Male,Books,9,2173.49,Cash,Pending,Kolkata,3
4658,13307,Amit,Female,Electronics,5,2719.64,UPI,Pending,Pune,3
1796,15095,Anuja,Male,Furniture,2,3542.55,Cash,Delivered,Delhi,4
3046,16644,Priya,Male,Electronics,3,796.29,Cash,Delivered,Hyderabad,4
4560,15707,Pooja,Male,Books,9,4652.84,Cash,Delivered,Mumbai,4
2332,14598,Neha,Male,Books,2,3093.39,Cash,Delivered,Chennai,4
1929,10784,Pooja,Male,Books,8,121.65,UPI,Delivered,Hyderabad,4
2619,16690,Sneha,Male,Furniture,7,160.19,UPI,Pending,Delhi,2
2781,10540,Pooja,Female,Clothing,1,162.61,Cash,Delivered,Mumbai,4
1266,14872,Pooja,Female,Furniture,5,4577.16,UPI,Delivered,Kolkata,4
4978,19634,Amit,Female,Electronics,8,909.85,Card,Delivered,Chennai,3
2241,19780,Ravi,Male,Electronics,4,4236.52,Card,Delivered,Delhi,4
2710,18338,Pooja,Female,Books,3,551.36,UPI,Delivered,Kolkata,4
3979,15278,Kiran,Female,Electronics,7,1192.95,Card,Delivered,Delhi,4
3605,14791,Ravi,Male,Books,2,2347.61,Net Banking,Delivered,Chennai,4
2019,18742,Pooja,Male,Books,9,518.38,UPI,Delivered,Mumbai,4
1480,19745,Sneha,Female,Books,1,1914.1,Cash,Delivered,Kolkata,4
4447,13722,Arjun,Male,Clothing,4,4656.18,Cash,Pending,Pune,3
3360,13960,Neha,Female,Electronics,2,2374.88,Net Banking,Cancelled,Mumbai,2
1976,17512,Priya,Female,Electronics,9,,Net Banking,Delivered,Hyderabad,3
3448,18789,Kiran,Male,Clothing,5,1397.37,Card,Delivered,Mumbai,4
1885,19088,Neha,Male,Books,5,4444.01,Net Banking,Delivered,Chennai,3
1009,18584,Ravi,Female,Furniture,6,4930.59,Net Banking,Delivered,,5
3911,11856,Arjun,Female,Furniture,7,3571.58,Card,Delivered,Mumbai,3
3546,14431,Arjun,Male,Grocery,1,1634.36,UPI,Pending,Pune,4
4096,15091,Ravi,Female,Books,9,2602.28,Card,Delivered,Mumbai,3
3591,13067,Ravi,Female,Books,3,738,UPI,Delivered,Mumbai,4
4019,14431,Pooja,Female,Clothing,8,2647.61,UPI,Cancelled,Pune,2
4777,19484,Amit,Male,Clothing,6,4900.82,UPI,Cancelled,Kolkata,3
1303,14876,Kiran,Female,Grocery,6,989.75,UPI,Delivered,Chennai,3
1285,10837,Amit,Female,Clothing,3,976.05,Card,Delivered,Kolkata,4
4353,18961,Priya,Male,Books,4,349.34,Cash,Delivered,Mumbai,5
4120,18636,Neha,Male,Furniture,7,3447.85,Net Banking,Delivered,Kolkata,4
3719,18558,Amit,Male,Furniture,4,3335.79,,Delivered,Mumbai,4
1832,12922,Priya,Other,Grocery,6,3903.23,Net Banking,Delivered,Pune,4
1805,13198,Neha,Female,Clothing,1,2587.59,Card,Delivered,Delhi,3
2742,12846,Anuja,Female,Electronics,8,2810,Cash,Delivered,Kolkata,5
4751,11764,,Male,Clothing,6,4039.94,Cash,Delivered,Bangalore,5
4611,14250,Amit,Other,Grocery,3,,Net Banking,Pending,Pune,4
2444,18262,Amit,Female,Books,2,2507.84,Cash,Delivered,Mumbai,4
2755,15432,Neha,Other,Books,3,770.11,Net Banking,Delivered,Kolkata,3
4879,17147,Anuja,Male,Books,9,1654.58,Card,Delivered,Hyderabad,4
3773,14008,Rahul,Female,Electronics,6,3823.38,Cash,Delivered,Bangalore,4
1389,14962,Priya,Female,Clothing,3,3956.92,UPI,Cancelled,Mumbai,3
4188,13276,Ravi,Other,Electronics,9,3267.53,Card,Cancelled,Hyderabad,2
2582,15203,Kiran,Female,Grocery,6,2218.05,,Delivered,Bangalore,5
1627,13182,Anuja,Male,Books,2,4972.89,Card,Delivered,Bangalore,4
2124,15563,Arjun,Male,Furniture,3,,UPI,Pending,Pune,3
3750,10306,Amit,Male,Clothing,8,1344.99,Cash,Pending,Kolkata,2
3749,13343,Rahul,Male,Books,3,2647.26,Cash,Delivered,Bangalore,3
2621,13892,Priya,Female,Grocery,2,3065.84,UPI,Delivered,Delhi,3
2148,11725,Pooja,Male,Grocery,8,3836.24,Card,Cancelled,Bangalore,2
2907,17865,Sneha,Female,Clothing,2,2433.14,Cash,Delivered,Pune,4
4608,16995,Anuja,Male,Electronics,1,2544.91,UPI,Delivered,Chennai,5
4810,15755,Arjun,Male,Grocery,1,3261.45,UPI,Pending,Chennai,2
4882,19341,Ravi,Female,Furniture,7,4512.91,Card,Returned,Hyderabad,3
2930,10675,Rahul,Male,Furniture,5,2804.76,UPI,Pending,Delhi,3
3915,10871,Amit,Female,Books,1,124.97,Net Banking,Delivered,Mumbai,3
3811,11850,Pooja,Female,Books,1,989.95,UPI,Delivered,Kolkata,3
3631,18634,Anuja,Male,Furniture,1,4656.36,Card,Delivered,,4
3295,18089,Anuja,Male,Furniture,8,3476.29,Cash,Delivered,Delhi,4
4731,15773,Priya,Male,Electronics,9,3028.35,,Delivered,Delhi,4
3974,12800,Neha,Male,Grocery,6,3610.49,Cash,Delivered,Chennai,4
1430,16192,Sneha,Female,Clothing,5,1780.66,Net Banking,Delivered,Kolkata,3
2082,14643,Ravi,Female,Furniture,9,1907.71,UPI,Returned,Kolkata,1
4162,10619,Sneha,Male,Grocery,9,3375.56,Card,Delivered,Mumbai,4
3762,19983,Kiran,Female,Grocery,8,2702.25,Card,Delivered,Mumbai,5
2382,19891,Pooja,Female,Clothing,5,4562.37,Card,Returned,Bangalore,2
2737,17523,Anuja,Male,Books,6,1541.33,Cash,Delivered,Kolkata,5
1645,11908,Amit,Male,Clothing,6,3943.73,Card,Cancelled,Chennai,2
1062,13454,Sneha,Female,Clothing,4,1678.99,Cash,Delivered,Hyderabad,4
1603,13339,Sneha,Male,Clothing,3,753.02,Cash,Delivered,Chennai,3
1827,13370,Arjun,Female,Furniture,2,3542.93,Net Banking,Delivered,Hyderabad,4
4115,18631,Ravi,Female,Grocery,8,2061.99,Cash,Delivered,Delhi,4
2638,16450,Pooja,Male,Furniture,7,1377.56,Cash,Pending,Hyderabad,3
3745,16376,Sneha,Female,Electronics,1,4928.76,Net Banking,Delivered,Delhi,3
4589,14996,Neha,Male,Electronics,7,830.27,Cash,Delivered,Mumbai,3
3578,12543,Amit,Male,Electronics,8,3695.55,Cash,Delivered,Chennai,4
3350,11195,Arjun,Male,Furniture,8,3960.75,UPI,Delivered,Bangalore,3
3832,17825,Kiran,Female,Clothing,5,3120.7,Card,Cancelled,,1
4869,16752,Amit,Male,Electronics,5,2378.84,,Delivered,Delhi,4
2629,12486,Pooja,Other,Furniture,8,4816.46,UPI,Cancelled,Pune,3
4421,14749,Anuja,Male,Books,1,1338.1,Net Banking,Delivered,Hyderabad,4
3788,16361,Pooja,Female,Furniture,6,3126.81,Net Banking,Delivered,Chennai,3
2464,10375,,Female,Electronics,2,,Net Banking,Pending,Hyderabad,4
2853,10435,Neha,Male,Electronics,7,2515.01,Card,Returned,Chennai,2
4472,19145,Sneha,Female,Grocery,5,664.28,Cash,Pending,Delhi,3
3236,13427,Rahul,Female,Books,5,2009.74,Cash,Delivered,Chennai,3
2363,12803,Sneha,Male,Furniture,7,2136.48,UPI,Delivered,Mumbai,4
2480,10797,Pooja,Male,Grocery,8,2662.97,Card,Delivered,Pune,3
2981,10445,Arjun,Female,Furniture,9,3270,Card,Pending,Hyderabad,3
4226,14887,Arjun,Male,Clothing,8,3329.1,,Pending,Delhi,3
3846,10793,Anuja,Female,Books,8,532.91,UPI,Delivered,Pune,5
1317,11410,Anuja,Female,Electronics,9,1887.95,Card,Pending,Delhi,2
3878,11203,Amit,Female,Grocery,2,4984.63,Net Banking,Delivered,,4
1411,15644,Kiran,Female,Grocery,2,3145.37,UPI,Delivered,Hyderabad,3
3444,15790,Priya,Female,Electronics,2,3552.06,Cash,Pending,Pune,3
2819,18644,Amit,Male,Clothing,4,4587.37,Cash,Delivered,Kolkata,4
1782,16857,Sneha,Male,Furniture,8,3493.64,Card,Delivered,Hyderabad,5
2594,15486,Anuja,Male,Furniture,1,1026.31,Net Banking,Delivered,Bangalore,4
2394,12525,Neha,Male,Grocery,2,429.19,UPI,Delivered,Bangalore,4
4561,13815,Kiran,Male,Electronics,7,152.69,UPI,Delivered,Mumbai,3
4159,19282,Priya,Male,Electronics,3,2467.17,Card,Delivered,Kolkata,4
1240,11964,Rahul,Male,Furniture,6,809.14,Cash,Delivered,Delhi,4
2814,13445,Neha,Female,Books,9,1834.33,UPI,Delivered,Hyderabad,3
3730,12088,Priya,Female,Electronics,5,4629.85,Card,Delivered,Pune,4
4236,11129,Amit,Female,Clothing,8,4781.35,Net Banking,Delivered,Mumbai,4
4996,12379,Kiran,Male,Grocery,9,3725.2,Card,Delivered,Kolkata,4
2870,13563,Neha,Female,Furniture,1,3345.58,,Delivered,Pune,3
3463,13729,Anuja,Female,Books,2,4227.81,Cash,Delivered,Mumbai,4
1186,12670,Neha,Female,Books,4,,UPI,Delivered,,4
1809,17402,,Male,Books,6,1969.31,UPI,Delivered,Pune,3
2585,13123,Amit,Female,Electronics,4,2675.66,UPI,Delivered,Pune,4
4265,18700,Pooja,Female,Furniture,4,4244.66,Net Banking,Pending,Mumbai,3
1758,18655,Arjun,Female,Furniture,9,1932.8,Cash,Delivered,Kolkata,3
4677,17314,Rahul,Male,Electronics,7,3424.85,Net Banking,Delivered,Mumbai,4
1869,13342,Priya,Male,Electronics,8,1581.25,Cash,Delivered,Delhi,3
3466,19301,Neha,Female,Electronics,7,1970.39,UPI,Delivered,Bangalore,5
2975,17478,Ravi,Male,Books,8,1655.09,Cash,Delivered,Mumbai,4
2389,10071,Arjun,Male,Furniture,4,571.85,Cash,Delivered,Chennai,5
4385,15769,Kiran,Male,Furniture,8,698.6,,Delivered,,5
3320,11666,Neha,Female,Books,6,4095.5,UPI,Delivered,Bangalore,5
3884,16793,Priya,Female,Grocery,4,2948.13,Card,Cancelled,Pune,2
1745,16861,Amit,Male,Books,4,3535.17,Cash,Delivered,Hyderabad,4
3101,16130,Sneha,Female,Furniture,9,2491.27,UPI,Delivered,Pune,4
2950,15444,Rahul,Male,Furniture,4,145.55,Cash,Delivered,Delhi,3
2993,17069,Pooja,Male,Grocery,6,1984.37,,Delivered,Chennai,5
3224,15839,Amit,Male,Books,6,4312.26,Net Banking,Delivered,Delhi,4
1882,11295,Kiran,Female,Grocery,7,2839.42,Card,Delivered,Pune,3
2537,12274,Rahul,Female,Clothing,8,2733.78,,Delivered,Pune,4
2160,15578,Amit,Female,Furniture,6,2097.12,UPI,Delivered,Kolkata,4
1273,19605,Sneha,Female,Electronics,1,,Card,Pending,Delhi,2
2471,11824,Priya,Female,Clothing,6,1707.79,UPI,Cancelled,Hyderabad,2
1595,14235,Priya,Male,Grocery,8,2543.69,Cash,Delivered,Chennai,3
2277,19112,,Male,Grocery,1,716.33,Card,Delivered,Mumbai,5
1851,12656,Ravi,Male,Books,5,4968.58,Net Banking,Delivered,Kolkata,4
1443,19190,Amit,Male,Electronics,4,3155.8,Net Banking,Pending,Pune,3
1899,19965,Amit,Female,Clothing,6,666.05,Net Banking,Delivered,Bangalore,4
4361,17630,Anuja,Female,Electronics,4,3429.92,Cash,Pending,Kolkata,2
1101,10364,Ravi,Male,Books,6,786.22,Cash,Delivered,Chennai,3
4346,16651,Priya,Male,Grocery,3,3976.35,Cash,Delivered,Bangalore,4
3639,17512,Rahul,Male,Furniture,9,830.51,Cash,Delivered,Bangalore,4
3162,13144,Kiran,Female,Clothing,8,1732.37,UPI,Cancelled,Kolkata,2
1904,17410,Arjun,Female,Books,1,3716.79,Card,Cancelled,Pune,2
3924,17311,Neha,Male,Grocery,4,3270.54,Card,Delivered,Bangalore,5
3204,16382,Neha,Female,Electronics,9,2273.68,Net Banking,Pending,Kolkata,4
2296,15190,Amit,Female,Books,5,2269.64,Net Banking,Delivered,Kolkata,4
2637,14150,Arjun,Female,Furniture,5,3128.51,Cash,Delivered,Bangalore,4
4437,10191,Neha,Female,Books,4,124.53,Card,Delivered,Kolkata,4
3713,14134,Sneha,Male,Books,7,618.15,UPI,Pending,Chennai,3
4293,15828,Priya,Female,Books,1,3291.25,UPI,Pending,Delhi,3
3040,15435,Pooja,Female,Grocery,9,2066.47,Cash,Delivered,Pune,3
2823,13291,Neha,Male,Clothing,3,2487.4,Net Banking,Delivered,Delhi,3
4764,11064,Pooja,Male,Grocery,7,4793.57,,Delivered,,4
4789,12757,Rahul,Male,Furniture,5,4167.38,UPI,Delivered,Hyderabad,4
4186,14425,Ravi,Male,Books,3,1649.99,UPI,Delivered,Delhi,3
3785,18210,Amit,Female,Clothing,3,2877.01,Net Banking,Delivered,Pune,4
3341,12179,Sneha,Female,Furniture,6,3117.28,Card,Delivered,Pune,3
1448,16566,Neha,Female,Books,8,2779.55,Net Banking,Delivered,Bangalore,4
4374,15266,,Male,Clothing,6,2583.72,Net Banking,Pending,Chennai,3
1804,19724,Arjun,Male,Books,9,3415.72,Card,Delivered,Mumbai,4
1002,14215,Anuja,Male,Books,6,1498.86,Net Banking,Delivered,Chennai,4
4600,10561,Rahul,Male,Books,9,3556.15,UPI,Delivered,Chennai,5
3194,15487,Neha,Male,Grocery,3,1264.6,Net Banking,Cancelled,Bangalore,1
4096,11906,Arjun,Male,Clothing,2,4117.93,Card,Delivered,Pune,3
1441,12659,Rahul,Male,Clothing,9,3004.23,Cash,Delivered,Delhi,5
2579,18080,Amit,Female,Grocery,2,3574.33,Card,Delivered,Bangalore,4
2445,11353,Ravi,Female,Clothing,3,2712.83,UPI,Pending,Chennai,2
1592,11477,Rahul,Female,Electronics,2,1892.34,Cash,Cancelled,Bangalore,2
4198,10949,Amit,Male,Electronics,9,2864.02,Cash,Pending,Mumbai,3
4184,10314,Rahul,Male,Clothing,8,3990.57,UPI,Delivered,,4
2130,13381,Neha,Male,Electronics,1,1826.35,Cash,Delivered,Hyderabad,4
1446,13807,Priya,Female,Grocery,7,2169.33,Cash,Delivered,Pune,4
3443,15062,Pooja,Female,Books,8,420.54,Net Banking,Cancelled,Delhi,2
3795,11164,Arjun,Female,Books,7,527.63,Card,Delivered,Chennai,5
1153,19304,Amit,Male,Furniture,7,4166.24,UPI,Delivered,Pune,4
3244,13024,Ravi,Female,Grocery,8,2935.45,Net Banking,Delivered,Pune,5
1991,13566,Anuja,Female,Electronics,4,4827.04,Cash,Delivered,Hyderabad,3
4690,10721,Pooja,Male,Books,2,2256.97,UPI,Delivered,Chennai,4
2291,16596,Rahul,Other,Electronics,6,966.28,Net Banking,Pending,Mumbai,3
1252,18590,Amit,Male,Furniture,4,3812.68,,Delivered,Mumbai,5
3324,18744,Arjun,Other,Clothing,8,,UPI,Delivered,Delhi,4
3546,15789,Priya,Female,Furniture,3,3843.29,UPI,Delivered,Bangalore,5
2851,19244,Priya,Female,Electronics,4,358.4,Cash,Delivered,Pune,3
1820,17254,,Female,Electronics,7,1087.35,Card,Delivered,Kolkata,4
3808,15108,Priya,Female,Grocery,7,4296.01,Net Banking,Delivered,Chennai,4
4175,17525,Priya,Other,Furniture,5,1538.37,Net Banking,Pending,Delhi,3
4357,17200,Amit,Male,Furniture,3,1780.53,Card,Pending,Mumbai,4
1619,19103,Pooja,Female,Books,9,1278.59,Net Banking,Delivered,Delhi,4
1721,10666,Kiran,Female,Electronics,3,3902.56,Cash,Delivered,Mumbai,4
1348,19492,Rahul,Other,Furniture,4,3292.5,Cash,Pending,Hyderabad,3
2324,14298,Sneha,Male,Grocery,4,486,Cash,Delivered,Mumbai,5
1137,10120,,Female,Grocery,4,755.28,UPI,Pending,Hyderabad,3
2766,13916,,Other,Electronics,2,2654.62,Card,Cancelled,Hyderabad,2
2819,18839,Pooja,Female,Grocery,3,,,Pending,Chennai,3
4110,17246,Kiran,Female,Clothing,6,,Card,Delivered,Bangalore,4
4890,10602,Amit,Male,Furniture,5,3657.2,UPI,Delivered,Bangalore,4
4879,16181,Arjun,Male,Clothing,2,4308.34,Card,Pending,Pune,3
1732,17456,Rahul,Male,Grocery,8,934.98,Card,Delivered,Delhi,4
1762,19035,Priya,Male,Grocery,3,2270.65,Net Banking,Delivered,Delhi,5
2555,18989,Rahul,Female,Furniture,6,100.51,Cash,Cancelled,Bangalore,2
3335,17368,Anuja,Male,Furniture,9,3217.86,UPI,Delivered,Pune,4
3159,11665,Sneha,Female,Furniture,7,4037.4,Cash,Delivered,Chennai,3
1368,18511,,Other,Grocery,9,4444.14,Cash,Delivered,Hyderabad,4
3061,14452,Rahul,Female,Grocery,5,4124.97,UPI,Delivered,Chennai,4
2696,12042,Neha,Male,Books,2,1449.35,Card,Pending,Pune,3
1078,11463,Ravi,Male,Grocery,3,2742.69,UPI,Delivered,Hyderabad,4
1862,19597,Anuja,Female,Grocery,9,2381.32,UPI,Pending,Hyderabad,3
4642,14992,Priya,Female,Clothing,4,2273.59,Cash,Delivered,Kolkata,5
2878,19275,Sneha,Female,Books,8,2570.53,Card,Delivered,Hyderabad,3
4746,14065,Arjun,Male,Furniture,9,1289.46,Net Banking,Pending,Chennai,2
2660,14299,Amit,Female,Clothing,3,361.15,Cash,Delivered,Delhi,4
4068,12113,Sneha,Other,Grocery,5,3504.78,Card,Pending,Mumbai,3
4285,17750,Sneha,Female,Books,9,3795.13,Net Banking,Cancelled,,2
3907,17272,Sneha,Female,Clothing,7,3708.3,Net Banking,Cancelled,Chennai,3
2753,18775,Amit,Male,Electronics,9,689.65,Card,Delivered,Hyderabad,5
1731,10954,Sneha,Male,Books,6,2672.69,Card,Delivered,Bangalore,4
3834,18031,Ravi,Male,Books,6,1763.92,Cash,Pending,Pune,3
3258,15952,Ravi,Male,Furniture,1,4137.9,Net Banking,Delivered,Hyderabad,3
3383,12625,Amit,Male,Furniture,7,530.87,Cash,Delivered,Delhi,5
4866,10078,Amit,Male,Electronics,9,3518.84,Cash,Delivered,Chennai,5
3307,17705,Priya,Male,Grocery,6,3577.69,UPI,Delivered,Bangalore,4
2797,10968,Pooja,Female,Books,6,1968.94,UPI,Delivered,Delhi,4
2507,13716,Arjun,Male,Books,9,471.44,Cash,Delivered,Bangalore,4
4789,17391,Priya,Male,Clothing,3,4120.53,Net Banking,Pending,Bangalore,3
2893,11563,Arjun,Male,Furniture,3,3968.39,Net Banking,Pending,Delhi,2
3376,11118,Neha,Male,Furniture,9,3677.18,Card,Delivered,Chennai,4
4416,15298,Ravi,Other,Books,7,3841.75,Net Banking,Returned,Chennai,3
2442,11212,Amit,Female,Furniture,7,3047.46,Cash,Delivered,,4
3150,16475,,Male,Electronics,5,2204.47,Card,Delivered,Mumbai,4
4493,12017,Anuja,Female,Furniture,2,104.96,Card,Delivered,Hyderabad,4
1117,15805,Anuja,Male,Electronics,3,478.61,Card,Delivered,Delhi,4
2953,15977,Ravi,Female,Clothing,5,3191.68,UPI,Delivered,Bangalore,4
3738,11322,Arjun,Male,Furniture,2,3199.62,UPI,Returned,Chennai,2
3889,15591,Priya,Female,Grocery,2,1395.99,Card,Delivered,Pune,4
2220,17572,Amit,Male,Electronics,9,3594.17,Cash,Delivered,Pune,4
1047,17981,,Female,Books,9,2529.72,UPI,Delivered,Delhi,4
1801,19868,Pooja,Male,Books,4,4270.53,UPI,Pending,Kolkata,3
4421,12303,Anuja,Female,Books,6,2233.14,Card,Cancelled,Hyderabad,1
4234,19852,Pooja,Male,Grocery,1,2800.83,UPI,Delivered,Mumbai,4
3455,17803,Arjun,Female,Clothing,6,2127.29,Card,Pending,Mumbai,3
3130,11400,Rahul,Female,Books,8,3709.01,,Returned,Delhi,3
1392,17060,Pooja,Female,Furniture,7,126.91,UPI,Delivered,Chennai,3
4018,11782,Sneha,Female,Furniture,4,,Cash,Delivered,Bangalore,4
4843,13998,Sneha,Female,Books,9,1845.24,Card,Delivered,Bangalore,3
1821,15205,Anuja,Male,Electronics,8,2394.89,UPI,Delivered,Kolkata,4
1255,16079,Sneha,Male,Grocery,5,,Net Banking,Pending,Delhi,3
3019,19474,,Male,Grocery,2,2585.31,Card,Delivered,Mumbai,4
4596,16556,Ravi,Male,Books,3,1164.34,Net Banking,Returned,Delhi,2
2538,14606,Anuja,Female,Grocery,4,3196.61,Card,Delivered,Chennai,5
4982,11824,Amit,Female,Grocery,9,2160.23,Cash,Returned,Hyderabad,2
2815,19429,Rahul,Female,Grocery,9,,Net Banking,Delivered,Hyderabad,5
4719,10500,Rahul,Other,Clothing,1,1010.12,UPI,Delivered,Pune,3
3054,15122,Anuja,Female,Clothing,5,2146.96,UPI,Delivered,Delhi,4
2136,15490,Pooja,Female,Clothing,2,2397.56,Card,Delivered,Chennai,4
4754,13937,Anuja,Female,Grocery,1,885.19,Card,Delivered,,5
2518,18983,Pooja,Female,Clothing,8,540.53,Cash,Pending,Bangalore,2
2815,15238,Pooja,Other,Electronics,2,3263.53,UPI,Pending,Pune,3
2996,14073,Ravi,Male,Grocery,6,2187.68,Cash,Delivered,Kolkata,4
3532,17229,,Female,Books,2,145.87,Card,Delivered,Hyderabad,5
4917,17420,Priya,Male,Books,8,2613.25,Card,Delivered,Pune,4
3351,19843,Anuja,Female,Books,8,161.67,Card,Delivered,Hyderabad,5
3444,10175,Sneha,Other,Electronics,1,1356.95,Card,Cancelled,Hyderabad,2
1791,11907,Sneha,Female,Furniture,4,659.54,Cash,Delivered,Kolkata,4
2903,19657,Priya,Male,Furniture,2,4138.56,UPI,Returned,Mumbai,2
4938,19004,Rahul,Female,Books,9,499.2,Cash,Pending,Bangalore,2
3156,17041,Sneha,Female,Grocery,9,2291.71,UPI,Delivered,Chennai,4
2828,16552,Anuja,Male,Grocery,6,1053.97,UPI,Delivered,Mumbai,4
4646,16620,Rahul,Female,Clothing,6,4684.81,Card,Delivered,Delhi,4
4486,10810,Ravi,Female,Furniture,4,1653.63,Net Banking,Delivered,Hyderabad,3
1274,15353,Kiran,Male,Clothing,3,1153.28,Card,Pending,Kolkata,2
4147,15894,Neha,Female,Grocery,3,,Card,Delivered,Mumbai,4
1821,14926,Anuja,Female,Grocery,3,2826.83,Net Banking,Delivered,Bangalore,4
2250,11770,Anuja,Male,Books,3,1689.61,Cash,Delivered,Hyderabad,4
1831,18014,Rahul,Male,Grocery,9,667.22,Net Banking,Delivered,Mumbai,4
4513,19106,Amit,Male,Grocery,4,1712.37,UPI,Delivered,,4
3887,13104,Rahul,Female,Grocery,8,3913.12,UPI,Delivered,Bangalore,5
4199,12808,Kiran,Female,Books,7,1341.49,Card,Delivered,Mumbai,5
4925,16075,Rahul,Female,Electronics,2,1832.5,Cash,Delivered,Hyderabad,5
2260,16995,Pooja,Female,Clothing,8,1572.91,Card,Delivered,Delhi,3
2714,12628,Ravi,Female,Grocery,7,3529.72,Net Banking,Delivered,,4
3900,10557,Priya,Male,Grocery,6,4978.13,,Delivered,Bangalore,4
4089,15892,Pooja,Male,Books,4,4567.7,Net Banking,Cancelled,Pune,2
3508,12544,Pooja,Male,Clothing,1,2103.61,Cash,Cancelled,Pune,2
3385,16861,Rahul,Female,Grocery,9,2554.45,Cash,Cancelled,Pune,2
2535,10713,Priya,Male,Grocery,5,4604.58,Net Banking,Delivered,Mumbai,4
4449,14840,Amit,Female,Clothing,1,4835.09,UPI,Cancelled,Delhi,3
3165,14196,Pooja,Female,Electronics,2,4966.05,UPI,Delivered,Delhi,3
3519,19182,Arjun,Female,Clothing,4,2236.91,Cash,Delivered,Hyderabad,3
1191,10275,,Male,Furniture,2,4437.7,Cash,Delivered,Kolkata,3
4822,14719,Anuja,Male,Books,3,223.97,Cash,Cancelled,Chennai,3
2447,14342,Neha,Male,Furniture,9,2128.82,Net Banking,Returned,Hyderabad,2
4349,14889,Kiran,Female,Furniture,8,352.65,Cash,Delivered,Mumbai,4
3050,19379,Ravi,Female,Electronics,4,2901.21,,Delivered,Bangalore,4
3735,13395,Ravi,Male,Electronics,4,1634.48,Card,Delivered,Chennai,4
4151,15644,Sneha,Male,Electronics,7,963.13,Cash,Delivered,Pune,4
1645,17637,Kiran,Female,Books,1,3909.07,UPI,Delivered,Hyderabad,3
4402,13037,Pooja,Female,Furniture,3,796.88,Card,Delivered,Hyderabad,3
2403,11203,Kiran,Male,Books,3,3411.13,Card,Delivered,,5
2560,10577,Arjun,Female,Books,6,294.78,Net Banking,Delivered,Mumbai,4
2574,11821,Anuja,Female,Electronics,5,4226.43,Cash,Delivered,Kolkata,3
2985,12802,Arjun,Male,Grocery,7,4283.01,,Pending,Mumbai,3
1509,17388,Pooja,Female,Clothing,8,4995.9,UPI,Delivered,Chennai,4
3070,16634,Arjun,Male,Grocery,5,3609.81,UPI,Delivered,Kolkata,4
4294,16379,Anuja,Male,Grocery,7,3665.43,Cash,Delivered,Hyderabad,4
4090,10391,Rahul,Male,Electronics,2,1408.35,Cash,Delivered,Delhi,4
4140,19012,Rahul,Male,Clothing,8,4760.44,Cash,Delivered,,3
2353,13086,Anuja,Male,Electronics,2,1018.82,Net Banking,Delivered,Hyderabad,4
3704,12015,Priya,Male,Books,8,3534.93,Cash,Delivered,Delhi,4
2200,12094,Sneha,Male,Furniture,1,1621.36,Net Banking,Pending,Chennai,3
3397,11864,Priya,Male,Books,7,4273.64,Net Banking,Cancelled,Hyderabad,3
1820,11499,Arjun,Male,Clothing,5,2680.84,UPI,Delivered,Kolkata,5
1207,18462,Anuja,Male,Grocery,5,1440,Cash,Delivered,,4
1915,11600,Rahul,Other,Clothing,7,3564.1,UPI,Delivered,Pune,4
2597,13199,Sneha,Female,Clothing,2,4582.72,Cash,Delivered,Bangalore,3
1884,17339,Priya,Female,Furniture,3,1870.21,UPI,Delivered,Pune,4
2388,16860,Neha,Female,Clothing,5,3083.04,Card,Delivered,Pune,3
3848,16229,Arjun,Male,Furniture,1,359.45,Net Banking,Delivered,Chennai,3
1608,10178,Priya,Male,Electronics,6,4806.26,UPI,Delivered,Delhi,4
2693,12827,,Male,Grocery,1,3479.12,Net Banking,Delivered,Bangalore,3
2169,19230,,Male,Clothing,3,1502.89,Cash,Delivered,Kolkata,4
2412,13269,Amit,Male,Grocery,5,1766.72,UPI,Cancelled,Bangalore,1
2887,11161,Sneha,Female,Clothing,4,3504.42,Net Banking,Delivered,Chennai,4
4417,19947,Anuja,Female,Furniture,4,3292.65,UPI,Pending,Hyderabad,3
3160,11188,Kiran,Female,Clothing,6,258.12,Net Banking,Delivered,Pune,4
2714,19864,Neha,Male,Electronics,1,327.48,,Delivered,Pune,5
4397,19313,Anuja,Female,Furniture,5,3795.14,,Delivered,Hyderabad,4
4369,11975,Anuja,Male,Electronics,6,4553.29,Net Banking,Delivered,Mumbai,3
1370,10246,Arjun,Female,Clothing,8,2700.96,Net Banking,Delivered,Hyderabad,3
2603,17890,Sneha,Female,Grocery,9,2312.22,Cash,Pending,Kolkata,3
1847,14224,Sneha,Female,Grocery,3,2543.84,Net Banking,Pending,Mumbai,3
2182,14315,Amit,Male,Electronics,4,3720.08,Card,Returned,Chennai,2
2308,11459,Kiran,Male,Furniture,8,1323.53,Cash,Delivered,Kolkata,4
4426,10130,Anuja,Male,Furniture,6,4080.56,Cash,Delivered,Mumbai,4
4441,15086,Kiran,Male,Electronics,8,1709.77,UPI,Pending,Hyderabad,2
1895,13932,Anuja,Female,Grocery,2,1869.39,Net Banking,Pending,Hyderabad,3
1667,13981,Pooja,Female,Clothing,3,2779.18,,Delivered,,4
1375,17276,Arjun,Female,Furniture,1,,,Delivered,Delhi,4
1375,16222,Anuja,Male,Clothing,5,,Card,Delivered,Bangalore,4
4996,12775,Sneha,Male,Furniture,6,1104.99,Cash,Pending,Bangalore,4
3726,18560,Rahul,Male,Grocery,9,2118.87,Net Banking,Cancelled,Bangalore,2
1804,10056,Neha,Female,Grocery,6,3037.59,Card,Cancelled,Pune,2
4028,13900,Amit,Male,Clothing,1,,Card,Delivered,Hyderabad,4
1170,13114,Amit,Female,Grocery,7,3861.09,Cash,Delivered,Chennai,4
2449,19545,Kiran,Male,Grocery,8,2167.27,Card,Delivered,Mumbai,4
3158,15330,Priya,Male,Clothing,7,2508.6,UPI,Delivered,Chennai,4
3547,14262,,Male,Furniture,3,,Cash,Delivered,Chennai,4
1724,12820,Arjun,Female,Electronics,8,2521.87,Card,Cancelled,Hyderabad,2
3965,14130,Rahul,Male,Grocery,9,1853.39,UPI,Delivered,Mumbai,4
1459,12721,Kiran,Male,Grocery,2,859.3,Cash,Pending,Delhi,4
4269,15110,Priya,Female,Clothing,1,2872.05,UPI,Delivered,Chennai,4
2573,11387,Ravi,Male,Grocery,3,3252.16,Net Banking,Delivered,Hyderabad,3
1262,17371,Kiran,Male,Furniture,3,1260.34,Net Banking,Delivered,Pune,5
3189,10039,Kiran,Female,Electronics,9,1881.02,Net Banking,Delivered,,4
2309,16931,Amit,Male,Clothing,7,1262.55,,Delivered,Hyderabad,3
4547,15262,Arjun,Female,Grocery,4,980.82,UPI,Returned,Delhi,2
3368,10569,Amit,Male,Clothing,2,234.91,UPI,Cancelled,Pune,2
3936,14930,Ravi,Male,Electronics,8,1986.88,Net Banking,Delivered,,5
3315,11780,Kiran,Male,Clothing,2,3885.48,UPI,Delivered,Mumbai,4
2383,18101,Ravi,Female,Clothing,2,3707.97,Cash,Cancelled,Kolkata,2
4114,17437,Anuja,Male,Furniture,9,2762.45,Card,Delivered,,4
2889,13066,Arjun,Male,Books,2,1918.19,Net Banking,Cancelled,Pune,2
3541,19821,Neha,Female,Books,1,3026.59,Net Banking,Pending,Delhi,3
2422,14238,Priya,Male,Clothing,4,4418.27,Net Banking,Delivered,Mumbai,5
1358,13535,Rahul,Male,Clothing,3,4520.28,Cash,Delivered,Mumbai,5
4136,14001,Priya,Male,Clothing,2,1167.16,Net Banking,Delivered,Kolkata,4
4619,13284,Pooja,Male,Furniture,9,3696.53,UPI,Delivered,Hyderabad,4
3214,18446,Pooja,Male,Clothing,3,4662.8,UPI,Delivered,Bangalore,4
4066,18654,Sneha,Male,Furniture,2,808.4,Cash,Delivered,Bangalore,4
3240,11370,Neha,Male,Grocery,9,3325.38,Card,Cancelled,Kolkata,2
1684,16189,Arjun,Female,Furniture,5,1307.61,Net Banking,Delivered,Hyderabad,4
1928,18113,Sneha,Male,Clothing,2,2703.17,Cash,Delivered,Chennai,4
1225,15761,Priya,Male,Furniture,3,4298.19,Cash,Pending,Bangalore,4
2772,12926,Priya,Female,Clothing,1,4275.39,Net Banking,Returned,Delhi,2
4106,18558,Sneha,Female,Books,8,1452.85,Net Banking,Returned,Pune,2
4856,16768,Anuja,Female,Grocery,3,2281.82,Net Banking,Delivered,Mumbai,5
4606,14231,Amit,Male,Grocery,2,2132.34,Card,Delivered,Pune,5
1191,10529,Amit,Male,Grocery,6,4807.22,Net Banking,Cancelled,Delhi,2
1596,12067,Amit,Male,Books,1,3343.69,Cash,Delivered,Kolkata,4
2482,10944,,Female,Books,1,3693.7,UPI,Delivered,Kolkata,4
3432,17715,Sneha,Female,Books,3,1735.22,,Delivered,Mumbai,4
4134,12685,Ravi,Female,Electronics,6,2728.18,Net Banking,Delivered,Mumbai,5
4476,13548,Priya,Male,Furniture,6,992.72,,Delivered,Delhi,4
1824,18125,Amit,Male,Electronics,4,3125.03,Card,Delivered,Bangalore,4
1258,17550,Amit,Male,Furniture,8,1856.33,,Pending,Bangalore,3
2836,11672,Rahul,Female,Clothing,2,1227.62,Net Banking,Pending,Pune,4
3715,16583,,Male,Furniture,1,4705.23,UPI,Delivered,Chennai,4
1922,17662,Arjun,Male,Furniture,3,3807.81,Card,Delivered,Chennai,4
3133,13345,Ravi,Female,Clothing,7,3339.12,Cash,Pending,Pune,3
3659,16742,Sneha,Male,Electronics,4,3314.89,Card,Cancelled,Mumbai,3
3109,16564,Amit,Female,Clothing,5,1089.52,Net Banking,Delivered,Hyderabad,4
4625,18605,Arjun,Female,Clothing,6,1276.52,UPI,Delivered,Mumbai,3
1341,18045,Kiran,Male,Books,7,2188.76,Net Banking,Delivered,,3
4286,10958,Kiran,Male,Furniture,4,4111,UPI,Delivered,Delhi,4
2515,11242,Priya,Female,Grocery,2,3971.87,UPI,Pending,Kolkata,4
4678,19057,Sneha,Female,Books,1,1654.36,UPI,Pending,Hyderabad,3
3732,11310,Rahul,Female,Furniture,5,1615.01,Card,Delivered,Mumbai,4
2570,15233,Arjun,Male,Electronics,3,2422.08,Card,Delivered,Kolkata,4
3126,13688,Ravi,Female,Grocery,9,4411.79,Net Banking,Delivered,Delhi,4
1628,11425,Sneha,Male,Clothing,8,2234.69,UPI,Delivered,Delhi,5
3571,16169,Pooja,Male,Grocery,7,1853.28,Net Banking,Cancelled,Pune,2
1165,11519,Ravi,Female,Furniture,4,2077.25,Cash,Delivered,Bangalore,4
1480,19638,Kiran,Female,Furniture,8,1038.82,UPI,Delivered,Pune,4
3903,18853,Pooja,Male,Electronics,7,3198.19,Cash,Returned,Chennai,2
2102,15769,Amit,Male,Furniture,4,2441.27,Card,Delivered,Delhi,3
3804,17351,Arjun,Male,Electronics,3,4128.05,,Returned,Pune,2
1713,10481,Pooja,Male,Grocery,8,3344.2,UPI,Delivered,Hyderabad,3
1171,17772,Arjun,Female,Books,4,1589.84,Card,Delivered,Kolkata,4
2240,11082,Rahul,Female,Furniture,7,1646.59,,Delivered,Hyderabad,3
2430,17548,Arjun,Male,Books,2,,UPI,Pending,Chennai,3
1876,10048,Rahul,Female,Furniture,3,1796.03,Card,Delivered,Delhi,4
3589,16731,Anuja,Female,Electronics,6,848.49,UPI,Delivered,,3
3823,11004,Pooja,Male,Furniture,9,1351.83,UPI,Delivered,Bangalore,3
1055,18529,Anuja,Male,Furniture,5,1821.22,Net Banking,Returned,Bangalore,2
3746,12907,Anuja,Female,Furniture,9,1001.96,Cash,Pending,Bangalore,2
4582,11220,Ravi,Female,Books,9,2834.33,Cash,Delivered,Hyderabad,5
3478,10124,Anuja,Male,Clothing,6,3787.85,UPI,Delivered,,4
1978,18168,Kiran,Female,Electronics,7,1223.8,Card,Delivered,Delhi,4
3104,18302,,Male,Clothing,1,1041.17,Card,Delivered,Mumbai,3
2913,11484,Anuja,Other,Clothing,3,2131.02,Card,Delivered,Hyderabad,4
4090,10356,Amit,Female,Grocery,7,1227.39,UPI,Returned,Hyderabad,2
2195,13202,Pooja,Female,Electronics,8,1294.08,Card,Pending,Kolkata,3
3261,18860,Arjun,Female,Furniture,3,2862.62,UPI,Delivered,Mumbai,3
3714,17820,Arjun,Female,Books,2,3841.41,Card,Delivered,Kolkata,4
1253,19617,Ravi,Female,Furniture,1,3499,Net Banking,Delivered,,4
3544,15664,Rahul,Female,Electronics,9,2281.98,Net Banking,Returned,Kolkata,1
2316,14996,Arjun,Female,Grocery,6,3118.9,Net Banking,Delivered,Pune,3
1072,16973,Pooja,Male,Furniture,5,1602.67,UPI,Delivered,Kolkata,4
1581,11251,Anuja,Female,Furniture,9,2784.16,Card,Delivered,Kolkata,4
4991,18945,Rahul,Other,Furniture,6,4747.8,,Delivered,Chennai,4
4798,11363,Ravi,Other,Furniture,8,,UPI,Delivered,Delhi,4
4144,14924,Arjun,Male,Electronics,6,2432.38,Net Banking,Delivered,Mumbai,4
4643,15755,Amit,Male,Books,3,2381.23,Net Banking,Delivered,Delhi,3
3504,11308,Neha,Female,Clothing,7,200.55,UPI,Delivered,Delhi,3
1571,19346,Priya,Female,Electronics,4,1040.96,Card,Delivered,Delhi,3
2776,15423,Anuja,Female,Clothing,2,1379.15,,Delivered,Hyderabad,4
2179,11773,Sneha,Male,Electronics,2,3020.72,Cash,Delivered,Pune,4
2855,11421,Arjun,Female,Clothing,9,4385.17,UPI,Pending,Pune,3
2335,13368,Rahul,Male,Books,6,1641.34,UPI,Delivered,Chennai,3
3019,18001,Sneha,Female,Grocery,7,4444.59,Card,Delivered,Mumbai,4
4189,11137,Ravi,Male,Books,1,1346.61,Card,Delivered,Kolkata,5
3523,16166,Pooja,Other,Clothing,5,3162.46,UPI,Pending,Kolkata,3
4802,11096,Amit,Female,Books,4,3712.77,Card,Delivered,Pune,4
1454,18039,Kiran,Female,Electronics,4,1714.64,UPI,Delivered,Pune,4
3256,12019,Priya,Male,Electronics,8,2566.42,Net Banking,Pending,Hyderabad,3
2727,14858,Amit,Male,Furniture,9,3983.2,Net Banking,Delivered,Pune,4
1104,13957,Arjun,Male,Grocery,5,3282.28,Card,Delivered,Hyderabad,4
3119,15084,Ravi,Female,Clothing,6,3209.61,Card,Pending,Mumbai,3
1848,19835,Priya,Male,Clothing,2,2538.84,Cash,Delivered,Bangalore,4
1719,17149,Rahul,Male,Electronics,7,1744.7,UPI,Delivered,Hyderabad,4
1922,16643,Pooja,Female,Clothing,7,3374.73,UPI,Delivered,Bangalore,3
3315,19321,Arjun,Other,Clothing,2,2877.62,Card,Delivered,,3
2279,10525,Anuja,Male,Electronics,4,4613.61,,Pending,Pune,3
4170,15003,Priya,Female,Furniture,5,,Cash,Pending,Mumbai,4
4313,13324,Rahul,Male,Clothing,2,2970.51,Cash,Delivered,Delhi,3
3079,18495,Pooja,Male,Furniture,4,1410.58,Net Banking,Delivered,Chennai,3
1595,19819,Rahul,Male,Grocery,7,2268.03,UPI,Delivered,Kolkata,4
3489,17548,Priya,Male,Clothing,7,3431.75,Cash,Returned,Mumbai,2
3828,17837,Priya,Male,Furniture,2,1190.22,Net Banking,Delivered,Bangalore,4
3279,19650,Rahul,Male,Furniture,9,510.03,UPI,Pending,Hyderabad,3
2698,18624,Amit,Male,Grocery,1,2727.77,Cash,Delivered,,4
2135,17092,Ravi,Female,Books,3,4630.41,Cash,Pending,Pune,3
3618,17737,Arjun,Male,Grocery,4,1041.32,Cash,Delivered,Kolkata,4
3660,10703,Amit,Male,Furniture,8,148.04,Cash,Returned,Bangalore,2
2809,10780,Sneha,Male,Furniture,5,221.75,Cash,Delivered,Kolkata,4
1018,11446,Anuja,Female,Books,4,3892.22,Card,Delivered,Chennai,5
3905,16074,Neha,Male,Grocery,3,2236.02,UPI,Pending,Bangalore,3
2576,10179,Neha,Female,Books,1,2275.93,Net Banking,Pending,Kolkata,3
1505,12366,Anuja,Female,Clothing,5,2177.58,Cash,Pending,Chennai,2
1356,16553,Anuja,Other,Grocery,2,4798.3,Card,Delivered,Bangalore,4
2673,15291,Arjun,Other,Electronics,9,654.87,UPI,Delivered,Hyderabad,3
1637,16370,Sneha,Male,Furniture,3,3302.63,Net Banking,Delivered,Mumbai,4
3637,16833,Anuja,Female,Books,3,4205.38,UPI,Delivered,Hyderabad,4
2708,18990,Ravi,Female,Furniture,7,4938.97,UPI,Delivered,Chennai,3
1992,12722,Priya,Female,Books,7,2880.25,Net Banking,Delivered,Mumbai,5
2907,13892,Neha,Male,Books,5,1332.23,Cash,Delivered,Chennai,4
3006,16507,,Male,Clothing,3,,Card,Delivered,Hyderabad,4
4055,16982,Amit,Other,Furniture,2,3918.62,UPI,Delivered,Chennai,4
3624,14209,Rahul,Female,Books,5,912.44,Net Banking,Pending,Mumbai,3
2706,12562,Neha,Female,Electronics,2,157.83,Net Banking,Pending,,3
4586,10442,Sneha,Female,Clothing,4,643.65,UPI,Cancelled,Chennai,3
4283,11989,Kiran,Female,Clothing,1,4374.09,Net Banking,Delivered,Delhi,5
3214,12705,Sneha,Male,Books,9,2761.65,Cash,Delivered,Bangalore,4
4391,13293,,Male,Furniture,7,4832.5,UPI,Delivered,Chennai,4
4833,12810,Priya,Male,Grocery,3,3957.02,UPI,Cancelled,,2
3808,15301,Sneha,Male,Furniture,8,2561.34,Cash,Delivered,,5
3331,19602,Arjun,Male,Electronics,6,2049.21,,Delivered,Hyderabad,4
1175,14314,Priya,Male,Clothing,2,4826.19,UPI,Cancelled,Delhi,2
2914,19340,Ravi,Other,Clothing,9,971.31,Card,Delivered,Delhi,4
2872,16724,Neha,Male,Books,5,110.14,Cash,Delivered,Chennai,4
1548,12933,Kiran,Female,Books,5,610.84,Card,Delivered,Chennai,3
2951,19893,Pooja,Female,Furniture,5,2303.37,UPI,Pending,Kolkata,3
3707,18697,Anuja,Female,Electronics,6,789.23,Card,Delivered,Pune,4
4338,19034,Kiran,Other,Books,3,3683.67,Card,Delivered,Delhi,4
4072,13055,Kiran,Female,Grocery,6,1478.85,Card,Pending,Kolkata,3
1855,15065,Rahul,Male,Furniture,9,3910.78,Net Banking,Delivered,Bangalore,5
1047,16957,Neha,Female,Books,5,3073.93,Card,Cancelled,Pune,3
4326,16822,Anuja,Male,Clothing,3,1052.78,Net Banking,Delivered,,4
2455,14741,Arjun,Female,Electronics,2,884.55,Card,Delivered,Bangalore,4
1142,15372,Pooja,Female,Electronics,3,4353.91,Net Banking,Delivered,Delhi,5
4162,14589,Neha,Female,Grocery,3,413.38,Cash,Cancelled,Pune,1
3278,10246,Rahul,Male,Furniture,3,1425.14,Card,Delivered,Mumbai,4
1309,12631,Amit,Other,Furniture,7,2532.21,,Delivered,Pune,4
3385,12401,Neha,Male,Grocery,9,1382.26,Card,Delivered,Hyderabad,3
3952,11180,Ravi,Male,Grocery,8,4883.19,Card,Delivered,Bangalore,5
1619,14499,Amit,Female,Furniture,2,2928.87,Card,Pending,Hyderabad,3
1791,11617,Ravi,Male,Books,4,3804.78,Net Banking,Delivered,Pune,4
4779,17283,Pooja,Female,Grocery,7,4512.31,Card,Delivered,Bangalore,4
3978,13574,Pooja,Female,Clothing,6,4044,Card,Delivered,Pune,4
2394,16642,Kiran,Female,Grocery,7,1368.6,Net Banking,Returned,,3
3928,16945,Sneha,Female,Clothing,6,3901.95,UPI,Delivered,Delhi,5
2957,13774,,Female,Books,8,3159.41,Card,Delivered,Kolkata,5
1722,12432,Priya,Female,Grocery,3,4735.26,,Cancelled,Kolkata,2
1262,13629,Pooja,Other,Books,9,1201.43,Net Banking,Pending,Mumbai,2
4795,15419,Amit,Female,Books,7,,Net Banking,Delivered,,5
1515,13923,Neha,Female,Clothing,2,2224.55,Cash,Pending,Pune,2
3665,15966,Anuja,Male,Grocery,6,1308.11,Cash,Pending,Delhi,2
3972,16980,Ravi,Female,Clothing,6,220.27,Cash,Delivered,Delhi,3
4091,16976,Amit,Male,Books,6,,Card,Delivered,Delhi,5
4236,14960,Arjun,Male,Grocery,6,3459.86,Net Banking,Pending,Pune,3
2678,18691,Amit,Female,Clothing,6,127.99,Net Banking,Delivered,Mumbai,4
4388,11351,Neha,Male,Clothing,3,1338.64,Cash,Delivered,Delhi,3
1341,15141,Rahul,Female,Electronics,4,1314.83,Cash,Delivered,Pune,4
2619,18215,Kiran,Male,Books,1,4984.83,,Pending,Chennai,3
2451,12589,Pooja,Female,Clothing,7,1625.83,Cash,Pending,Kolkata,4
4306,14846,Sneha,Female,Furniture,3,4093.69,Card,Delivered,Mumbai,4
2350,18509,Amit,Male,Books,3,698.89,UPI,Cancelled,Mumbai,2
4973,17203,Sneha,Female,Grocery,3,679.69,Cash,Cancelled,Delhi,3
2225,14029,Kiran,Female,Furniture,9,2377.55,UPI,Pending,Bangalore,4
2067,10634,Neha,Other,Furniture,9,3096.15,Net Banking,Delivered,Bangalore,4
1427,14942,Ravi,Female,Electronics,9,4947.85,Cash,Delivered,Kolkata,5
3347,18825,Kiran,Female,Grocery,9,578.79,Net Banking,Delivered,Chennai,4
1578,10802,Priya,Female,Furniture,2,4079.42,,Pending,Hyderabad,4
3332,17058,Arjun,Male,Furniture,8,1044.34,,Delivered,Kolkata,3
3064,10266,Ravi,Female,Books,6,1572.05,Net Banking,Cancelled,Mumbai,1
4474,16567,Rahul,Male,Clothing,4,3523.39,Cash,Pending,Bangalore,4
1456,16324,Priya,Male,Electronics,6,2341.96,UPI,Delivered,Mumbai,4
3071,12670,Kiran,Female,Books,3,3497.42,Net Banking,Delivered,Mumbai,3
2319,10378,Neha,Female,Books,3,3567.98,UPI,Pending,,4
3241,19025,Arjun,Female,Clothing,4,3577.71,Card,Cancelled,Kolkata,1
1341,10419,Arjun,Female,Grocery,7,925.42,Net Banking,Delivered,Mumbai,4
4191,11241,Neha,Female,Furniture,2,363.54,Net Banking,Delivered,Hyderabad,4
3590,14353,Amit,Other,Grocery,7,4475.3,Card,Delivered,Kolkata,3
1352,11088,Pooja,Male,Clothing,1,3487.24,Card,Delivered,Kolkata,5
1383,14478,Amit,Female,Electronics,3,2995.17,Cash,Delivered,Bangalore,5
1684,19179,Sneha,Male,Furniture,4,2025.21,Net Banking,Delivered,Bangalore,3
1601,19055,Arjun,Female,Books,4,206.72,Net Banking,Pending,Mumbai,2
1659,16522,Pooja,Male,Electronics,5,2125.49,UPI,Pending,Pune,3
4199,17157,Rahul,Female,Grocery,6,3235.85,,Pending,,2
1066,18266,Arjun,Female,Furniture,9,2200.69,Cash,Delivered,Chennai,4
2443,12373,Anuja,Male,Furniture,5,4401.33,Net Banking,Delivered,Kolkata,5
1060,16911,Anuja,Female,Furniture,8,4679.89,Card,Delivered,Bangalore,4
4771,10886,Sneha,Female,Books,5,,UPI,Delivered,Hyderabad,4
2283,17545,Rahul,Female,Books,7,1632.97,Card,Delivered,Hyderabad,3
3881,12064,Pooja,Male,Clothing,1,2986.31,UPI,Delivered,,4
4597,18893,Ravi,Other,Electronics,9,284.63,Net Banking,Delivered,Bangalore,3
3940,19092,Kiran,Male,Grocery,5,2229.56,Card,Delivered,Hyderabad,4
3021,12513,Neha,Female,Clothing,5,2679.38,UPI,Delivered,Pune,4
3434,11501,Kiran,Female,Books,4,3949.14,,Delivered,Mumbai,4
4578,12853,Pooja,Female,Clothing,8,2783.61,Card,Delivered,Kolkata,4
2134,13148,,Male,Furniture,2,2084.77,Cash,Delivered,Pune,4
3747,11507,Pooja,Male,Grocery,3,2589.67,Cash,Delivered,Bangalore,4
4807,15688,Rahul,Male,Clothing,5,4444.2,Cash,Delivered,Pune,4
3248,11352,Neha,Female,Furniture,5,1001.71,Cash,Delivered,Bangalore,4
1329,14042,Neha,Female,Grocery,4,1413.54,UPI,Delivered,Bangalore,3
1397,11785,Neha,Female,Books,4,,Card,Pending,Kolkata,3
4953,15089,Kiran,Female,Grocery,9,1399.76,Net Banking,Delivered,Bangalore,4
4850,15322,Anuja,Male,Furniture,3,4684.8,,Delivered,Delhi,3
2473,18661,,Female,Clothing,1,739.25,Cash,Returned,Delhi,2
3660,18824,Pooja,Female,Furniture,7,431.56,UPI,Cancelled,Mumbai,2
3266,12834,Rahul,Female,Books,2,1237.57,Cash,Delivered,Hyderabad,3
4629,17979,Kiran,Other,Clothing,9,1205.08,Card,Delivered,Chennai,3
4278,12212,Ravi,Male,Books,1,843.23,Card,Delivered,Delhi,3
4865,17947,Ravi,Female,Books,6,4257.32,Card,Delivered,Chennai,4
2879,10975,Sneha,Male,Grocery,7,1830.62,,Delivered,Chennai,4
1419,13857,Sneha,Male,Furniture,5,707.79,Cash,Pending,Mumbai,2
4313,18713,Amit,Female,Books,7,2055.91,Cash,Delivered,Delhi,3
3935,13650,Rahul,Male,Furniture,7,3176.04,Cash,Delivered,Bangalore,5
4097,17642,Kiran,Female,Clothing,6,,Net Banking,Cancelled,Kolkata,2
1786,15120,Ravi,Male,Furniture,6,615.05,Cash,Delivered,Delhi,4
4582,18437,Rahul,Female,Clothing,3,2657.56,Net Banking,Delivered,Kolkata,4
4736,11893,Arjun,Other,Grocery,3,,Cash,Pending,Mumbai,2
1905,14131,Priya,Male,Grocery,7,2705.18,UPI,Delivered,Hyderabad,4
4275,10033,Priya,Female,Electronics,4,2898.67,Card,Pending,Mumbai,2
2041,17270,Pooja,Female,Electronics,3,2821.31,Net Banking,Delivered,Chennai,4
3622,19818,Arjun,Male,Furniture,6,1363.96,Cash,Pending,Chennai,3
2809,13510,Rahul,Female,Electronics,8,2581.41,UPI,Delivered,Bangalore,4
1012,12377,Ravi,Female,Books,4,1492.71,Net Banking,Delivered,Hyderabad,3
4736,18063,Priya,Female,Books,2,1807.83,UPI,Delivered,Delhi,5
2903,12025,Pooja,Male,Books,3,200.59,Card,Delivered,Delhi,4
1951,17078,,Other,Books,9,1364.61,Net Banking,Delivered,Mumbai,4
1804,17619,Neha,Female,Books,9,1908.52,Cash,Delivered,Delhi,5
3839,15611,Ravi,Female,Furniture,9,2577.73,Cash,Pending,Mumbai,3
3800,12337,Kiran,Female,Electronics,2,2782.4,Card,Delivered,Hyderabad,4
4890,14758,Rahul,Male,Grocery,6,4372.17,Net Banking,Delivered,Delhi,5
4552,15272,Amit,Male,Furniture,3,797.55,Cash,Delivered,Chennai,3
3305,19432,Arjun,Male,Electronics,3,1004.15,Cash,Pending,Hyderabad,4
4216,12176,Amit,Female,Books,8,3281.93,UPI,Delivered,Delhi,4
3385,15403,Anuja,Male,Books,6,2771.77,Cash,Delivered,Mumbai,4
1821,19458,Kiran,Female,Books,1,1559.45,UPI,Delivered,Chennai,4
3564,11934,Kiran,Female,Furniture,4,578.76,UPI,Delivered,Bangalore,4
4747,14374,Amit,Male,Clothing,9,2772.51,Net Banking,Delivered,Pune,5
1804,12268,Anuja,Male,Furniture,6,3984.3,Net Banking,Returned,Mumbai,2
2814,15044,Anuja,Male,Grocery,5,721.36,UPI,Delivered,Delhi,3
4301,14340,Anuja,Male,Books,3,3791.55,Net Banking,Delivered,Kolkata,4
1787,16566,Arjun,Male,Furniture,8,396.72,Cash,Delivered,Chennai,4
2111,12320,Rahul,Female,Clothing,7,568.95,,Delivered,Pune,4
2878,14758,Rahul,Female,Grocery,2,3172.94,Net Banking,Pending,Kolkata,3
3992,17160,Anuja,Male,Electronics,2,2202.33,Card,Pending,Bangalore,3
4846,16327,Ravi,Female,Furniture,2,815.37,Cash,Delivered,Chennai,3
2899,16639,Rahul,Female,Clothing,6,4536.64,Card,Delivered,Kolkata,4
3010,12383,Priya,Female,Books,9,,Net Banking,Delivered,Kolkata,3
3269,19595,,Male,Electronics,6,4071.96,UPI,Delivered,Delhi,4
1448,14537,Sneha,Female,Books,8,3685.76,Net Banking,Delivered,Delhi,4
4798,13412,Arjun,Female,Grocery,4,1533.56,Net Banking,Delivered,Hyderabad,5
4075,19647,Anuja,Male,Clothing,4,4305.95,UPI,Pending,Hyderabad,4
4726,10783,Priya,Female,Furniture,5,281.44,Cash,Delivered,Bangalore,4
1052,17013,Ravi,Female,Grocery,9,2822.34,Cash,Delivered,Pune,4
1691,19850,Priya,Female,Clothing,6,768.06,Net Banking,Cancelled,Pune,2
2661,13459,Neha,Male,Electronics,3,3958.41,Net Banking,Delivered,Delhi,4
4696,19232,Ravi,Male,Grocery,3,3112.86,UPI,Delivered,Hyderabad,4
1983,11885,Sneha,Male,Books,4,1119.81,Net Banking,Delivered,Mumbai,4
4984,19998,Rahul,Female,Clothing,9,4867.76,Cash,Returned,Bangalore,3
3354,10361,,Female,Books,7,4203.59,Net Banking,Delivered,Delhi,5
1307,10183,Pooja,Male,Clothing,2,1460.75,Card,Pending,Mumbai,2
3791,19587,Pooja,Female,Clothing,6,4122.52,UPI,Cancelled,Bangalore,2
4465,17146,Anuja,Female,Books,5,337.18,Cash,Delivered,Chennai,4
1619,18722,Sneha,Female,Grocery,3,1823.6,Net Banking,Delivered,Delhi,4
4150,11299,Rahul,Male,Clothing,1,3496.14,Cash,Delivered,Chennai,4
2035,18102,Kiran,Female,Books,2,1701.19,UPI,Delivered,,4
3910,17140,Kiran,Female,Clothing,5,3923.99,UPI,Cancelled,Pune,2
2112,10804,Amit,Male,Books,8,4365.8,Card,Delivered,Bangalore,4
2921,18949,Amit,Male,Grocery,2,3211.49,Card,Delivered,Delhi,4
1758,16331,Ravi,Female,Electronics,5,3956.19,Card,Delivered,Mumbai,5
4479,15146,Rahul,Male,Clothing,3,2114.02,Card,Delivered,Mumbai,4
3512,10015,Rahul,Male,Electronics,6,2518.92,Net Banking,Delivered,Mumbai,3
3448,19327,Arjun,Male,Electronics,8,771.07,Card,Delivered,Hyderabad,5
4958,14267,Amit,Female,Grocery,7,1302.79,Net Banking,Delivered,Pune,3
2109,15344,Amit,Female,Books,2,2968.22,Net Banking,Returned,Mumbai,2
3539,14675,Sneha,Male,Books,7,2819.25,Cash,Delivered,Pune,5
2931,18864,Rahul,Female,Books,7,1780.15,Net Banking,Delivered,Kolkata,4
2986,12280,Pooja,Male,Grocery,5,4247.55,Card,Cancelled,Pune,2
4171,10804,Neha,Female,Books,4,3129.25,Net Banking,Delivered,Kolkata,4
1971,16831,,Other,Electronics,3,3548.26,Cash,Delivered,Bangalore,3
3231,10548,Neha,Male,Clothing,6,2444.88,UPI,Returned,Chennai,1
2928,16229,Ravi,Other,Clothing,3,2490.35,Cash,Pending,,2
3791,11414,Amit,Male,Clothing,6,2708.33,Card,Delivered,Delhi,4
2340,10533,Anuja,Female,Furniture,1,1551.16,,Delivered,Delhi,4
2681,19083,,Female,Electronics,8,3296.31,UPI,Delivered,Pune,3
4682,12288,Amit,Female,Grocery,8,3990.93,UPI,Cancelled,Hyderabad,3
3657,13038,Amit,Male,Books,3,1438.5,Cash,Delivered,Delhi,4
4273,17262,Priya,Female,Clothing,9,295.87,UPI,Delivered,,3
2062,12986,Kiran,Male,Electronics,5,183.14,Net Banking,Pending,Hyderabad,4
4605,15311,Sneha,Female,Furniture,4,3367.04,Cash,Delivered,Delhi,3
2583,17059,Neha,Male,Grocery,2,929.91,UPI,Delivered,Pune,4
3598,11621,Ravi,Male,Clothing,2,4656.09,Cash,Delivered,Pune,4
2152,15696,Anuja,Female,Furniture,2,2491.9,Cash,Delivered,Chennai,4
3738,10425,Anuja,Female,Grocery,9,434.22,UPI,Delivered,Pune,5
3692,18532,Priya,Other,Furniture,4,417.73,UPI,Delivered,Delhi,5
3975,17871,Priya,Female,Grocery,7,1664.79,Card,Pending,Bangalore,3
4485,10292,Priya,Male,Grocery,7,2895.79,Net Banking,Delivered,Chennai,4
2202,12355,Pooja,Male,Clothing,7,375.12,Card,Pending,Chennai,4
1763,17422,Anuja,Male,Electronics,1,,UPI,Returned,Delhi,2
3143,13602,Amit,Male,Books,5,1164.12,UPI,Pending,Bangalore,4
4991,14598,Sneha,Male,Books,3,4951.23,Net Banking,Delivered,Bangalore,4
2082,15969,Ravi,Male,Clothing,9,4845.02,Card,Delivered,Pune,4
2503,15025,Priya,Female,Furniture,1,3282.19,Cash,Delivered,Hyderabad,4
4350,16131,Kiran,Male,Clothing,7,912.13,UPI,Delivered,,5
4152,17619,Sneha,Male,Grocery,8,2969.56,UPI,Pending,Kolkata,4
2469,18864,Anuja,Male,Clothing,9,4626.9,Cash,Delivered,Kolkata,4
3156,13936,Ravi,Male,Clothing,9,2877.28,Cash,Delivered,Delhi,4
3938,12149,Sneha,Male,Electronics,9,137.03,UPI,Delivered,Chennai,4
1954,15773,Pooja,Other,Electronics,9,1273.39,Cash,Pending,Bangalore,3
4546,10597,Arjun,Other,Books,3,1358,UPI,Cancelled,,2
1661,18172,Anuja,Female,Clothing,5,113.43,UPI,Delivered,Hyderabad,4
4380,13748,Anuja,Male,Electronics,5,273.27,UPI,Delivered,Hyderabad,5
4701,13061,Neha,Male,Grocery,3,1521.09,Cash,Pending,Mumbai,3
1866,19786,Amit,Male,Clothing,8,3099.91,Card,Pending,,3
2641,12160,Pooja,Male,Electronics,9,1867.75,Cash,Delivered,Bangalore,3
3792,14820,Rahul,Female,Electronics,8,1586.41,UPI,Delivered,Kolkata,4
4762,14793,,Male,Grocery,8,206.8,Cash,Delivered,Bangalore,4
2733,12972,Neha,Male,Furniture,3,1091.64,Net Banking,Delivered,Kolkata,5
4680,13123,Kiran,Female,Electronics,8,3962.33,UPI,Delivered,Kolkata,4
3934,12203,Anuja,Male,Clothing,6,2543.72,UPI,Returned,Bangalore,2
3187,19660,Sneha,Female,Furniture,9,2416.99,Card,Pending,Hyderabad,2
4169,12364,Pooja,Female,Clothing,4,973.11,Cash,Delivered,Pune,5
3636,10603,Neha,Male,Books,1,214.1,Net Banking,Returned,Delhi,2
2460,11816,Neha,Male,Furniture,3,1714.69,UPI,Pending,Bangalore,4
1134,14333,Amit,Female,Clothing,8,2449.44,Net Banking,Pending,,2
3212,15242,Pooja,Female,Furniture,1,1773.64,Cash,Delivered,Bangalore,4
3064,11610,Priya,Female,Furniture,2,2462.34,Cash,Pending,Bangalore,4
2497,19493,Rahul,Male,Clothing,8,3417.72,Card,Delivered,Pune,3
3693,13787,Ravi,Female,Grocery,4,3492.39,Card,Delivered,Chennai,4
2956,12390,Ravi,Female,Grocery,4,455.37,UPI,Delivered,Chennai,4
2107,11963,Pooja,Male,Grocery,6,3071.21,UPI,Delivered,Bangalore,5
1038,17880,Kiran,Female,Furniture,5,4595.74,Card,Delivered,Chennai,5
3382,16203,Kiran,Female,Electronics,4,4927.35,Card,Pending,Kolkata,4
4969,18867,Ravi,Female,Electronics,6,2482.62,UPI,Delivered,Hyderabad,4
1869,15489,Ravi,Female,Grocery,9,1389.64,Card,Cancelled,Bangalore,2
3546,15147,Kiran,Female,Clothing,8,2647.53,UPI,Pending,Hyderabad,3
4786,18108,Amit,Female,Electronics,3,4236.58,Card,Delivered,,5
1383,11757,Kiran,Female,Clothing,8,4824.25,UPI,Cancelled,Kolkata,1
1929,18339,Ravi,Female,Furniture,7,980.88,UPI,Delivered,Mumbai,5
4921,10325,Ravi,Male,Furniture,4,948.19,UPI,Delivered,Bangalore,4
2932,18841,Rahul,Female,Grocery,5,2379.9,Cash,Pending,Pune,2
3201,11218,Ravi,Male,Books,2,1350.28,UPI,Delivered,Pune,4
4834,13562,Arjun,Female,Furniture,3,4316.95,UPI,Delivered,Pune,4
4610,18855,Arjun,Male,Furniture,5,3028.04,Card,Delivered,Delhi,3
3858,11579,Pooja,Male,Electronics,9,3882.46,Card,Delivered,Mumbai,3
1449,19900,Neha,Male,Furniture,5,3348.24,UPI,Delivered,Mumbai,5
4683,10414,Amit,Other,Books,9,3871.98,Card,Delivered,Delhi,5
3383,18653,Rahul,Female,Furniture,3,2684.73,Net Banking,Cancelled,Hyderabad,1
4627,13555,Kiran,Other,Books,1,,Cash,Delivered,Kolkata,5
1787,18770,,Female,Clothing,1,4833.38,Card,Delivered,Mumbai,5
3693,12526,Sneha,Male,Furniture,4,377.76,UPI,Delivered,,5
2712,19073,Kiran,Female,Clothing,8,2607.6,Net Banking,Delivered,Kolkata,4
4296,17169,Ravi,Male,Electronics,9,270.08,UPI,Delivered,Kolkata,4
2601,10004,Sneha,Female,Books,1,2792.74,Card,Delivered,Bangalore,5
1584,15408,Rahul,Female,Grocery,4,,Card,Delivered,Bangalore,5
2911,16668,Sneha,Male,Clothing,9,4428.11,UPI,Returned,Delhi,2
3801,19912,Rahul,Male,Furniture,2,1416.16,Card,Cancelled,Hyderabad,1
1287,12309,Priya,Female,Furniture,9,2801.6,Card,Delivered,Kolkata,3
3971,18250,Anuja,Male,Books,2,4793.76,Net Banking,Pending,Hyderabad,3
1184,12670,Amit,Male,Grocery,6,2633.29,Net Banking,Delivered,Delhi,3
2354,18663,Kiran,Female,Electronics,9,3022.76,Net Banking,Delivered,Chennai,3
2968,14055,,Male,Furniture,3,,Card,Delivered,Delhi,3
2959,12808,Ravi,Female,Furniture,3,3208.69,Card,Delivered,Pune,4
3186,13761,Kiran,Female,Electronics,7,1060.19,Net Banking,Cancelled,Hyderabad,2
1682,14676,Arjun,Male,Books,8,3050.96,UPI,Delivered,Delhi,4
2058,10352,Ravi,Female,Books,4,2923.54,Net Banking,Delivered,Delhi,5
4052,12963,Neha,Male,Electronics,9,1120.25,,Delivered,Pune,4
2551,10522,Priya,Female,Clothing,1,350.76,Card,Delivered,Mumbai,4
1456,16324,Priya,Male,Electronics,6,2341.96,UPI,Delivered,Mumbai,4
2404,11660,Arjun,Male,Books,2,4139.13,Card,Delivered,Chennai,4
3331,18846,Anuja,Male,Grocery,8,1103.8,UPI,Delivered,Mumbai,3
4718,14798,Priya,Female,Electronics,6,3520.59,UPI,Delivered,Pune,4
1479,13544,Kiran,Male,Grocery,9,2065.37,Cash,Delivered,Chennai,5
3853,16830,Rahul,Female,Electronics,3,1674.59,Cash,Delivered,Bangalore,4
3100,17478,Kiran,Female,Furniture,6,2633.47,Net Banking,Delivered,Delhi,4
2938,17862,Anuja,Female,Furniture,7,3721.1,Net Banking,Pending,Mumbai,3
2058,10874,Anuja,Male,Books,1,3000.37,Card,Delivered,Hyderabad,5
1896,19586,Amit,Female,Clothing,2,3531.06,UPI,Cancelled,Kolkata,2
2132,16981,Pooja,Female,Books,5,3872.61,Card,Delivered,Chennai,4
2451,13039,Ravi,Other,Clothing,2,1551.72,,Delivered,Kolkata,4
2086,15334,Anuja,Other,Books,4,1092.92,Card,Pending,Chennai,2
1859,17899,Pooja,Female,Furniture,2,4606.47,UPI,Delivered,,5
4892,15931,Amit,Female,Books,4,511.89,UPI,Pending,Delhi,3
1836,14858,Sneha,Female,Grocery,3,4209.85,Cash,Delivered,Kolkata,4
4197,14651,Neha,Female,Books,3,3814.57,UPI,Pending,Kolkata,3
3841,16451,Pooja,Female,Electronics,3,376.49,Net Banking,Pending,Hyderabad,2
1558,16969,Anuja,Female,Clothing,7,556.68,Card,Delivered,Kolkata,4
3294,18498,Rahul,Male,Furniture,4,1443.34,Card,Delivered,Hyderabad,3
3600,19708,Anuja,Female,Grocery,7,2594.46,Cash,Delivered,Chennai,4
3505,11845,Anuja,Female,Books,6,,,Delivered,Bangalore,4
1873,10823,Sneha,Male,Furniture,2,3186.37,Card,Delivered,Chennai,3
4715,19510,Ravi,Female,Electronics,4,1512.96,Card,Delivered,Pune,4
3950,11226,Pooja,Female,Clothing,4,1137.75,Net Banking,Pending,Chennai,3
1055,19168,Pooja,Female,Books,2,1111.08,Net Banking,Pending,Hyderabad,4
1946,13803,Arjun,Male,Grocery,3,3108.95,UPI,Delivered,Delhi,3
4772,17309,Ravi,Male,Books,4,4152.51,UPI,Cancelled,Bangalore,2
1627,13342,Ravi,Female,Furniture,6,2623.6,UPI,Returned,Chennai,1
2164,10089,Kiran,Female,Books,4,3592.71,Card,Delivered,Pune,4
1476,15231,Rahul,Male,Grocery,9,957.39,Cash,Delivered,Chennai,5
3349,11736,Sneha,Female,Clothing,3,4826.34,Cash,Pending,Pune,3
1737,15611,Neha,Male,Clothing,7,3848.75,Card,Delivered,Chennai,4
2311,19371,Rahul,Male,Grocery,7,1465.91,UPI,Delivered,Pune,4
1424,10107,Kiran,Female,Clothing,6,3089.06,Net Banking,Delivered,Bangalore,4
4629,17979,Kiran,Other,Clothing,9,1205.08,Card,Delivered,Chennai,5
1300,11872,Anuja,Female,Books,1,4575.95,Card,Delivered,Mumbai,4
1015,10818,Sneha,Female,Grocery,8,3175.86,Cash,Delivered,Mumbai,3
2950,13883,Sneha,Female,Furniture,8,1434.55,Cash,Pending,Bangalore,3
2478,13119,Priya,Female,Electronics,4,1527.63,Cash,Delivered,Chennai,4
2698,15951,Rahul,Female,Clothing,4,3339.52,Cash,Cancelled,Kolkata,2
3601,19696,Priya,Female,Grocery,9,3748,UPI,Delivered,Pune,5
3876,15639,Pooja,Female,Furniture,1,4580.88,Card,Delivered,Mumbai,5
2757,14316,Ravi,Female,Furniture,3,2079.06,Cash,Delivered,Mumbai,4
3726,13838,Sneha,Female,Books,9,1978.17,UPI,Delivered,Pune,3
3851,17482,Neha,Male,Furniture,5,,UPI,Delivered,Chennai,5
3601,16704,Rahul,Female,Grocery,2,4957.93,Cash,Cancelled,Chennai,2
1895,11559,,Male,Electronics,9,1983.88,UPI,Delivered,Chennai,4
4510,10653,Sneha,Other,Grocery,1,2598.86,Cash,Delivered,Pune,4
3463,11617,Rahul,Male,Clothing,1,3184.43,Cash,Returned,Bangalore,3
4963,17754,Sneha,Female,Grocery,5,825.51,Net Banking,Delivered,Delhi,5
4699,16101,Arjun,Male,Furniture,2,359.11,Cash,Delivered,Bangalore,4
1684,18802,Arjun,Female,Books,6,4484.4,Net Banking,Delivered,Mumbai,3
4739,14558,Amit,Other,Grocery,1,379.51,Net Banking,Pending,Bangalore,3
1985,18484,Pooja,Female,Grocery,6,1877.08,Cash,Delivered,Mumbai,4
2789,10149,,Male,Clothing,5,,Card,Delivered,Delhi,3
1312,19603,Priya,Male,Electronics,5,680.71,Cash,Pending,Bangalore,4
2993,14185,Amit,Female,Clothing,9,895.75,Card,Pending,Kolkata,3
2314,15246,Kiran,Other,Furniture,7,3494.6,Net Banking,Cancelled,Delhi,3
3720,10117,Priya,Male,Grocery,9,2305.73,Card,Delivered,Delhi,4
3510,17637,Anuja,Other,Electronics,8,168,Net Banking,Delivered,Bangalore,4
2435,12709,,Male,Clothing,3,2905.14,UPI,Delivered,Chennai,3
4429,10717,Amit,Male,Books,6,916.34,Card,Cancelled,Kolkata,1
1242,11070,,Male,Books,1,1113.23,Card,Pending,Delhi,3
4387,19609,Rahul,Male,Grocery,4,1382.9,Card,Pending,Mumbai,3
3919,19465,Ravi,Male,Electronics,4,959.16,UPI,Delivered,Hyderabad,5
2645,14980,Rahul,Female,Grocery,3,1841.49,UPI,Delivered,Mumbai,4
1925,18445,Ravi,Other,Clothing,8,2910.74,Card,Delivered,Bangalore,5
1526,15150,Pooja,Male,Electronics,1,2064.49,Cash,Delivered,Pune,5
4948,18102,Arjun,Female,Furniture,7,3353.94,Cash,Delivered,Chennai,3
2215,10172,Anuja,Male,Electronics,2,4158.87,Card,Delivered,Chennai,4
3355,10242,Ravi,Male,Books,7,1701.05,UPI,Delivered,Kolkata,5
1392,13116,Neha,Female,Furniture,7,4607.61,Cash,Delivered,,4
3315,12343,Arjun,Female,Furniture,6,1148.57,UPI,Delivered,Pune,3
4319,18493,Sneha,Female,Books,5,1786.9,Net Banking,Cancelled,Mumbai,3
1669,19587,Kiran,Male,Clothing,1,2781.01,UPI,Delivered,Pune,4
1645,15614,Arjun,Male,Furniture,8,968.49,UPI,Delivered,Mumbai,3
3176,14161,Sneha,Female,Books,8,4780.6,Cash,Delivered,Chennai,5
4081,13020,Pooja,Male,Electronics,9,3221.13,UPI,Delivered,Chennai,4
2520,15616,Neha,Female,Books,4,4611.27,UPI,Delivered,Pune,3
1489,14993,Sneha,Female,Books,2,4476.3,UPI,Pending,Kolkata,3
3343,10421,Amit,Male,Furniture,5,3156.29,UPI,Cancelled,Mumbai,1
3677,19337,Anuja,Male,Furniture,4,111.83,Net Banking,Pending,Pune,4
2808,19333,Sneha,Female,Furniture,3,4877.18,Net Banking,Delivered,Pune,3
2280,12162,Priya,Male,Books,2,366.94,Card,Delivered,Chennai,4
3004,14521,Neha,Male,Electronics,5,3666.51,Card,Cancelled,Hyderabad,2
4710,15247,Ravi,Male,Electronics,3,1852.99,UPI,Pending,,3
4302,10261,Rahul,Female,Books,3,1538.99,Net Banking,Delivered,Kolkata,5
3431,11284,Amit,Male,Grocery,9,2702.78,Card,Delivered,Bangalore,5
2337,11059,Anuja,Male,Clothing,3,312.88,Cash,Delivered,Hyderabad,3
4257,11285,Neha,Male,Books,6,3880.42,Card,Delivered,Pune,3
2137,15307,Priya,Male,Electronics,1,2869.8,Net Banking,Delivered,Mumbai,3
3145,17261,Rahul,Male,Furniture,3,3203.24,,Delivered,Pune,4
1973,10985,Sneha,Female,Grocery,4,3124.79,UPI,Delivered,Hyderabad,4
4190,17065,Arjun,Male,Grocery,5,4125.62,,Pending,Chennai,2
3060,15122,Rahul,Male,Clothing,1,1596.99,Card,Pending,Mumbai,3
2960,17394,Amit,Female,Electronics,4,3932.83,,Delivered,Delhi,4
4157,11387,Arjun,Female,Grocery,8,4704.77,UPI,Cancelled,Hyderabad,2
2411,10903,Sneha,Male,Books,6,143.34,UPI,Delivered,Pune,4
2531,11734,Sneha,Male,Furniture,6,2672.24,Card,Pending,,4
4530,18296,Pooja,Female,Clothing,3,3072.24,Cash,Delivered,Kolkata,5
1660,13819,Priya,Male,Furniture,2,2851.41,Net Banking,Delivered,Hyderabad,4
1160,11706,Neha,Male,Furniture,4,2352.86,UPI,Cancelled,Mumbai,2
4741,17795,Anuja,Female,Books,1,3965.93,UPI,Delivered,Pune,5
2179,14918,Rahul,Male,Books,1,1517.52,Net Banking,Delivered,Kolkata,4
3230,14089,Kiran,Male,Grocery,1,2579.13,Card,Returned,Bangalore,2
4430,18780,Sneha,Female,Books,3,4681.15,Cash,Cancelled,Delhi,2
3413,19669,Priya,Male,Electronics,9,1355.04,,Delivered,Kolkata,5
4708,18343,Kiran,Male,Electronics,9,301.1,Net Banking,Delivered,,4
1872,11537,Neha,Female,Grocery,1,4930.32,Cash,Delivered,Kolkata,3
1763,19420,Pooja,Male,Grocery,1,822.76,Net Banking,Delivered,Hyderabad,5
2333,14047,Anuja,Female,Books,5,322.59,Card,Cancelled,Bangalore,1
1219,13155,Arjun,Female,Furniture,7,2994.31,Cash,Delivered,Hyderabad,4
2503,15521,Amit,Female,Electronics,5,1644.23,Cash,Delivered,Mumbai,4
2990,12838,Anuja,Male,Furniture,8,2395.11,Cash,Delivered,,4
1109,12840,Rahul,Female,Clothing,6,4566.43,UPI,Delivered,,3
4999,15468,Rahul,Male,Clothing,8,4374.63,Net Banking,Delivered,Kolkata,4
4709,18775,Ravi,Male,Electronics,7,2220.57,Cash,Delivered,Chennai,5
4837,17159,Anuja,Male,Furniture,1,4994.39,Net Banking,Delivered,Hyderabad,4
4083,13235,Rahul,Male,Furniture,6,4502,Cash,Delivered,Hyderabad,4
1657,11547,Kiran,Female,Books,2,1174.58,UPI,Pending,Mumbai,4
4583,17595,Kiran,Male,Electronics,6,2669.25,Cash,Delivered,Delhi,5
1276,12072,Pooja,Male,Clothing,6,156.33,Cash,Delivered,Bangalore,4
4968,15327,Priya,Female,Furniture,7,4730.96,UPI,Delivered,Hyderabad,4
4824,13330,Kiran,Other,Furniture,2,1729.46,UPI,Delivered,Pune,4
4115,13324,Arjun,Female,Clothing,6,1342.73,Net Banking,Delivered,Chennai,4
2772,16519,Arjun,Female,Electronics,1,1453.1,Card,Delivered,Kolkata,4
3604,11168,Pooja,Male,Books,2,3800.88,Net Banking,Delivered,Bangalore,4
4874,18491,Ravi,Other,Electronics,5,551.66,UPI,Delivered,Pune,4
4325,18828,Sneha,Other,Electronics,2,3976,Card,Delivered,Chennai,4
1355,14210,Ravi,Female,Furniture,4,1500.39,Card,Cancelled,Delhi,2
1853,14224,Anuja,Female,Books,5,4395.11,UPI,Delivered,Hyderabad,4
3067,13700,Priya,Male,Clothing,4,1265.7,Cash,Delivered,Delhi,5
1792,10227,Amit,Male,Electronics,8,3674.62,Card,Pending,Pune,3
4986,15911,Anuja,Female,Electronics,7,3492.34,Card,Delivered,Chennai,5
1428,13145,Kiran,Female,Books,1,3405.24,Net Banking,Delivered,Mumbai,5
4407,19854,Pooja,Male,Clothing,6,2463.69,Net Banking,Cancelled,Delhi,3
2865,19308,Sneha,Male,Books,8,4072.11,Card,Delivered,Hyderabad,4
2224,13914,Arjun,Male,Books,4,2138.23,Card,Delivered,Pune,4
2603,19126,Ravi,Female,Books,9,1548.22,Card,Delivered,,3
2458,14025,Anuja,Male,Furniture,5,,Card,Cancelled,Delhi,2
4239,11183,Priya,Female,Books,1,3289.25,UPI,Pending,Bangalore,3
2738,13549,Arjun,Female,Furniture,1,1739.91,Net Banking,Delivered,Chennai,4
1386,19444,Sneha,Female,Books,9,4218.35,Net Banking,Delivered,Chennai,4
1471,12279,Arjun,Male,Books,8,143.05,Card,Returned,,2
3540,18051,Ravi,Female,Grocery,2,1640.2,Card,Delivered,Chennai,3
4740,18107,Pooja,Male,Electronics,8,1220.04,Net Banking,Pending,Chennai,3
1667,17120,Rahul,Female,Electronics,7,501.46,UPI,Pending,Hyderabad,3
3421,10145,Ravi,Female,Books,8,,Card,Pending,Kolkata,2
3800,10680,Rahul,Male,Electronics,1,2112.9,UPI,Delivered,Pune,4
2697,11487,Rahul,Male,Grocery,1,2275.13,Cash,Delivered,Hyderabad,5
3530,19027,Sneha,Male,Clothing,1,,Cash,Delivered,Chennai,3
4840,15588,Neha,Male,Clothing,6,2142.43,Card,Delivered,Mumbai,4
4086,12912,Pooja,Male,Electronics,3,3146.49,Cash,Delivered,Delhi,4
3947,16614,Sneha,Female,Books,9,,Card,Delivered,Bangalore,3
4446,17008,Ravi,Male,Grocery,8,3513.21,Net Banking,Delivered,Hyderabad,3
1086,14190,Amit,Female,Furniture,9,3569.96,Card,Delivered,Bangalore,5
4083,14419,Neha,Male,Electronics,6,4644.55,UPI,Delivered,Mumbai,4
4172,15283,Neha,Female,Books,9,3299.85,Net Banking,Pending,Mumbai,3
2427,16171,Ravi,Male,Furniture,5,1226.05,Net Banking,Delivered,Pune,3
1405,12939,Neha,Female,Books,7,4400.62,Card,Delivered,Delhi,4
3435,15429,Rahul,Male,Clothing,7,343.12,Net Banking,Delivered,Mumbai,4
1012,15406,,Male,Clothing,7,2698.15,UPI,Delivered,Chennai,4
3721,16194,Neha,Male,Grocery,2,2992.75,,Delivered,Hyderabad,3
2066,17890,Ravi,Female,Books,6,1027.59,UPI,Returned,Bangalore,2
1738,13330,Amit,Female,Books,9,823,UPI,Delivered,Mumbai,5
4442,17493,Pooja,Female,Clothing,9,3805.09,UPI,Pending,Chennai,3
2599,13037,Amit,Female,Electronics,2,3084.9,UPI,Pending,Kolkata,2
4390,19569,Neha,Female,Books,9,3375.03,Cash,Delivered,Pune,5
2838,13675,Kiran,Female,Clothing,7,964.97,Net Banking,Cancelled,Chennai,2
4972,19268,Anuja,Other,Books,7,,UPI,Delivered,Chennai,4
2141,14151,Priya,Female,Electronics,9,3582.87,UPI,Delivered,Mumbai,4
3440,19624,Amit,Female,Furniture,9,2495.29,Card,Delivered,Chennai,4
3756,11075,Neha,Male,Grocery,3,1663.78,Card,Delivered,Kolkata,4
3103,18637,Arjun,Male,Books,4,643.53,Cash,Delivered,Kolkata,4
1785,14555,,Female,Books,5,3079.33,Net Banking,Delivered,Kolkata,4
4760,19827,Kiran,Male,Books,4,4567.51,Net Banking,Cancelled,Mumbai,1
4029,19763,Sneha,Other,Books,8,1930.4,UPI,Returned,Mumbai,3
3645,18266,Rahul,Male,Grocery,2,4065.54,UPI,Pending,Kolkata,3
3621,12327,Priya,Female,Clothing,2,1081.35,Card,Cancelled,Hyderabad,3
3542,19528,Anuja,Female,Clothing,4,1073.86,UPI,Delivered,Kolkata,4
2724,19457,Neha,Male,Clothing,3,3465.99,Card,Delivered,Kolkata,4
4372,14969,Rahul,Male,Grocery,2,402.47,Net Banking,Delivered,Kolkata,4
2855,12280,Sneha,Female,Electronics,2,1150.02,Cash,Delivered,Mumbai,3
1904,12335,Arjun,Male,Grocery,6,4288.79,Cash,Delivered,Bangalore,5
1525,16033,,Male,Grocery,7,3277.12,UPI,Cancelled,Kolkata,2
3635,13960,Rahul,Other,Clothing,8,3902.33,Card,Delivered,Mumbai,3
3616,18652,Ravi,Male,Furniture,1,,Net Banking,Delivered,Pune,4
2349,13754,Arjun,Male,Grocery,7,,Card,Delivered,Hyderabad,4
1541,19521,Priya,Female,Furniture,2,550.9,Cash,Delivered,Mumbai,4
4249,14513,Sneha,Female,Clothing,2,3106.52,Card,Delivered,Delhi,3
3448,13873,Anuja,Female,Furniture,1,4250.74,UPI,Delivered,Delhi,4
2136,16214,Arjun,Male,Clothing,2,2061.49,Net Banking,Delivered,Bangalore,4
4510,13655,Arjun,Male,Electronics,1,1451,Card,Delivered,Bangalore,4
2140,13449,Kiran,Female,Books,5,3320.76,Net Banking,Delivered,Mumbai,4
1525,15021,,Female,Clothing,7,2888.63,Cash,Delivered,Pune,4
1494,12944,Rahul,Female,Furniture,1,1955.3,Cash,Delivered,Hyderabad,3
1814,13935,Rahul,Male,Grocery,7,172.7,Net Banking,Delivered,Mumbai,4
1283,15278,Ravi,Female,Grocery,8,3325.31,,Cancelled,Pune,2
4811,16474,Arjun,Female,Books,4,1609.25,Cash,Cancelled,Delhi,2
2395,15679,Rahul,Female,Grocery,9,2413.54,Cash,Delivered,Kolkata,4
1721,12717,Rahul,Female,Grocery,8,1590.56,UPI,Delivered,Bangalore,3
2901,16154,Pooja,Male,Books,1,1574.82,Cash,Delivered,Mumbai,4
1983,11937,Rahul,Male,Grocery,5,1128.11,Net Banking,Delivered,Hyderabad,4
4836,15766,Ravi,Male,Grocery,5,1618.46,UPI,Cancelled,Pune,2
2630,13546,Sneha,Male,Electronics,2,1259.24,UPI,Delivered,Bangalore,3
1984,16608,Rahul,Female,Clothing,5,1343.11,UPI,Cancelled,Hyderabad,3
3941,19514,Kiran,Male,Books,6,1549.28,Card,Delivered,Mumbai,4
2466,17541,Ravi,Male,Electronics,8,3654.96,Net Banking,Pending,Delhi,3
1341,13148,Pooja,Female,Grocery,3,3464.62,Cash,Delivered,Bangalore,4
2407,12360,Arjun,Female,Books,3,3361.86,UPI,Returned,Bangalore,2
1064,11126,Arjun,Female,Grocery,4,1637.71,Cash,Returned,Mumbai,2
3925,13871,Anuja,Male,Furniture,8,,Card,Pending,,3
1775,16047,Sneha,Male,Books,1,3048.93,,Delivered,Kolkata,3
2885,17236,Amit,Female,Furniture,6,,Net Banking,Delivered,Hyderabad,4
4896,14221,Kiran,Male,Furniture,1,618.45,UPI,Delivered,,4
2357,17269,,Female,Clothing,5,2902.13,Cash,Delivered,Mumbai,4
3335,18027,Amit,Male,Grocery,3,4556.92,Card,Pending,Pune,3
4565,11718,Anuja,Male,Electronics,5,2560.48,Net Banking,Delivered,Delhi,5
3920,15441,Sneha,Male,Books,8,2211.38,UPI,Cancelled,Pune,2
3722,14988,Anuja,Male,Electronics,9,4908.63,Card,Cancelled,Mumbai,2
4851,10702,Rahul,Male,Electronics,1,1473.25,Cash,Pending,Delhi,4
2428,10832,Neha,Female,Clothing,6,3870.19,Net Banking,Delivered,Pune,4
3495,17887,Neha,Male,Clothing,8,1694.67,Card,Delivered,Kolkata,4
3892,19810,Arjun,Female,Furniture,1,2480.42,Card,Delivered,Mumbai,4
4904,11195,Sneha,Female,Books,2,2271.76,UPI,Delivered,Mumbai,5
1317,16794,Sneha,Male,Furniture,7,207.64,Net Banking,Cancelled,Mumbai,2
3032,13722,Pooja,Male,Books,7,2923.09,UPI,Delivered,Bangalore,3
2799,13909,Arjun,Male,Books,9,3727.25,Net Banking,Returned,Delhi,2
4183,12577,Anuja,Male,Electronics,5,4214.09,UPI,Delivered,Mumbai,4
3101,17831,Arjun,Female,Furniture,6,1774.26,Card,Returned,Delhi,2
4736,18823,Kiran,Female,Grocery,6,3301.84,Net Banking,Delivered,Chennai,3
3776,13391,Anuja,Female,Electronics,7,3281.35,Card,Delivered,,4
3381,12685,Kiran,Female,Clothing,1,4266.33,Net Banking,Delivered,Pune,4
4410,19210,Sneha,Male,Books,6,2116.16,Cash,Delivered,Mumbai,4
3180,10648,Anuja,Male,Clothing,3,2408.89,Cash,Delivered,Kolkata,3
3897,16132,Kiran,Male,Books,9,2626.15,Cash,Pending,Chennai,3
4906,18875,Pooja,Female,Electronics,9,881.49,UPI,Delivered,Delhi,4
2638,10545,Priya,Female,Books,4,2354.26,Card,Returned,Hyderabad,3
2987,12006,Rahul,Female,Grocery,1,1072.79,,Delivered,Hyderabad,4
1898,18849,Pooja,Male,Clothing,2,610.5,Card,Pending,Mumbai,4
3265,18856,Neha,Female,Furniture,5,4726.16,Card,Delivered,Kolkata,4
1348,14838,Arjun,Male,Electronics,7,3772.69,Cash,Delivered,Pune,5
3491,19145,Kiran,Female,Furniture,8,2493.93,UPI,Delivered,Mumbai,3
3485,12581,Sneha,Male,Furniture,6,1255.6,Cash,Delivered,Pune,4
2763,15206,Ravi,Female,Electronics,4,2242.88,Net Banking,Delivered,Pune,3
1532,13377,Anuja,Female,Furniture,1,4676.02,Net Banking,Delivered,Bangalore,4
3935,14200,Neha,Male,Books,9,2791.59,Cash,Delivered,Mumbai,4
4377,10940,Pooja,Female,Books,2,4229.99,UPI,Delivered,Delhi,4
1966,19319,Ravi,Female,Books,6,1165.45,Net Banking,Delivered,Hyderabad,4
4270,13243,Kiran,Male,Grocery,1,2631.96,UPI,Pending,Bangalore,3
4249,19343,Kiran,Female,Electronics,8,4582.5,Card,Delivered,Delhi,3
3262,18561,Kiran,Male,Books,8,2187.5,Card,Cancelled,Bangalore,2
4647,11216,Arjun,Male,Grocery,3,3156.49,Card,Delivered,Delhi,4
1147,18677,Ravi,Male,Grocery,9,1800.07,Net Banking,Cancelled,Chennai,2
1962,18907,Ravi,Male,Electronics,4,4554.72,Cash,Pending,Hyderabad,3
4845,18001,Anuja,Male,Books,5,888.53,UPI,Delivered,Hyderabad,4
4087,15566,Kiran,Male,Books,8,3644.89,Net Banking,Delivered,Kolkata,4
3123,12063,Sneha,Female,Electronics,9,576.3,Net Banking,Cancelled,Delhi,2
3374,12551,Sneha,Female,Books,7,444.75,,Delivered,Hyderabad,4
4556,15142,Ravi,Male,Books,9,824.41,UPI,Cancelled,Hyderabad,2
2283,18448,Arjun,Male,Clothing,8,2634.02,Net Banking,Delivered,Hyderabad,3
3357,15279,,Male,Electronics,8,3287.95,Cash,Returned,Kolkata,2
3334,10703,Anuja,Female,Furniture,8,4440.67,Cash,Delivered,Bangalore,3
4789,19933,Rahul,Female,Clothing,5,848.99,UPI,Delivered,Kolkata,3
1260,16598,Neha,Male,Books,6,1875.14,Net Banking,Delivered,Pune,4
3951,11482,Ravi,Male,Electronics,8,165.41,Net Banking,Delivered,Chennai,4
3968,11786,Sneha,Female,Grocery,9,3159.57,Net Banking,Pending,Hyderabad,2
4471,15162,Arjun,Male,Books,4,2967.89,,Delivered,Delhi,5
4294,10832,Rahul,Male,Clothing,6,2795.28,Card,Delivered,Kolkata,4
1984,16009,,Male,Clothing,1,573.78,UPI,Delivered,Pune,5
1189,11897,Ravi,Male,Clothing,3,1875.85,Card,Pending,Mumbai,4
1204,16283,Arjun,Female,Furniture,9,2398.77,UPI,Delivered,Chennai,5
2076,18417,Kiran,Male,Clothing,9,1730.1,Cash,Pending,Kolkata,4
4159,19748,,Male,Clothing,9,3914.32,Net Banking,Delivered,Hyderabad,3
2158,15684,Arjun,Female,Books,5,4587.78,Card,Pending,Kolkata,3
1825,13799,Amit,Male,Grocery,3,2897.59,UPI,Delivered,Hyderabad,4
2964,11361,Arjun,Female,Electronics,7,675.6,Net Banking,Returned,Pune,2
4643,10403,Pooja,Male,Electronics,2,2651.42,Cash,Delivered,Chennai,3
2121,12234,Ravi,Male,Furniture,4,4530.9,Cash,Pending,Kolkata,3
4212,14223,Anuja,Male,Furniture,9,2094.38,Cash,Delivered,Kolkata,5
3187,17344,Neha,Male,Books,8,1576.29,Net Banking,Delivered,Mumbai,5
2089,13036,Amit,Female,Furniture,8,299.92,UPI,Delivered,Bangalore,4
2823,10938,Ravi,Male,Furniture,3,2986.51,Net Banking,Delivered,,4
4982,19271,Ravi,Male,Electronics,7,3742.86,Card,Pending,Bangalore,3
3036,17610,Pooja,Male,Electronics,9,1952.35,Net Banking,Delivered,Delhi,4
1138,11776,Neha,Female,Books,6,3610.88,UPI,Pending,Bangalore,3
1793,10270,Neha,Male,Books,5,309.47,Net Banking,Delivered,Bangalore,4
4580,15860,Anuja,Female,Books,5,4208.11,Card,Delivered,Chennai,4
1018,11264,Sneha,Male,Furniture,3,1447.36,,Delivered,Bangalore,3
1186,15145,Pooja,Female,Electronics,1,2704.95,Card,Delivered,Mumbai,4
2708,12627,Arjun,Male,Furniture,3,2543.85,UPI,Delivered,Chennai,4
4729,11176,Kiran,Female,Grocery,9,248.86,Card,Pending,Mumbai,2
3973,18093,Pooja,Female,Clothing,4,254.32,Net Banking,Cancelled,Hyderabad,3
2977,19963,Kiran,Male,Furniture,8,3484.91,Cash,Delivered,Mumbai,4
1534,18395,Amit,Female,Furniture,4,835.74,Card,Cancelled,Bangalore,3
1018,12292,Amit,Male,Furniture,7,2763.71,Cash,Pending,Kolkata,3
1042,18624,Ravi,Female,Clothing,9,3313.08,Card,Cancelled,Hyderabad,1
2484,19410,Arjun,Male,Grocery,9,4618.43,Net Banking,Delivered,Hyderabad,5
1165,12801,Pooja,Female,Electronics,7,3088.67,Net Banking,Delivered,Kolkata,4
3253,10425,Kiran,Male,Furniture,5,2928.85,Cash,Delivered,Mumbai,4
3524,12164,Rahul,Male,Clothing,9,1914.03,Net Banking,Pending,Hyderabad,3
4340,14595,Sneha,Female,Grocery,9,1250.19,Cash,Delivered,Chennai,4
3404,14370,Anuja,Female,Electronics,2,3107.57,UPI,Delivered,Delhi,4
2349,17209,Pooja,Female,Clothing,3,891.25,UPI,Pending,Pune,3
2361,17556,Sneha,Male,Electronics,8,1238.5,UPI,Delivered,Hyderabad,4
2776,19829,Arjun,Female,Books,3,1318.7,Card,Delivered,Mumbai,4
4793,12456,Amit,Female,Clothing,5,392.22,Net Banking,Delivered,Mumbai,3
2758,10258,Kiran,Female,Electronics,1,1928.66,Net Banking,Pending,,2
2133,18754,Rahul,Male,Furniture,9,854.65,Net Banking,Delivered,Pune,5
4942,12374,Rahul,Male,Clothing,7,2408.76,UPI,Delivered,Mumbai,4
1284,15988,Amit,Male,Grocery,2,3660.37,Card,Pending,Mumbai,4
3194,10443,Amit,Female,Grocery,5,4317.18,Net Banking,Delivered,Chennai,4
4116,10497,Pooja,Female,Clothing,3,,,Delivered,Kolkata,4
1739,13123,Neha,Female,Books,7,4445.46,Net Banking,Cancelled,Hyderabad,3
2828,19354,Neha,Female,Electronics,2,,Card,Delivered,Hyderabad,4
3249,12179,Amit,Female,Clothing,7,3225.27,UPI,Delivered,Delhi,4
1144,10662,Rahul,Male,Books,4,2400.89,UPI,Delivered,Bangalore,4
4604,17887,Amit,Female,Clothing,1,4354.26,UPI,Delivered,Kolkata,4
4993,18391,Amit,Female,Books,3,2772.42,Net Banking,Delivered,Delhi,4
2952,12989,Arjun,Female,Clothing,2,3329.62,Cash,Delivered,,4
2888,19493,Pooja,Male,Books,3,,Cash,Delivered,Hyderabad,3
3902,14601,Sneha,Male,Grocery,8,2175.23,UPI,Delivered,Kolkata,4
2630,16014,Pooja,Male,Grocery,6,3545.19,Net Banking,Delivered,Chennai,4
1595,17082,Ravi,Female,Clothing,5,2996.01,UPI,Returned,Pune,2
4618,15579,Ravi,Female,Clothing,1,1985.82,UPI,Delivered,Hyderabad,3
1405,16180,Sneha,Male,Grocery,8,1086.82,UPI,Delivered,Kolkata,4
1982,17902,Neha,Male,Furniture,3,482.57,UPI,Delivered,Delhi,5
2240,19378,Rahul,Female,Furniture,3,1903.69,Card,Delivered,Delhi,4
1011,15646,Arjun,Male,Furniture,4,2923.25,UPI,Delivered,Mumbai,4
4734,13859,Anuja,Other,Furniture,6,1987.11,,Returned,Delhi,2
1836,15537,Kiran,Male,Books,8,4906.85,UPI,Delivered,Delhi,4
1165,10331,Kiran,Male,Electronics,4,4183.23,Cash,Delivered,Mumbai,4
3056,19573,Rahul,Male,Electronics,8,892,UPI,Delivered,Hyderabad,4
3814,19613,Anuja,Female,Clothing,1,978.1,Cash,Delivered,Hyderabad,4
1663,15435,Arjun,Female,Books,5,3594.59,Cash,Pending,,4
1344,14750,Arjun,Male,Clothing,3,2669.17,Net Banking,Pending,Hyderabad,3
2979,15783,Priya,Female,Electronics,2,4371.63,Net Banking,Pending,Kolkata,2
2572,19639,Priya,Male,Furniture,6,1148.33,Net Banking,Delivered,Mumbai,5
2326,11894,Neha,Female,Electronics,6,1167.27,,Delivered,Bangalore,3
4201,18350,Rahul,Female,Clothing,9,1346.57,Cash,Delivered,,4
1421,17559,Pooja,Male,Clothing,9,397.43,Cash,Delivered,Pune,3
2100,14584,Amit,Male,Furniture,2,1822.85,Card,Delivered,Mumbai,4
4520,12952,Neha,Male,Grocery,8,4714.12,Net Banking,Delivered,Delhi,4
4051,18290,Ravi,Male,Grocery,5,2026.84,Cash,Delivered,Delhi,5
1406,12755,Neha,Female,Electronics,4,512.85,Net Banking,Pending,Delhi,4
4820,10937,Ravi,Male,Books,1,4735.55,Cash,Pending,,4
4453,18784,Rahul,Female,Books,4,4181.44,Cash,Delivered,Delhi,4
3625,18751,Arjun,Female,Books,9,2522.07,Cash,Delivered,Mumbai,3
4794,12107,,Male,Furniture,2,3479.13,Cash,Delivered,Mumbai,5
4573,17392,Priya,Female,Books,5,3059.11,Cash,Pending,Mumbai,4
4059,12196,Priya,Male,Clothing,7,617.63,Cash,Delivered,,4
3566,15101,Ravi,Female,Furniture,1,2729.92,Card,Returned,,1
3847,16647,Kiran,Male,Furniture,8,499.56,Cash,Pending,Kolkata,3
1081,15069,Arjun,Female,Furniture,1,3466.11,,Pending,Bangalore,2
3120,16156,Rahul,Female,Furniture,5,751.98,UPI,Delivered,Pune,3
1835,11687,Kiran,Other,Electronics,6,3238.12,Net Banking,Pending,Chennai,4
1153,14468,Amit,Female,Grocery,7,4005.44,Net Banking,Delivered,Chennai,4
3527,19465,Amit,Female,Clothing,8,,UPI,Delivered,Mumbai,3
3588,10144,Rahul,Male,Grocery,9,2235.8,Card,Delivered,Bangalore,4
2680,12896,Priya,Female,Grocery,1,2468.8,Net Banking,Delivered,Mumbai,4
4983,15355,Amit,Male,Books,8,4999.22,Net Banking,Delivered,Bangalore,4
4161,12708,Neha,Male,Clothing,8,2984.56,Card,Delivered,Bangalore,5
2014,11495,Arjun,Female,Furniture,6,4331.47,UPI,Delivered,Chennai,4
3578,14775,Arjun,Male,Furniture,2,3932.2,Cash,Pending,Chennai,3
4248,11270,Kiran,Male,Grocery,1,4732.56,Card,Delivered,Hyderabad,5
1965,18774,Arjun,Female,Books,8,3627.4,Cash,Pending,Mumbai,3
1475,16319,Neha,Male,Electronics,2,,Cash,Pending,Delhi,4
3156,13216,Amit,Female,Books,5,3910.52,Card,Delivered,Mumbai,4
1339,12919,Ravi,Male,Furniture,6,1653.67,Card,Pending,Chennai,3
2579,18065,Neha,Male,Grocery,2,2733.87,UPI,Returned,Delhi,3
4986,17837,Arjun,Female,Grocery,5,2078.92,Net Banking,Delivered,Delhi,4
3871,13678,Rahul,Male,Electronics,4,1908.43,UPI,Delivered,Hyderabad,5
3148,10390,Arjun,Other,Books,2,492.94,Net Banking,Pending,Hyderabad,3
4343,17532,Pooja,Female,Books,6,3371.61,UPI,Returned,Kolkata,2
4276,11558,Anuja,Female,Books,6,1546.51,UPI,Cancelled,Hyderabad,2
2032,10648,Pooja,Male,Grocery,1,3750.7,UPI,Delivered,,4
4865,17973,Priya,Other,Electronics,7,3414.6,UPI,Delivered,Hyderabad,5
3897,10530,Priya,Male,Clothing,6,3373.67,Card,Delivered,Mumbai,4
2380,15506,Neha,Female,Grocery,6,3476.27,Net Banking,Delivered,Kolkata,4
2000,14175,Priya,Female,Electronics,6,4475.94,,Delivered,Bangalore,4
1391,18541,Kiran,Female,Electronics,2,4020.57,Net Banking,Delivered,Pune,4
4090,18697,Pooja,Male,Clothing,9,1160.62,UPI,Delivered,Kolkata,3
3466,17642,Neha,Female,Electronics,5,4416.75,Net Banking,Delivered,Chennai,3
3896,16954,Amit,Female,Clothing,9,2375.9,UPI,Delivered,Hyderabad,4
1678,18711,Rahul,Female,Books,7,357.7,Net Banking,Delivered,Hyderabad,4
2969,10595,Kiran,Male,Furniture,3,1996.48,Net Banking,Pending,Mumbai,3
1320,17154,Ravi,Male,Grocery,5,1435.41,UPI,Delivered,Pune,4
1385,14277,Priya,Other,Electronics,7,1868.1,Cash,Delivered,Delhi,5
3487,12283,Ravi,Female,Furniture,9,1428.7,Cash,Cancelled,Hyderabad,2
4232,13541,Rahul,Male,Grocery,6,3422.39,UPI,Returned,Hyderabad,3
1180,12050,Amit,Male,Furniture,7,1367.48,UPI,Pending,Kolkata,4
3054,14474,,Female,Books,8,4077.73,Net Banking,Delivered,Delhi,4
4784,11417,Pooja,Female,Clothing,9,3141.67,Net Banking,Delivered,Delhi,5
4130,16652,,Male,Grocery,9,4972.41,Card,Delivered,Pune,4
4227,15467,Arjun,Male,Books,4,2811.87,UPI,Cancelled,,1
4877,14917,Anuja,Male,Clothing,1,4160.99,Cash,Delivered,Chennai,3
1579,17508,Rahul,Female,Clothing,3,2002.93,UPI,Delivered,Mumbai,4
3434,19490,Sneha,Male,Grocery,8,3638.49,Cash,Delivered,Pune,3
2380,10518,Neha,Female,Furniture,2,2569.75,UPI,Delivered,Mumbai,4
3244,10997,Arjun,Male,Electronics,6,3390.26,Card,Delivered,Pune,5
2462,17129,Kiran,Male,Grocery,4,218.4,,Cancelled,Chennai,2
2695,12563,Priya,Female,Furniture,1,2625.44,Card,Pending,Delhi,2
2347,16929,Pooja,Female,Electronics,4,717.19,,Pending,Hyderabad,3
1642,17000,,Female,Clothing,3,194.88,UPI,Delivered,Bangalore,4
4515,15171,Ravi,Female,Furniture,3,1175.34,UPI,Delivered,Delhi,5
3208,18717,Rahul,Female,Books,6,589.67,Cash,Delivered,Delhi,3
2313,17859,Neha,Female,Electronics,5,2071.25,Cash,Delivered,Pune,4
4735,18272,Kiran,Female,Clothing,9,3821.71,Net Banking,Delivered,Hyderabad,4
2105,13520,Neha,Male,Electronics,2,4320.28,UPI,Pending,Kolkata,2
3382,11125,Ravi,Female,Clothing,2,4503.91,UPI,Pending,Pune,3
3428,10652,Anuja,Male,Books,7,969.22,Cash,Pending,Mumbai,3
3006,11189,Amit,Female,Books,4,459.66,Net Banking,Delivered,Kolkata,4
2229,12289,Ravi,Male,Electronics,6,2222.09,Net Banking,Delivered,Chennai,4
1963,12515,Arjun,Other,Furniture,3,2179.37,UPI,Delivered,Mumbai,4
4502,18822,Arjun,Other,Furniture,5,4195.06,Net Banking,Delivered,Delhi,4
2091,12666,Neha,Male,Books,2,1385.18,Cash,Pending,Kolkata,2
1422,18698,Pooja,Male,Grocery,6,717.87,Card,Delivered,Mumbai,3
2994,15559,Pooja,Male,Electronics,2,816.77,UPI,Delivered,Bangalore,4
3172,14799,Arjun,Female,Furniture,9,1742.56,Cash,Delivered,Delhi,4
3424,11656,Kiran,Male,Books,3,2333.94,Card,Delivered,Kolkata,4
1709,13773,Priya,Female,Books,6,3353.29,Card,Delivered,Pune,4
4896,16437,Amit,Male,Grocery,5,4200.44,Card,Delivered,Mumbai,5
1389,13741,Kiran,Male,Furniture,9,3250.76,Card,Delivered,Chennai,3
2776,14922,Sneha,Male,Grocery,5,2785.26,,Cancelled,Bangalore,2
2687,13642,Amit,Female,Furniture,6,4499.39,Net Banking,Cancelled,Chennai,2
2520,10307,Kiran,Male,Grocery,2,350.85,Cash,Delivered,Kolkata,3
4624,10608,Pooja,Male,Electronics,6,1287.46,Cash,Returned,Bangalore,2
3313,13325,Pooja,Male,Furniture,5,3269.96,Net Banking,Delivered,Bangalore,4
2447,17225,Pooja,Male,Clothing,3,4259.4,Card,Delivered,Pune,4
4451,13347,Arjun,Male,Clothing,4,648.3,Card,Delivered,Bangalore,4
3461,13126,Priya,Male,Furniture,3,1255.22,UPI,Delivered,Kolkata,4
3375,19491,Priya,Female,Clothing,7,1972.7,,Delivered,Bangalore,5
1130,17036,Kiran,Male,Books,9,2196.99,Cash,Cancelled,Delhi,3
4806,16959,Neha,Male,Electronics,1,2273.93,Cash,Delivered,Delhi,5
2363,12479,Pooja,Female,Furniture,4,2780.29,UPI,Pending,,2
1339,19422,Amit,Female,Clothing,9,4571.04,Net Banking,Delivered,Bangalore,4
2073,14860,Neha,Female,Furniture,3,4223.91,Cash,Delivered,Mumbai,3
3780,12975,Anuja,Male,Electronics,1,565.69,Cash,Delivered,Pune,4
1122,10722,Rahul,Female,Electronics,8,1020.48,UPI,Delivered,Hyderabad,4
4202,12167,Neha,Female,Grocery,4,1530.92,UPI,Pending,Bangalore,3
1270,15308,Kiran,Male,Furniture,2,3322.81,Card,Delivered,Kolkata,4
3547,14614,Arjun,Female,Furniture,5,3336.23,Cash,Delivered,Chennai,5
1161,13666,Priya,Male,Books,7,2729.8,Net Banking,Delivered,Kolkata,4
3479,16985,Kiran,Male,Clothing,9,,UPI,Delivered,Hyderabad,4
2116,13325,Pooja,Female,Clothing,4,2594.28,Card,Delivered,Mumbai,4
3814,16364,Amit,Female,Books,2,117.63,Cash,Pending,Bangalore,4
3626,19885,Sneha,Male,Electronics,3,4852.13,Cash,Delivered,Bangalore,4
3696,10023,Pooja,Male,Clothing,7,3520.47,Net Banking,Delivered,Bangalore,4
1894,10255,Amit,Female,Clothing,5,254.43,Net Banking,Cancelled,Hyderabad,1
3069,12470,Sneha,Male,Electronics,6,3812.54,Cash,Pending,Bangalore,3
2054,12224,Amit,Other,Furniture,9,944.21,,Pending,Hyderabad,3
3947,16614,Sneha,Female,Books,9,,Card,Delivered,Bangalore,5
3893,13976,Priya,Other,Clothing,8,2298.65,Net Banking,Delivered,,4
1025,15079,Arjun,Female,Furniture,7,4942.92,Cash,Cancelled,Pune,3
3217,16487,Priya,Female,Clothing,2,4594.03,Net Banking,Delivered,Pune,5
3009,18047,Amit,Male,Grocery,2,3567.15,Card,Pending,Hyderabad,3
1076,17230,Neha,Female,Furniture,2,2058.41,Card,Delivered,Mumbai,4
3920,17252,,Female,Grocery,8,3359.87,Net Banking,Delivered,Mumbai,3
4534,10352,Anuja,Female,Electronics,4,3512.87,Cash,Delivered,Bangalore,4
2435,18271,Pooja,Male,Books,7,4256.33,Card,Delivered,Bangalore,3
2131,15660,,Female,Electronics,7,1683.48,UPI,Delivered,Chennai,4
4117,19503,Pooja,Male,Clothing,5,4345.21,UPI,Delivered,Hyderabad,5
4144,10990,Pooja,Male,Clothing,3,2338.01,Cash,Pending,Chennai,3
3938,18120,Arjun,Female,Electronics,1,2691.31,UPI,Pending,Mumbai,4
1995,12569,Arjun,Male,Electronics,5,2483.61,Card,Delivered,Chennai,4
1695,14649,Pooja,Female,Clothing,7,2406.04,Net Banking,Delivered,Kolkata,5
1021,14142,Anuja,Male,Grocery,6,3784.84,,Returned,Hyderabad,2
1206,15431,Ravi,Male,Grocery,2,1794.79,Net Banking,Delivered,Kolkata,4
1954,16665,Arjun,Female,Clothing,5,2439.36,UPI,Pending,Pune,3
4521,17959,Ravi,Male,Electronics,9,3217.99,Card,Delivered,Chennai,4
4445,16732,Amit,Female,Grocery,5,797.82,UPI,Pending,Pune,3
4155,15188,Kiran,Male,Books,9,4321.63,Net Banking,Returned,Bangalore,2
1956,12971,Kiran,Other,Books,5,3286.8,UPI,Delivered,Hyderabad,4
3590,19166,Arjun,Male,Books,6,1290.88,UPI,Delivered,Chennai,5
3020,13641,Neha,Male,Clothing,1,2894.2,UPI,Delivered,Bangalore,4
3708,10556,,Male,Clothing,5,4138.55,Cash,Returned,Mumbai,2
2016,14354,Kiran,Male,Furniture,4,3140.58,Card,Cancelled,Chennai,2
4868,14839,Pooja,Female,Furniture,7,968.65,Cash,Delivered,Hyderabad,3
4883,19261,Rahul,Male,Furniture,3,3444.36,Card,Delivered,Delhi,3
1250,15058,Anuja,Female,Clothing,9,2209.28,Net Banking,Delivered,,3
4854,17188,,Male,Books,5,2176.1,UPI,Pending,Delhi,3
1826,13889,Anuja,Male,Electronics,3,1861.03,UPI,Delivered,Mumbai,4
3136,10062,Kiran,Male,Furniture,5,813.72,Card,Pending,Hyderabad,4
2437,13688,Ravi,Male,Furniture,1,1143.85,UPI,Cancelled,Bangalore,2
4752,17142,Priya,Female,Grocery,7,1595.2,Card,Delivered,Chennai,3
1951,15393,Arjun,Female,Clothing,4,217.87,Card,Delivered,Pune,3
4192,10027,Priya,Male,Furniture,8,2312.57,Net Banking,Delivered,Delhi,4
2008,10726,Rahul,Male,Grocery,2,2372.13,Cash,Delivered,Hyderabad,5
4863,11913,Arjun,Female,Furniture,1,510.06,Cash,Pending,Hyderabad,2
4672,15701,Anuja,Female,Furniture,1,3726.69,Net Banking,Delivered,Delhi,3
4406,17334,Sneha,Female,Books,6,288.88,Net Banking,Returned,Kolkata,1
2132,18153,Rahul,Male,Clothing,3,1533.01,Card,Delivered,Mumbai,4
3564,16034,Ravi,Female,Grocery,8,1478.49,Cash,Delivered,Hyderabad,5
2707,17837,Arjun,Female,Furniture,9,2596.75,UPI,Pending,,3
4988,19011,,Female,Grocery,3,2089.22,Cash,Delivered,Delhi,4
1040,10174,Kiran,Female,Grocery,2,4573.37,Net Banking,Delivered,,3
2088,17103,Ravi,Female,Electronics,1,3125.13,Cash,Delivered,Bangalore,4
2630,18347,Pooja,Female,Grocery,6,,Card,Delivered,Bangalore,4
4203,19179,Rahul,Female,Books,6,1045.03,UPI,Returned,Kolkata,2
3544,13880,Neha,Male,Grocery,6,1273.37,UPI,Pending,Pune,3
1116,10437,Ravi,Female,Grocery,7,2525.71,Card,Delivered,Chennai,5
2693,12758,Neha,Female,Grocery,3,908.21,Card,Delivered,Bangalore,4
2633,10660,Priya,Female,Grocery,9,3613.12,Cash,Delivered,,4
1469,14512,Rahul,Male,Books,8,1192,Net Banking,Pending,Chennai,2
3433,18283,Amit,Male,Books,8,367.62,,Delivered,Hyderabad,4
3136,11222,,Female,Electronics,1,325.5,Card,Delivered,Delhi,4
1631,16398,Neha,Female,Electronics,1,724.91,Cash,Delivered,Delhi,4
4262,18598,Rahul,Male,Electronics,2,1596.14,Card,Delivered,Chennai,4
1850,10864,Neha,Female,Clothing,9,671.1,Cash,Delivered,Bangalore,3
1924,17157,Priya,Female,Electronics,3,2680.07,UPI,Delivered,Bangalore,4
4238,17028,Sneha,Female,Books,7,1904.48,Cash,Delivered,Pune,4
4935,14300,Rahul,Female,Clothing,8,1107.95,Cash,Pending,Bangalore,3
2290,17848,Sneha,Female,Grocery,2,,UPI,Delivered,Mumbai,3
3699,14443,Sneha,Male,Clothing,2,1465.78,Card,Delivered,Delhi,4
2190,11971,Arjun,Male,Furniture,2,4049.54,Net Banking,Delivered,Hyderabad,4
4108,17017,Arjun,Female,Electronics,6,2870.9,Cash,Cancelled,Mumbai,2
2319,10858,Kiran,Male,Furniture,9,2006.98,,Delivered,Hyderabad,4
4730,16159,Rahul,Female,Grocery,2,3998.25,Cash,Delivered,Hyderabad,3
2855,11528,Ravi,Male,Electronics,1,3531.3,Net Banking,Delivered,Delhi,4
3435,16479,Anuja,Male,Furniture,7,792.16,Cash,Delivered,Chennai,5
2008,16622,Rahul,Male,Books,9,4338.89,Cash,Delivered,Chennai,4
4888,10212,,Female,Grocery,4,,Net Banking,Pending,Chennai,3
3884,12368,Rahul,Male,Electronics,3,2695.6,Card,Pending,Bangalore,3
3040,15054,Ravi,Female,Clothing,3,3593.5,,Returned,Pune,2
2447,10565,Ravi,Female,Grocery,1,4854.82,Net Banking,Cancelled,Hyderabad,1
4924,13992,Ravi,Female,Electronics,6,663.43,Cash,Delivered,Chennai,4
3074,15821,Sneha,Male,Clothing,6,3956.41,UPI,Pending,Mumbai,3
2466,19432,Anuja,Male,Grocery,1,3355.71,Card,Delivered,Pune,4
2607,12322,Ravi,Male,Clothing,5,4936.53,Cash,Delivered,Chennai,5
1174,19387,Kiran,Male,Electronics,4,3958.72,Net Banking,Delivered,Bangalore,5
3806,11103,Pooja,Male,Grocery,4,4628.8,Net Banking,Pending,Delhi,3
2825,13807,Ravi,Male,Books,2,3293.36,Net Banking,Delivered,Bangalore,3
4735,16023,Anuja,Female,Furniture,4,3225.43,UPI,Delivered,,4
1661,17928,Rahul,Female,Books,8,2392.81,Cash,Delivered,Chennai,5
3572,12738,Rahul,Male,Books,7,3065.09,Net Banking,Delivered,Mumbai,5
1406,18166,,Male,Clothing,5,1278.69,Card,Delivered,Pune,3
2736,17635,Priya,Female,Books,4,331.06,Cash,Pending,,2
3926,18684,Amit,Female,Electronics,5,4706.1,Net Banking,Returned,Delhi,2
3581,16071,Sneha,Female,Books,1,1426.58,Card,Pending,Kolkata,3
2191,12568,Ravi,Male,Clothing,9,3205.52,Cash,Delivered,Pune,5
2464,18081,Priya,Male,Grocery,1,160.76,Cash,Delivered,Pune,4
3165,11384,Neha,Female,Books,6,2384.94,Card,Pending,Mumbai,3
1726,17586,Pooja,Male,Clothing,7,1640.84,Card,Delivered,Chennai,3
4499,11214,Rahul,Female,Grocery,7,3533.34,UPI,Delivered,Hyderabad,4
4867,19066,Amit,Male,Furniture,7,1139.97,UPI,Delivered,Pune,4
1085,13682,Kiran,Female,Electronics,5,1205.52,Net Banking,Delivered,Delhi,5
3340,14939,Rahul,Female,Books,1,1168.12,Cash,Delivered,Pune,4
3994,16096,Neha,Female,Grocery,7,4523.76,,Cancelled,Mumbai,2
2348,19546,Sneha,Female,Furniture,9,737.23,UPI,Delivered,Pune,4
1215,14862,Priya,Female,Electronics,3,1181.5,UPI,Delivered,Kolkata,3
4096,19454,Ravi,Female,Grocery,1,943.96,Net Banking,Delivered,Mumbai,5
2556,10730,Amit,Female,Furniture,5,3155.06,,Cancelled,,3
3995,12902,Ravi,Male,Grocery,8,4225.73,Cash,Delivered,Hyderabad,3
2415,15280,Arjun,Female,Electronics,4,889.22,Cash,Delivered,Chennai,4
2640,15404,Sneha,Male,Furniture,7,1835.77,Net Banking,Returned,Delhi,2
3217,19680,Sneha,Male,Clothing,8,3530.19,UPI,Delivered,Hyderabad,4
4717,14681,Anuja,Male,Electronics,6,648.25,Card,Delivered,Chennai,5
4907,11933,Kiran,Female,Electronics,5,749.76,Card,Pending,Bangalore,4
3469,11325,Amit,Male,Furniture,1,2531.9,UPI,Delivered,,3
3700,10061,Pooja,Male,Furniture,2,2061.43,Cash,Delivered,Hyderabad,4
2026,15085,Pooja,Male,Grocery,5,1264.02,Card,Delivered,Mumbai,5
2304,19283,Kiran,Female,Clothing,5,3176.39,Card,Delivered,Chennai,5
3054,13574,Priya,Male,Electronics,6,3625.03,UPI,Delivered,,3
4382,17803,Priya,Female,Furniture,8,698.89,UPI,Delivered,Pune,5
1262,13347,Sneha,Male,Furniture,5,4735.36,Net Banking,Delivered,Delhi,4
2360,11528,Kiran,Male,Clothing,6,3270.59,UPI,Delivered,Pune,4
2324,16651,Ravi,Female,Electronics,3,3275.59,Net Banking,Cancelled,Mumbai,1
3567,13477,Amit,Male,Clothing,8,226.33,Cash,Delivered,Bangalore,4
1005,12321,Ravi,Other,Grocery,7,3678.67,Cash,Pending,Mumbai,3
2039,19148,Anuja,Male,Grocery,2,1291.46,Net Banking,Delivered,Chennai,4
2262,12064,Priya,Male,Furniture,6,4304.5,Cash,Pending,,3
1225,19026,Amit,Male,Clothing,4,428.88,Net Banking,Delivered,Bangalore,5
4222,14207,Priya,Male,Clothing,9,3112.95,Net Banking,Delivered,Chennai,5
2646,10045,Arjun,Female,Clothing,7,1182.47,Cash,Delivered,Kolkata,4
4385,19799,Priya,Female,Clothing,5,3951.13,UPI,Delivered,Hyderabad,5
1268,13495,Arjun,Female,Grocery,4,4575.64,UPI,Delivered,Hyderabad,4
3958,18556,Neha,Male,Books,7,2754.83,Net Banking,Cancelled,,2
4512,13215,,Female,Books,6,3854.66,UPI,Delivered,Mumbai,4
3204,17522,Amit,Male,Clothing,1,3981.2,Card,Pending,Pune,3
2074,11254,Anuja,Female,Books,6,2125.09,Cash,Pending,Delhi,2
2573,14014,,Other,Books,2,1440.39,Cash,Delivered,Pune,4
2427,11922,Amit,Male,Clothing,5,2067.83,Net Banking,Delivered,Hyderabad,4
4997,12024,,Male,Books,9,996.43,UPI,Pending,Kolkata,4
3624,16499,Rahul,Male,Electronics,1,3088.09,UPI,Delivered,Delhi,3
4737,18593,Sneha,Female,Grocery,6,613.84,Card,Returned,Kolkata,2
1892,17086,Kiran,Female,Furniture,1,3046.11,Cash,Delivered,Pune,3
3355,18967,Amit,Female,Grocery,5,4455.03,UPI,Pending,Chennai,4
3629,12046,Neha,Female,Grocery,1,2399.66,UPI,Delivered,Delhi,5
2635,11213,Pooja,Male,Electronics,3,795.58,Net Banking,Delivered,Kolkata,4
3676,14723,Priya,Male,Grocery,6,3995.52,Cash,Delivered,Hyderabad,5
4719,19034,Priya,Male,Electronics,8,3710.63,Cash,Pending,Bangalore,3
1413,11141,Ravi,Female,Grocery,1,593.86,UPI,Delivered,Delhi,5
4496,16298,Sneha,Male,Furniture,1,2445.46,Cash,Delivered,Pune,4
4183,18171,Anuja,Male,Grocery,7,4157.84,Cash,Delivered,Delhi,3
2096,16261,Arjun,Male,Books,9,3003.44,UPI,Delivered,Bangalore,4
4583,17982,,Female,Books,8,2573.79,UPI,Pending,Pune,3
2913,18715,Ravi,Female,Clothing,8,3215.45,Card,Delivered,Pune,4
2264,15645,Neha,Female,Grocery,7,523.78,Cash,Delivered,Hyderabad,3
4156,17617,Ravi,Female,Grocery,9,,UPI,Delivered,Chennai,5
2900,13804,Amit,Male,Electronics,5,4588.91,Net Banking,Delivered,Hyderabad,5
3121,17080,,Female,Books,3,4928.1,Card,Delivered,Chennai,4
3739,15538,Rahul,Male,Furniture,7,4690.9,UPI,Delivered,Pune,4
3853,13435,Arjun,Male,Grocery,6,3799.04,Net Banking,Delivered,Delhi,3
3952,15399,Priya,Female,Books,9,230.33,Card,Cancelled,,3
2791,12261,,Female,Grocery,1,2079.13,Cash,Delivered,Pune,4
3279,13259,Pooja,Female,Grocery,9,562.78,UPI,Pending,Hyderabad,2
2767,16125,Sneha,Female,Books,5,1080.59,Card,Delivered,Pune,4
1592,18419,Ravi,Female,Clothing,6,4708.18,Net Banking,Cancelled,Kolkata,2
1959,17435,Rahul,Male,Books,2,4835.73,,Delivered,Delhi,4
2994,17312,Rahul,Male,Furniture,4,3037.36,Net Banking,Delivered,Hyderabad,4
4390,16088,Priya,Male,Books,8,4334.31,UPI,Delivered,Mumbai,5
2442,19381,Ravi,Female,Books,4,615.42,Cash,Pending,Kolkata,3
1949,17188,Pooja,Male,Electronics,1,3263.36,Card,Delivered,Bangalore,5
1054,13523,Anuja,Male,Grocery,3,1838.45,Cash,Delivered,Pune,4
4972,13095,,Male,Grocery,6,624.46,Net Banking,Cancelled,Hyderabad,2
1226,10562,Sneha,Male,Clothing,4,1323.68,Card,Returned,Kolkata,2
4047,17625,Priya,Female,Books,2,2435.71,Cash,Returned,Bangalore,2
3950,16318,Sneha,Male,Grocery,1,2367.65,UPI,Delivered,Pune,4
2297,14711,Pooja,Female,Grocery,1,1151.23,UPI,Delivered,Mumbai,4
2925,19404,Anuja,Male,Furniture,2,,Net Banking,Pending,,4
4771,12217,Anuja,Male,Electronics,3,166.34,Card,Delivered,Bangalore,5
3196,10760,Rahul,Male,Grocery,8,4752.74,UPI,Delivered,Chennai,5
3636,18899,Rahul,Female,Clothing,1,3202.15,Net Banking,Delivered,Pune,4
3108,16772,,Female,Clothing,3,2624.53,UPI,Pending,Kolkata,3
3941,15641,Kiran,Female,Furniture,9,4014.8,,Cancelled,Pune,1
3469,18234,Anuja,Male,Electronics,6,838.37,Cash,Cancelled,Pune,1
4680,18919,Arjun,Other,Furniture,8,2747.56,UPI,Delivered,Kolkata,5
4888,19652,Arjun,Female,Electronics,5,839.82,Net Banking,Delivered,Mumbai,3
1976,19624,Priya,Male,Clothing,8,2881.89,,Delivered,Delhi,5
1084,11293,Priya,Male,Books,1,2012.94,UPI,Delivered,Pune,4
1826,12314,,Female,Clothing,9,2269.15,Card,Delivered,Hyderabad,4
3710,14922,Neha,Male,Grocery,7,,Card,Delivered,Kolkata,3
4300,15161,Amit,Male,Electronics,6,218.27,,Cancelled,Pune,2
1588,14701,Rahul,Female,Electronics,9,4701.19,UPI,Delivered,Bangalore,4
2051,11902,Rahul,Male,Books,2,3009.62,Cash,Delivered,Pune,4
2826,12273,Anuja,Male,Books,4,1297.21,Net Banking,Delivered,Chennai,5
3014,17767,Sneha,Male,Clothing,8,3277.49,Cash,Delivered,Pune,4
2526,14835,Priya,Female,Grocery,9,1778,Card,Delivered,Pune,4
1614,17457,Rahul,Male,Electronics,3,287.27,Card,Pending,Delhi,3
2333,15202,Sneha,Other,Clothing,6,2638.53,UPI,Delivered,Pune,4
1869,15327,Pooja,Female,Furniture,8,2049.19,Net Banking,Pending,Delhi,2
1148,11050,Sneha,Male,Grocery,5,4300.18,UPI,Delivered,Mumbai,4
4419,17087,Sneha,Male,Electronics,6,,Card,Delivered,Mumbai,4
2297,18111,,Female,Grocery,1,661.93,Card,Delivered,Kolkata,4
2750,15063,Priya,Male,Electronics,9,3879.98,Card,Delivered,Kolkata,4
4433,16238,Sneha,Female,Books,7,2696.38,Net Banking,Pending,Delhi,3
2868,10329,Amit,Male,Furniture,5,4397.57,Net Banking,Cancelled,Delhi,2
4598,11344,Priya,Male,Books,8,246.27,Net Banking,Delivered,Mumbai,4
4517,19373,Amit,Male,Furniture,5,3862.14,Cash,Cancelled,Chennai,2
1130,16131,Sneha,Female,Electronics,7,967.74,Cash,Pending,Chennai,3
2459,14775,Anuja,Male,Books,3,1146.63,Card,Delivered,Kolkata,5
4147,13483,Arjun,Male,Furniture,5,3593,Cash,Cancelled,Delhi,2
1409,11455,Priya,Male,Furniture,7,559.77,Net Banking,Pending,Mumbai,3
2497,13650,Priya,Female,Clothing,9,3671.82,Card,Delivered,Kolkata,5
3872,18259,Rahul,Female,Furniture,1,847.35,Net Banking,Delivered,Mumbai,5
3805,17777,Priya,Male,Grocery,4,3945.09,Net Banking,Delivered,Bangalore,4
2494,13283,Priya,Male,Grocery,1,4917.94,Card,Pending,Delhi,2
1148,16884,Pooja,Female,Grocery,2,3679.96,Cash,Pending,Chennai,3
3428,10768,Amit,Female,Books,8,3324.64,Card,Returned,Pune,2
2443,13250,Neha,Male,Grocery,2,1310.5,Net Banking,Delivered,Mumbai,4
2291,11098,Ravi,Female,Clothing,8,1826.9,Card,Pending,Delhi,4
1769,16192,Sneha,Female,Grocery,8,729.5,Net Banking,Pending,Pune,4
4759,19834,Kiran,Male,Furniture,7,180.2,UPI,Pending,Delhi,3
1814,10462,Kiran,Female,Grocery,7,758.1,UPI,Delivered,Bangalore,4
1793,16889,Amit,Female,Books,6,2873.29,Cash,Pending,Hyderabad,2
1770,12951,Sneha,Female,Grocery,7,3079.5,Net Banking,Delivered,Mumbai,3
1691,13684,Rahul,Female,Clothing,2,110.64,Card,Delivered,Chennai,4
2644,17380,Neha,Other,Furniture,3,621.58,Net Banking,Delivered,Kolkata,4
3803,11130,Neha,Male,Grocery,8,3768.3,,Delivered,Pune,4
4261,16878,Arjun,Female,Clothing,4,803.23,Net Banking,Pending,Pune,2
1359,11976,Arjun,Female,Grocery,4,3731.25,Cash,Delivered,Kolkata,4
4445,19190,Ravi,Male,Books,6,2496.63,Card,Delivered,Hyderabad,4
4416,14640,Kiran,Female,Books,3,4217.9,Net Banking,Pending,Delhi,3
2541,15803,Pooja,Male,Electronics,5,,UPI,Delivered,Delhi,4
2537,19156,Arjun,Male,Clothing,5,3635.72,Card,Pending,Hyderabad,3
1347,10541,Anuja,Male,Clothing,7,2148.05,UPI,Delivered,Chennai,4
1333,15141,Rahul,Female,Books,4,4717.4,UPI,Delivered,Hyderabad,4
1662,11184,Priya,Male,Furniture,5,3951.27,UPI,Delivered,Pune,5
1402,12122,Kiran,Female,Books,5,2906.5,Cash,Delivered,Kolkata,3
3652,15040,Arjun,Male,Books,3,1847.63,Card,Delivered,Delhi,5
2553,18495,Arjun,Female,Books,8,2359.75,Card,Delivered,Mumbai,4
3844,13412,Rahul,Male,Clothing,6,488.22,Card,Delivered,Bangalore,3
1035,14566,Anuja,Male,Books,5,4625.86,Card,Delivered,Pune,4
2269,14132,Pooja,Female,Furniture,4,4751.28,Cash,Delivered,Kolkata,3
1267,10340,Anuja,Female,Books,1,182.69,Cash,Pending,Delhi,2
4643,14808,Rahul,Male,Books,9,1714.94,Net Banking,Delivered,Delhi,5
2047,11858,Rahul,Female,Grocery,9,3750.14,Net Banking,Delivered,Kolkata,4
1849,16263,Anuja,Female,Grocery,5,3910.27,Card,Delivered,Bangalore,4
2900,15534,Pooja,Male,Books,9,3742.78,UPI,Delivered,Mumbai,4
3782,10948,Rahul,Male,Furniture,6,2731.62,Cash,Delivered,Hyderabad,3
2696,14654,Kiran,Female,Grocery,1,218.71,Cash,Delivered,Chennai,3
2059,11467,Rahul,Female,Grocery,4,,,Delivered,Hyderabad,3
3000,14474,Priya,Female,Clothing,4,,Net Banking,Pending,Mumbai,3
3442,13030,Neha,Other,Grocery,2,2343.5,UPI,Delivered,Delhi,4
2796,12191,Neha,Female,Grocery,3,3387.04,Card,Delivered,Hyderabad,3
3719,11126,Sneha,Female,Grocery,6,1061.62,Cash,Delivered,Bangalore,4
4545,18143,Anuja,Female,Clothing,5,2032.5,Cash,Cancelled,Hyderabad,2
4548,17101,Ravi,Male,Furniture,7,3888.69,UPI,Pending,Delhi,3
1289,19924,Kiran,Female,Clothing,1,4749.53,UPI,Delivered,Hyderabad,5
3530,12311,Sneha,Female,Clothing,7,2612.51,Cash,Delivered,Delhi,4
2439,11793,Ravi,Female,Books,9,1829.53,Cash,Delivered,Hyderabad,5
3990,16393,Priya,Female,Furniture,1,3799.08,Cash,Delivered,Delhi,3
1312,14439,Amit,Male,Grocery,3,3639.33,UPI,Pending,,3
4168,19157,Kiran,Female,Furniture,2,1045.31,Card,Delivered,Pune,4
3561,16742,Sneha,Other,Electronics,3,1084.21,UPI,Cancelled,Kolkata,2
4862,17014,Ravi,Male,Books,8,347.45,UPI,Delivered,Chennai,5
3068,17616,Rahul,Male,Clothing,6,1701.96,Net Banking,Returned,Kolkata,2
1844,10330,Neha,Male,Grocery,5,2586.17,Card,Delivered,Mumbai,4
1906,14592,Sneha,Female,Books,6,4123.06,UPI,Delivered,Delhi,5
1648,17103,Arjun,Male,Books,6,4000.35,Cash,Delivered,Delhi,4
1881,18906,Sneha,Female,Furniture,5,2539.94,Cash,Delivered,Mumbai,5
2529,19664,Kiran,Male,Clothing,6,911.78,Net Banking,Cancelled,,2
1880,13382,Anuja,Other,Books,3,2627.86,,Delivered,Delhi,3
4416,14535,Amit,Female,Clothing,8,2981.33,Net Banking,Delivered,Hyderabad,4
1498,12892,Neha,Female,Clothing,1,499.71,Card,Cancelled,Chennai,1
2767,10130,Arjun,Male,Grocery,3,961.84,UPI,Delivered,Hyderabad,4
3640,19110,Neha,Female,Books,5,3991.8,Cash,Delivered,Bangalore,4
3043,12416,Priya,Male,Electronics,6,,Cash,Cancelled,Hyderabad,2
3975,11792,Ravi,Other,Books,1,587.37,Net Banking,Cancelled,Pune,3
3432,15224,Kiran,Female,Furniture,6,340.09,,Delivered,Hyderabad,4
3641,17804,Anuja,Male,Grocery,7,2709.16,Card,Delivered,Delhi,5
3141,19436,Ravi,Female,Grocery,5,,UPI,Delivered,,3
2306,13573,Neha,Female,Clothing,1,2987.71,Cash,Cancelled,Mumbai,1
4486,16789,Anuja,Male,Furniture,7,3100.36,Cash,Returned,Pune,3
3560,18026,Rahul,Other,Books,1,4564.95,Card,Delivered,Delhi,4
1971,17314,Rahul,Female,Clothing,5,2963.82,Net Banking,Pending,Kolkata,3
4308,19609,Rahul,Female,Electronics,3,4273.78,Cash,Delivered,Kolkata,3
4676,11886,Anuja,Female,Clothing,1,3494.82,Card,Delivered,Pune,4
1694,13413,Priya,Female,Clothing,5,,Net Banking,Delivered,Hyderabad,4
1643,18537,Ravi,Male,Grocery,6,2882.19,Net Banking,Pending,,4
2963,16806,Neha,Female,Books,2,4047.89,Cash,Delivered,Pune,5
3145,12868,Pooja,Male,Clothing,7,706.48,Cash,Delivered,Bangalore,4
4747,16212,Rahul,Female,Electronics,5,4933.14,Card,Pending,Mumbai,3
2085,10098,Anuja,Male,Grocery,6,909.64,Net Banking,Pending,Bangalore,2
1481,13809,Anuja,Other,Clothing,4,4692.2,Net Banking,Delivered,Bangalore,3
2749,18283,Rahul,Female,Electronics,8,1719,Net Banking,Delivered,Bangalore,4
1295,19820,Amit,Female,Clothing,1,2839.26,Cash,Pending,Hyderabad,3
3166,10904,Arjun,Female,Furniture,9,,UPI,Pending,Mumbai,2
2072,12212,Priya,Male,Electronics,4,711.77,Cash,Cancelled,Pune,2
4899,15322,Arjun,Female,Grocery,7,4901.54,Cash,Delivered,Hyderabad,4
3518,19815,Kiran,Female,Books,9,4343.78,Card,Delivered,Chennai,5
1369,12283,Ravi,Male,Electronics,6,1895.89,Card,Delivered,Chennai,5
1164,10869,Kiran,Male,Books,9,3646.38,UPI,Delivered,Pune,4
3456,11878,Ravi,Male,Grocery,3,1739.84,Cash,Returned,Pune,2
4770,15465,Neha,Male,Electronics,4,3613.3,UPI,Delivered,Mumbai,5
3622,13959,Sneha,Female,Furniture,5,2626.07,Cash,Returned,Chennai,2
1389,16794,,Female,Furniture,7,3362.88,Net Banking,Delivered,,4
4387,12731,Anuja,Female,Books,9,3538.53,Card,Cancelled,Kolkata,2
3562,17770,Neha,Female,Clothing,3,3427.13,Net Banking,Delivered,Hyderabad,3
1428,15660,Arjun,Male,Furniture,4,,Net Banking,Pending,Mumbai,3
2321,19457,Anuja,Male,Grocery,3,155.97,Net Banking,Delivered,Chennai,4
3580,10906,Amit,Male,Grocery,4,4896.38,Cash,Pending,Kolkata,4
2629,19137,Amit,Female,Furniture,4,945.53,,Cancelled,Delhi,1
1284,19735,Rahul,Female,Electronics,5,1545.8,Card,Cancelled,Chennai,3
4769,15322,Kiran,Female,Clothing,5,825.93,Card,Returned,Delhi,2
4243,10493,Anuja,Male,Books,2,2515.24,UPI,Delivered,Bangalore,3
4068,19868,Neha,Male,Electronics,2,2188.95,Net Banking,Delivered,Pune,4
2943,14559,Rahul,Male,Books,2,1450.82,UPI,Delivered,Kolkata,4
2446,19422,Kiran,Female,Clothing,6,2691.79,UPI,Pending,Kolkata,2
2444,15769,Neha,Female,Grocery,4,3254.29,UPI,Delivered,Pune,3
3666,14776,Neha,Male,Furniture,7,,Cash,Pending,Kolkata,2
3669,17319,Priya,Male,Books,2,991.43,Net Banking,Delivered,Hyderabad,4
3235,19377,Pooja,Female,Grocery,2,2056.68,Card,Returned,Bangalore,1
2206,12415,Rahul,Female,Electronics,2,1498.41,UPI,Delivered,Delhi,4
1911,16652,Rahul,Male,Grocery,2,3508.72,UPI,Pending,Kolkata,2
3019,19283,Amit,Female,Furniture,4,3448.51,,Delivered,Hyderabad,4
4294,11235,Anuja,Female,Clothing,7,2233.95,Card,Delivered,Bangalore,5
1334,11996,,Male,Books,9,3034.48,Cash,Pending,Delhi,3
2236,14849,Priya,Female,Grocery,9,4634.53,Net Banking,Pending,Pune,4
2276,14412,Arjun,Female,Electronics,4,4912.84,UPI,Delivered,Mumbai,5
3945,14498,Pooja,Female,Books,9,270.36,,Delivered,Hyderabad,3
3309,11622,Anuja,Male,Grocery,4,4551.24,UPI,Delivered,Bangalore,4
1723,17460,Kiran,Male,Clothing,8,3614.58,UPI,Cancelled,Mumbai,2
4197,12802,Pooja,Female,Clothing,6,3496.9,Card,Delivered,,4
1241,18447,Anuja,Female,Clothing,8,873.92,Card,Delivered,Bangalore,4
4962,13179,Kiran,Male,Electronics,1,617.22,Card,Delivered,Hyderabad,4
1975,11876,Pooja,Female,Books,1,4779.99,Card,Delivered,Kolkata,5
3630,16860,Sneha,Male,Books,8,1610.71,Cash,Pending,Chennai,3
3472,18220,Neha,Male,Books,8,,Net Banking,Delivered,Pune,4
1703,19471,Rahul,Male,Books,7,4274.43,Cash,Delivered,Mumbai,3
4173,14239,Amit,Male,Furniture,8,4528.51,Cash,Delivered,Chennai,4
3741,18808,Rahul,Female,Grocery,6,2226.97,UPI,Delivered,Bangalore,4
1664,10527,Neha,Other,Clothing,2,1443.04,Cash,Delivered,Mumbai,4
2215,11025,Kiran,Female,Furniture,2,2029.29,,Delivered,Chennai,4
3675,11561,Pooja,Male,Electronics,4,1610.55,UPI,Delivered,Hyderabad,5
3786,10659,Amit,Male,Clothing,3,4115.02,UPI,Delivered,Pune,4
1995,18667,Neha,Female,Grocery,9,4611.59,Card,Delivered,Bangalore,4
2342,15488,Anuja,Male,Furniture,3,3470.31,Card,Delivered,Pune,3
1202,15401,Neha,Male,Grocery,8,1983.95,UPI,Pending,Chennai,3
3811,13022,Rahul,Female,Furniture,5,,Card,Delivered,Mumbai,4
2013,12446,Amit,Male,Clothing,7,934.32,Cash,Delivered,Chennai,4
1510,17734,Kiran,Female,Books,7,3457.43,UPI,Delivered,Chennai,4
4506,10081,Sneha,Female,Furniture,9,2593.4,Cash,Delivered,Hyderabad,4
3502,18660,Neha,Male,Clothing,6,4002.53,Cash,Delivered,Hyderabad,4
2257,11225,,Female,Clothing,7,1377.06,,Delivered,Mumbai,5
4701,12666,Anuja,Male,Books,9,4382.62,Net Banking,Delivered,Delhi,4
4286,14040,Pooja,Female,Furniture,9,4271.96,Card,Delivered,Mumbai,4
4782,12492,Amit,Female,Furniture,9,3278.12,Net Banking,Delivered,Mumbai,4
3875,13546,Sneha,Female,Clothing,5,4964.99,Cash,Delivered,Pune,4
4056,19407,Arjun,Female,Clothing,9,4102.17,Net Banking,Pending,,3
4687,11831,Rahul,Female,Clothing,9,3182.15,Cash,Pending,Chennai,3
2938,12511,Neha,Female,Clothing,9,220.06,Card,Delivered,Mumbai,3
3643,16485,Ravi,Female,Books,6,649.41,Card,Pending,Kolkata,3
4972,12928,Priya,Male,Electronics,5,3271.29,Cash,Pending,Chennai,3
4003,14045,Kiran,Male,Grocery,5,3204.57,UPI,Delivered,Kolkata,4
3357,18878,Arjun,Female,Grocery,7,3281.5,Card,Delivered,Hyderabad,5
1339,17297,Rahul,Female,Clothing,5,1364.41,Cash,Delivered,Delhi,4
2495,15303,Arjun,Female,Electronics,4,1996.79,UPI,Delivered,Delhi,4
3936,19286,Priya,Female,Clothing,4,803.42,Card,Cancelled,Hyderabad,3
2594,18163,Sneha,Male,Books,2,4373.89,Net Banking,Cancelled,Bangalore,3
1961,10511,Arjun,Female,Grocery,8,4373.46,Card,Pending,Mumbai,3
4746,16512,Ravi,Female,Electronics,4,1956.4,Cash,Returned,Chennai,2
4068,18424,Ravi,Male,Clothing,3,1657.57,UPI,Delivered,Bangalore,4
4638,13118,Arjun,Female,Books,5,3711.07,UPI,Delivered,Kolkata,5
3842,10164,Priya,Female,Clothing,2,,Cash,Delivered,Hyderabad,4
4520,16283,Sneha,Female,Furniture,1,1392.86,Cash,Delivered,Chennai,4
1898,10827,Kiran,Female,Books,7,4132.3,UPI,Pending,,2
3999,14378,Amit,Male,Books,4,3098.67,Net Banking,Delivered,Mumbai,5
1179,18550,Sneha,Male,Grocery,9,1669.74,UPI,Delivered,Pune,4
1977,15192,Rahul,Male,Clothing,7,2503.38,Card,Returned,Chennai,3
3246,12980,,Female,Furniture,2,1243.03,Card,Pending,,2
4561,13167,Amit,Male,Grocery,3,3594.64,Net Banking,Pending,Kolkata,3
1326,16596,Arjun,Female,Clothing,8,288.83,Net Banking,Pending,Hyderabad,3
1328,14971,Pooja,Female,Clothing,8,4245.73,Net Banking,Delivered,Mumbai,4
4638,15356,Ravi,Male,Electronics,5,,UPI,Delivered,Hyderabad,3
4339,12377,Priya,Male,Electronics,1,1713.4,Net Banking,Delivered,Pune,3
1713,12147,Arjun,Male,Books,6,542.61,Cash,Delivered,Hyderabad,4
4289,11244,Anuja,Female,Electronics,4,2483.19,Card,Pending,Delhi,3
3975,18552,Neha,Male,Electronics,8,4560.58,UPI,Delivered,Delhi,4
1928,18001,Rahul,Female,Electronics,5,,Cash,Delivered,Chennai,4
1294,15390,Pooja,Female,Furniture,6,2941.97,,Delivered,Chennai,4
3518,13619,Pooja,Female,Clothing,1,1718.06,Net Banking,Cancelled,Hyderabad,2
3430,10870,Sneha,Male,Clothing,7,4470.77,Cash,Delivered,,4
3472,16010,Neha,Female,Electronics,5,2250.44,UPI,Pending,Mumbai,3
4426,19249,Anuja,Female,Books,3,3545.07,UPI,Pending,,4
2447,19364,Ravi,Female,Electronics,6,1510.85,Cash,Delivered,Hyderabad,4
2183,15739,Pooja,Female,Clothing,2,2077.44,Net Banking,Delivered,Hyderabad,4
3828,17251,Pooja,Female,Grocery,3,4368.44,Net Banking,Returned,Kolkata,1
1300,12787,Priya,Male,Electronics,6,4786.05,Cash,Delivered,Bangalore,3
4232,19262,Sneha,Male,Grocery,7,3621.92,Cash,Delivered,Pune,5
4821,19067,Pooja,Male,Grocery,8,751.75,Net Banking,Delivered,Delhi,4
3945,19780,Anuja,Male,Electronics,6,2565.04,Card,Delivered,Mumbai,4
4438,11359,Neha,Male,Clothing,2,4500.95,Card,Delivered,Chennai,4
4223,11149,Kiran,Male,Grocery,7,3634.58,Cash,Delivered,Chennai,3
2191,11468,Amit,Female,Grocery,6,3750.92,Cash,Delivered,Hyderabad,4
3654,11000,Arjun,Male,Electronics,3,1432.38,Cash,Delivered,Hyderabad,4
1783,19376,Neha,Female,Furniture,4,1500.09,UPI,Delivered,Hyderabad,3
2986,11896,Priya,Female,Clothing,9,4978.05,Net Banking,Cancelled,Bangalore,2
4792,13297,Priya,Female,Books,1,2512.89,UPI,Delivered,Kolkata,4
4170,16539,Arjun,Female,Furniture,9,1173.48,UPI,Delivered,Pune,3
4435,13490,,Female,Grocery,2,2558.22,Card,Delivered,Chennai,4
3646,13459,Kiran,Male,Clothing,2,3816.33,Cash,Pending,Kolkata,3
4709,13083,Priya,Male,Clothing,6,3190.86,UPI,Delivered,Bangalore,4
2753,19174,Neha,Female,Grocery,2,1980.42,UPI,Delivered,Pune,5
4804,18904,Rahul,Female,Furniture,6,3056.5,Net Banking,Cancelled,Chennai,2
3286,14979,Rahul,Female,Furniture,3,667.76,Card,Delivered,Chennai,4
4901,15622,Ravi,Male,Clothing,7,3136.6,UPI,Pending,Hyderabad,2
1594,16177,Amit,Male,Electronics,3,1365.13,Net Banking,Delivered,Kolkata,4
4272,12415,Amit,Male,Furniture,4,2304.35,Cash,Delivered,Pune,4
4617,16582,Arjun,Female,Electronics,1,279.51,Net Banking,Delivered,Hyderabad,4
2257,16383,Pooja,Female,Books,9,2723.93,Net Banking,Pending,Chennai,4
1137,17135,Pooja,Male,Grocery,3,300.18,UPI,Delivered,Mumbai,4
3467,12335,Arjun,Male,Books,9,4096.13,UPI,Pending,Delhi,3
3137,14581,Arjun,Female,Grocery,8,4617.01,Cash,Delivered,Hyderabad,3
1421,13903,Ravi,Female,Electronics,2,3793.02,Net Banking,Delivered,Delhi,4
1684,11392,Neha,Female,Books,3,2137.23,Card,Pending,Pune,3
4496,11800,Kiran,Female,Clothing,7,3223.13,Net Banking,Pending,Pune,3
1082,18805,Ravi,Male,Furniture,4,1893.06,UPI,Delivered,Bangalore,3
4663,16499,,Other,Furniture,9,3324.9,Card,Delivered,Mumbai,4
4861,12087,Amit,Female,Electronics,7,1706.47,UPI,Cancelled,Hyderabad,2
4296,17296,Priya,Female,Grocery,2,4660.26,UPI,Pending,Hyderabad,4
2305,17111,Amit,Female,Electronics,3,,UPI,Cancelled,Pune,1
4091,18584,Sneha,Female,Clothing,3,867.63,Net Banking,Pending,,3
2314,17670,Sneha,Male,Furniture,4,1702.8,UPI,Pending,Bangalore,3
3445,17265,Neha,Female,Books,2,1751.5,Cash,Delivered,Pune,4
3575,19234,Pooja,Female,Clothing,8,480.79,UPI,Cancelled,Mumbai,3
1133,18625,Ravi,Male,Electronics,4,988.21,Net Banking,Delivered,Hyderabad,5
2231,14570,Anuja,Male,Books,3,3668.64,UPI,Delivered,Chennai,4
2963,15008,Anuja,Female,Furniture,6,4248.53,Net Banking,Delivered,Bangalore,4
2573,11955,Arjun,Female,Furniture,6,2321.92,Card,Delivered,Kolkata,4
3848,15901,Ravi,Male,Electronics,9,3854.01,Cash,Delivered,Hyderabad,4
2629,18599,Kiran,Female,Books,9,2775.68,Net Banking,Delivered,,3
4129,18112,Pooja,Female,Grocery,9,3554.12,Card,Delivered,Kolkata,3
4622,12788,Kiran,Male,Electronics,5,3598.55,Cash,Delivered,Chennai,4
3919,18817,Rahul,Male,Furniture,9,628.91,Net Banking,Cancelled,Hyderabad,1
2367,10250,Anuja,Female,Grocery,6,2135.78,Cash,Delivered,Hyderabad,4
2083,10010,,Female,Clothing,8,3176.32,Card,Delivered,Chennai,4
2575,13215,Arjun,Male,Books,7,3210.32,Net Banking,Delivered,Pune,4
2936,19275,Amit,Male,Grocery,2,4249.93,Net Banking,Pending,Pune,3
1716,15057,Rahul,Female,Furniture,3,4730.23,Card,Delivered,Chennai,3
4792,10774,Neha,Male,Electronics,8,4638,Cash,Cancelled,Delhi,2
4820,17082,Arjun,Male,Electronics,7,,Cash,Delivered,Chennai,4
1288,18218,Arjun,Male,Books,6,,Card,Cancelled,Delhi,2
4042,19496,Pooja,Female,Clothing,6,3731.8,UPI,Delivered,Hyderabad,4
3661,13674,Ravi,Female,Electronics,8,4711.13,Card,Cancelled,Mumbai,2
2270,10782,Pooja,Female,Grocery,2,4023.19,Net Banking,Delivered,Delhi,4
1337,11877,Anuja,Male,Books,7,559.03,UPI,Delivered,Delhi,3
4829,19522,Amit,Female,Clothing,6,4996.98,Card,Delivered,Bangalore,4
1807,15315,Rahul,Male,Clothing,9,4147.23,Net Banking,Delivered,Kolkata,3
1194,18382,Amit,Other,Furniture,5,4246.57,UPI,Cancelled,Mumbai,2
4968,18433,Arjun,Female,Electronics,9,4941.44,Cash,Pending,Kolkata,3
1661,12810,Arjun,Female,Electronics,8,4029.95,Cash,Delivered,,4
3756,13071,Priya,Female,Grocery,9,948.39,Net Banking,Delivered,Pune,4
2843,15281,Amit,Female,Electronics,2,4755.98,UPI,Delivered,Delhi,4
4301,15419,Amit,Male,Furniture,3,757.34,Cash,Delivered,,5
4276,10018,Rahul,Male,Electronics,1,964.96,UPI,Delivered,Bangalore,5
2686,16247,Ravi,Female,Grocery,2,667.71,Card,Cancelled,Chennai,1
1872,19396,Amit,Male,Electronics,4,2618.79,Cash,Pending,Mumbai,4
1041,11361,Kiran,Female,Grocery,7,1239.58,Cash,Cancelled,Hyderabad,1
3139,15383,,Male,Grocery,2,4632.71,Net Banking,Delivered,Delhi,4
2035,12419,Rahul,Female,Furniture,7,471.94,Cash,Delivered,Chennai,4
4489,17032,Priya,Male,Clothing,3,4320.71,Card,Returned,Delhi,1
3837,17903,Sneha,Female,Books,9,873.6,Cash,Delivered,Mumbai,4
3959,18911,Anuja,Female,Grocery,3,666.09,UPI,Delivered,Delhi,3
2998,14798,Priya,Female,Grocery,5,,Cash,Delivered,Pune,4
4787,11566,Priya,Male,Electronics,6,2536.4,,Delivered,Delhi,5
2381,18400,Amit,Female,Electronics,2,2506.49,,Cancelled,Kolkata,3
1684,17222,Arjun,Female,Electronics,1,,Net Banking,Delivered,Mumbai,4
4835,11550,Neha,Female,Electronics,5,1739.46,UPI,Delivered,Bangalore,4
2587,10276,,Female,Clothing,3,4648.4,Card,Pending,Kolkata,3
3983,12747,Amit,Female,Books,7,3770.08,Cash,Delivered,Pune,4
4824,15052,Pooja,Female,Clothing,1,,Card,Delivered,Mumbai,4
3599,15781,Arjun,Male,Furniture,2,2001.64,Net Banking,Delivered,Pune,5
3149,16429,Anuja,Female,Books,6,2335.07,Net Banking,Delivered,,4
2916,17145,,Female,Furniture,1,735.65,Card,Cancelled,Bangalore,1
1840,13651,Arjun,Male,Electronics,2,4076.5,Cash,Delivered,Hyderabad,5
4414,13319,Neha,Female,Electronics,2,1539.65,UPI,Delivered,Kolkata,5
1244,11425,Rahul,Male,Furniture,5,3877.28,Net Banking,Delivered,Mumbai,4
3243,18880,Arjun,Female,Grocery,5,937.45,Cash,Returned,Mumbai,2
1603,10391,Rahul,Male,Clothing,3,3845.21,UPI,Delivered,Bangalore,5
1868,12056,Ravi,Female,Electronics,8,491.6,Card,Cancelled,Hyderabad,2
2269,19417,Arjun,Female,Electronics,3,589.45,Cash,Delivered,Hyderabad,4
3880,15415,Kiran,Other,Clothing,8,2019.93,Cash,Delivered,Pune,5
2773,15798,Pooja,Female,Clothing,9,3767.61,Card,Pending,Pune,4
1623,19365,Ravi,Female,Electronics,9,2389.74,Net Banking,Delivered,Bangalore,4
4411,15235,Sneha,Male,Grocery,6,3125.54,UPI,Delivered,Chennai,3
3343,10572,Amit,Male,Furniture,4,2029.23,Cash,Delivered,Pune,4
1361,19436,Neha,Male,Clothing,5,3372.05,Cash,Cancelled,Kolkata,2
3016,15783,Sneha,Female,Furniture,7,3891.65,UPI,Delivered,Kolkata,4
1896,17759,Arjun,Female,Electronics,6,3094.13,Card,Delivered,Chennai,4
3881,13239,Sneha,Male,Books,9,1057.21,Cash,Pending,Delhi,3
1565,10783,Amit,Female,Books,9,3910.84,Net Banking,Cancelled,Chennai,1
3134,10295,Neha,Male,Electronics,1,980.57,Card,Cancelled,Kolkata,2
2624,11454,Pooja,Female,Books,1,2046.27,Net Banking,Pending,Hyderabad,3
1987,12739,,Female,Grocery,2,4554.01,Card,Delivered,Bangalore,4
4853,17756,,Male,Grocery,2,4212.07,UPI,Delivered,Kolkata,4
3469,13124,Anuja,Male,Books,9,4006.25,UPI,Pending,Delhi,3
1094,14326,Priya,Female,Clothing,3,3587.41,Cash,Delivered,Pune,3
4294,12246,Ravi,Female,Electronics,8,121.65,Cash,Returned,Hyderabad,2
2657,15274,Anuja,Male,Grocery,8,,Card,Pending,Chennai,3
2141,10100,Neha,Male,Furniture,4,2400.37,Net Banking,Pending,,3
3102,14185,Kiran,Female,Furniture,1,3230.28,UPI,Pending,Delhi,3
2461,16841,Arjun,Male,Clothing,4,2849.82,Cash,Cancelled,Kolkata,1
4216,15153,,Male,Clothing,3,,Cash,Delivered,Chennai,3
1198,15153,Kiran,Female,Electronics,1,3629.54,Cash,Delivered,Bangalore,4
3452,16065,Neha,Female,Books,2,2743.91,Cash,Delivered,Pune,5
2325,10537,Neha,Male,Furniture,1,2779.21,,Delivered,Pune,3
2838,11502,Arjun,Male,Books,3,2197.46,UPI,Delivered,Kolkata,4
2108,14366,Neha,Male,Clothing,7,4228.21,UPI,Delivered,Chennai,3
4040,16142,Amit,Male,Books,4,3222.47,Net Banking,Delivered,Mumbai,4
3585,14669,Amit,Female,Clothing,3,3452.2,Net Banking,Delivered,Kolkata,4
4229,11069,Sneha,Male,Clothing,7,3967.38,Cash,Delivered,Kolkata,4
2824,19718,Priya,Female,Furniture,4,4164.45,Card,Delivered,Hyderabad,3
4498,14169,Neha,Female,Electronics,3,1972.61,Card,Delivered,Mumbai,4
1922,18753,Anuja,Female,Electronics,6,3969.06,UPI,Delivered,Delhi,4
2212,18740,Pooja,Male,Books,2,2060.68,Card,Pending,Delhi,3
2993,10464,Ravi,Male,Clothing,6,4260.42,UPI,Delivered,Chennai,4
1123,16998,Priya,Male,Books,2,4341.92,Card,Cancelled,Mumbai,2
3802,14335,,Female,Furniture,9,3973.54,Net Banking,Delivered,Bangalore,4
2324,19730,Neha,Male,Electronics,5,1144.49,UPI,Delivered,Chennai,4
3365,15024,Amit,Female,Furniture,7,4113.72,Cash,Delivered,Delhi,5
4249,11885,Priya,Male,Electronics,7,3447.48,Net Banking,Pending,Pune,4
1942,19267,Kiran,Other,Books,5,1761.46,Cash,Delivered,Pune,5
4591,11707,Rahul,Female,Clothing,4,1446.13,Net Banking,Delivered,Delhi,4
1396,10615,Pooja,Male,Electronics,1,3678.93,Card,Delivered,Chennai,4
4371,11241,Sneha,Female,Clothing,4,3145.79,UPI,Delivered,Hyderabad,4
2126,14123,Ravi,Female,Books,9,2899.36,Net Banking,Delivered,Pune,5
4129,17161,Anuja,Male,Clothing,8,3698.9,Card,Delivered,Kolkata,5
2946,13881,Arjun,Male,Electronics,2,,Cash,Delivered,Bangalore,5
4426,10448,Kiran,Female,Books,4,3088.59,UPI,Delivered,Hyderabad,3
3610,11649,Sneha,Male,Books,3,4264.71,Card,Delivered,Kolkata,4
4209,13587,Anuja,Female,Clothing,4,2536.45,Card,Delivered,Hyderabad,4
1961,14019,Neha,Female,Electronics,4,3613.05,Card,Delivered,Chennai,4
1158,18378,,Male,Books,9,1136.31,Cash,Pending,Bangalore,3
1595,18411,Sneha,Female,Clothing,8,4918.99,UPI,Delivered,Pune,3
4747,11728,Anuja,Female,Furniture,5,210.01,Net Banking,Pending,Bangalore,2
3741,19835,Sneha,Female,Furniture,9,501.42,,Delivered,Chennai,4
2052,19382,Amit,Female,Grocery,6,4206.83,UPI,Delivered,Kolkata,4
4280,11102,Rahul,Male,Grocery,5,3473.99,Net Banking,Delivered,Chennai,4
3665,17635,Neha,Female,Clothing,3,234.56,Card,Delivered,Chennai,5
3826,15481,Priya,Male,Electronics,8,3988.44,Cash,Pending,Pune,2
1293,16905,Neha,Male,Books,1,4803.08,Net Banking,Pending,Kolkata,3
2449,15492,Priya,Female,Furniture,3,1774.44,Card,Delivered,,4
3397,19336,Neha,Female,Clothing,1,1799.29,UPI,Cancelled,Bangalore,3
3844,19304,Kiran,Male,Electronics,5,2829.09,Net Banking,Delivered,Kolkata,5
4032,16981,Amit,Male,Furniture,7,4386.91,UPI,Returned,Hyderabad,2
4182,11425,Neha,Male,Clothing,7,1660.61,Card,Delivered,Chennai,4
1442,13134,Arjun,Male,Clothing,1,1633.81,Cash,Delivered,Chennai,4
3645,15008,Rahul,Male,Books,3,2826.8,Cash,Cancelled,Kolkata,1
1216,14492,Anuja,Male,Furniture,7,3766.61,Card,Delivered,Chennai,5
4003,18388,Anuja,Female,Furniture,7,3765.7,UPI,Pending,Hyderabad,2
4896,12500,Priya,Female,Electronics,1,2310.79,Net Banking,Delivered,Delhi,4
2641,13731,Priya,Female,Furniture,3,3318.27,Card,Delivered,Bangalore,4
3800,16630,Kiran,Male,Furniture,8,1243.88,Cash,Delivered,Delhi,4
1946,10336,Arjun,Male,Grocery,5,4155.97,Net Banking,Delivered,Hyderabad,5
4363,15161,Anuja,Male,Furniture,9,4586.83,UPI,Delivered,Bangalore,4
1819,16175,Priya,Male,Grocery,3,1586.29,Net Banking,Delivered,Delhi,4
1097,15974,Kiran,Male,Grocery,7,2196.23,Cash,Delivered,Hyderabad,4
4635,15640,Neha,Female,Electronics,6,4842.87,Cash,Delivered,Chennai,4
2517,15855,Priya,Female,Electronics,2,2429.07,Net Banking,Pending,Pune,2
2136,17076,Amit,Female,Furniture,2,661.49,Net Banking,Delivered,,4
3923,19699,Neha,Female,Clothing,6,2183.83,Net Banking,Delivered,,4
2377,14762,Ravi,Male,Furniture,3,2166.96,Net Banking,Delivered,Bangalore,3
3814,17865,Amit,Female,Books,2,4799.61,Card,Delivered,Chennai,4
1159,12486,Kiran,Female,Electronics,2,3838.58,Card,Delivered,Hyderabad,4
3013,18469,Neha,Female,Furniture,5,856.62,UPI,Cancelled,Delhi,2
1477,13845,,Female,Furniture,2,3267.52,UPI,Delivered,Hyderabad,5
3472,16733,Ravi,Female,Electronics,4,4262.28,UPI,Delivered,Kolkata,5
3405,11637,Rahul,Female,Electronics,2,282.05,Cash,Pending,Bangalore,3
4590,12729,Arjun,Female,Electronics,2,738.8,Net Banking,Delivered,Pune,3
1062,12835,Priya,Male,Furniture,1,990.15,Net Banking,Delivered,Delhi,4
2413,19860,Rahul,Male,Grocery,2,3698.1,Net Banking,Cancelled,Kolkata,2
2256,19665,Anuja,Male,Clothing,3,2147.52,Card,Delivered,Kolkata,4
1460,15672,Ravi,Female,Clothing,9,2558.85,Cash,Delivered,Mumbai,4
4779,17237,Ravi,Male,Electronics,8,2821.9,Card,Pending,Bangalore,3
2896,14971,Kiran,Female,Clothing,1,3193.02,Cash,Delivered,Mumbai,4
2624,11410,Neha,Female,Furniture,8,4050.69,UPI,Delivered,Kolkata,4
4897,13573,Kiran,Female,Grocery,4,3790.35,UPI,Pending,Hyderabad,2
4145,17675,Priya,Female,Grocery,2,2877.19,Net Banking,Delivered,Hyderabad,4
4083,17727,Rahul,Female,Furniture,2,4500.11,Card,Cancelled,Hyderabad,2
4731,14830,Neha,Other,Grocery,7,2900.91,UPI,Delivered,Bangalore,4
4584,12944,Rahul,Female,Furniture,2,894.61,Net Banking,Delivered,Hyderabad,5
1989,14349,Rahul,Female,Books,7,4803.35,UPI,Returned,Pune,2
3499,18898,Neha,Male,Books,3,2458.82,Card,Delivered,Pune,4
2150,12791,Amit,Female,Clothing,6,2184.62,Card,Delivered,Pune,5
3242,10761,,Female,Grocery,7,3785.53,Net Banking,Delivered,Pune,4
2092,16058,Ravi,Female,Grocery,8,4566.27,Net Banking,Delivered,Bangalore,4
1739,19013,Arjun,Male,Grocery,2,4871.81,Cash,Delivered,Delhi,3
3902,16017,Amit,Female,Books,6,3145.77,UPI,Delivered,Kolkata,3
1757,17434,Neha,Male,Grocery,1,2541.06,UPI,Pending,Pune,3
2007,15985,Ravi,Male,Clothing,6,881.67,UPI,Delivered,Chennai,4
3729,18118,Rahul,Male,Grocery,3,4339.02,Cash,Delivered,Delhi,4
4592,18053,Ravi,Female,Furniture,6,3346.6,Cash,Delivered,Kolkata,4
2669,13232,Amit,Female,Grocery,5,4184.99,Card,Delivered,Bangalore,5
3727,15854,Amit,Female,Furniture,5,3255.87,Card,Delivered,Hyderabad,4
4900,19439,Ravi,Female,Books,6,1903.72,UPI,Delivered,Kolkata,5
1626,19973,Sneha,Female,Books,6,3519.14,UPI,Delivered,Delhi,4
1968,17372,Neha,Female,Grocery,8,4073.41,Card,Delivered,Mumbai,4
3341,16558,Ravi,Female,Electronics,2,3885.47,Card,Delivered,Hyderabad,4
3912,11725,Anuja,Female,Clothing,7,1641.23,UPI,Delivered,Bangalore,4
4334,13358,,Male,Furniture,5,3608.53,Card,Delivered,Kolkata,4
2216,15452,Neha,Male,Grocery,6,3041.73,Cash,Delivered,,4
4212,15378,Priya,Female,Clothing,6,402.85,UPI,Delivered,Chennai,4
1762,14260,Kiran,Female,Furniture,7,1013.96,Net Banking,Delivered,Chennai,4
2991,15573,Amit,Female,Clothing,2,3742.4,,Pending,Chennai,3
1545,10949,Pooja,Male,Grocery,3,3437.04,Cash,Delivered,Hyderabad,5
2963,16806,Neha,Female,Books,2,4047.89,Cash,Delivered,Pune,4
4161,11085,,Male,Grocery,1,998.92,Cash,Delivered,Kolkata,4
4854,10758,Ravi,Male,Clothing,1,1174.68,UPI,Cancelled,Mumbai,2
4729,10058,Arjun,Female,Furniture,8,3624.36,UPI,Pending,Delhi,4
1011,10916,Kiran,Male,Furniture,8,344.86,Net Banking,Delivered,Bangalore,3
3593,11345,Arjun,Female,Electronics,6,3083.57,UPI,Pending,Delhi,4
4489,16948,,Female,Books,7,412.89,UPI,Delivered,Hyderabad,4
3852,14320,Neha,Female,Furniture,5,3149.98,Card,Delivered,Kolkata,5
3657,13038,Amit,Male,Books,3,1438.5,Cash,Delivered,Delhi,4
1498,15510,Pooja,Male,Grocery,9,4043.57,UPI,Delivered,Hyderabad,4
3964,13483,Neha,Male,Clothing,8,3964.87,UPI,Delivered,Chennai,5
4308,11751,Anuja,Male,Grocery,9,1137.59,Net Banking,Delivered,Bangalore,3
4045,11209,Arjun,Male,Grocery,9,978.44,,Delivered,Pune,4
4065,11945,Ravi,Female,Clothing,2,4635.54,Net Banking,Delivered,,3
1938,18490,Arjun,Female,Books,7,4511.47,Net Banking,Delivered,Kolkata,4
1550,14760,Rahul,Female,Furniture,6,4443.19,UPI,Pending,Kolkata,2
3259,17673,Anuja,Female,Electronics,1,3633.74,Card,Delivered,Chennai,4
2663,12440,Anuja,Male,Grocery,8,476.18,Cash,Cancelled,Mumbai,2
3069,11623,Anuja,Male,Clothing,7,3807.51,,Delivered,Delhi,4
4601,11525,,Male,Clothing,6,1068.39,Net Banking,Pending,Kolkata,2
2530,14155,Neha,Female,Clothing,4,2670.09,Net Banking,Delivered,,4
2960,10527,Neha,Other,Electronics,7,4223.3,Card,Delivered,Bangalore,4
1449,18561,Priya,Male,Grocery,8,4063.73,Net Banking,Delivered,Hyderabad,5
4587,17816,Sneha,Other,Clothing,9,3297.4,Card,Delivered,Delhi,5
3236,11976,Priya,Male,Books,3,4784.99,,Delivered,Delhi,3
4934,10555,Amit,Female,Furniture,1,2288.49,Net Banking,Cancelled,Hyderabad,2
3442,17145,,Male,Furniture,6,2522.56,Net Banking,Delivered,Hyderabad,3
3993,13007,Amit,Female,Clothing,3,112.46,Net Banking,Delivered,Bangalore,5
4137,16185,Pooja,Male,Furniture,5,4888.14,Card,Delivered,Kolkata,3
2019,18592,Anuja,Female,Grocery,1,3464.79,Cash,Delivered,Delhi,5
1607,13785,Rahul,Male,Grocery,8,4459.11,Net Banking,Delivered,Chennai,3
2895,15465,Kiran,Female,Electronics,5,560.41,Net Banking,Delivered,Hyderabad,3
4756,13850,Pooja,Male,Grocery,3,3924.92,Net Banking,Delivered,Pune,5
2040,13201,,Male,Electronics,6,730.76,Card,Delivered,Delhi,4
1566,16601,Amit,Other,Electronics,1,4599.53,Card,Pending,Kolkata,3
1935,16755,Kiran,Female,Furniture,1,2428.83,Card,Delivered,Mumbai,4
2871,18469,Priya,Male,Grocery,1,4203.39,Card,Delivered,Bangalore,4
2947,10732,Amit,Female,Electronics,7,4431.79,UPI,Delivered,Chennai,4
4195,17060,Sneha,Male,Furniture,8,2903.85,UPI,Delivered,Kolkata,4
4726,14659,Priya,Male,Books,1,1395.52,UPI,Pending,Kolkata,3
4027,12532,Priya,Female,Grocery,2,2562.82,Cash,Delivered,Bangalore,4
4393,12132,Ravi,Male,Clothing,2,1017.05,Card,Delivered,Pune,3
1241,10027,,Female,Grocery,9,1819.72,Cash,Pending,Hyderabad,3
4558,15768,Amit,Male,Furniture,4,1651.86,,Delivered,Pune,4
1405,12653,Sneha,Male,Furniture,3,2813.18,UPI,Pending,Bangalore,2
2920,10020,Rahul,Female,Clothing,4,1789.96,UPI,Delivered,Pune,3
2674,17631,Rahul,Male,Books,3,4672.6,Net Banking,Delivered,Bangalore,4
4125,17710,Neha,Female,Books,9,2907.86,Cash,Pending,,3
2743,13902,Sneha,Female,Electronics,8,3470.53,UPI,Delivered,Hyderabad,3
4288,17583,Arjun,Female,Grocery,5,758.87,Cash,Delivered,Hyderabad,4
3614,11406,Arjun,Female,Grocery,8,,Cash,Delivered,Chennai,4
3867,10948,Anuja,Female,Clothing,5,4204.96,Cash,Delivered,Delhi,3
3913,17989,Arjun,Male,Grocery,7,916.53,Net Banking,Delivered,Delhi,4
4267,11960,Ravi,Female,Clothing,6,4680.78,Card,Delivered,Kolkata,4
4691,11211,Amit,Female,Furniture,1,,,Delivered,Pune,4
4883,10153,Rahul,Female,Books,8,3418.31,Cash,Delivered,Mumbai,3
3437,16654,Sneha,Female,Furniture,3,2245.31,Net Banking,Delivered,Hyderabad,5
2098,14784,,Male,Books,3,286.33,Card,Delivered,Hyderabad,4
2873,10947,Kiran,Female,Furniture,3,,Cash,Delivered,Chennai,3
4719,18708,Arjun,Female,Grocery,9,4604.27,UPI,Delivered,Hyderabad,5
1372,19493,,Female,Furniture,3,1512.21,Net Banking,Delivered,Mumbai,3
4923,14071,Anuja,Female,Electronics,4,610,Card,Returned,Delhi,1
1136,16291,Priya,Female,Grocery,5,767.61,Net Banking,Delivered,Delhi,5
2341,13632,Priya,Female,Grocery,7,3489.85,Card,Delivered,Chennai,4
2082,18866,Sneha,Female,Clothing,8,4526.28,UPI,Delivered,Pune,4
3248,19789,Anuja,Female,Electronics,3,,Card,Delivered,Bangalore,4
1028,19986,Amit,Female,Grocery,4,3438.43,Net Banking,Delivered,Mumbai,4
2634,15909,Neha,Female,Grocery,7,,Card,Delivered,Pune,4
4988,19309,Rahul,Female,Clothing,4,4172.77,Card,Pending,Hyderabad,2
1938,15893,Amit,Male,Books,9,1969.34,Cash,Cancelled,Chennai,2
2823,17206,Kiran,Female,Furniture,6,814.68,Card,Cancelled,Kolkata,2
4792,13136,Kiran,Male,Furniture,4,1899.88,Cash,Pending,Pune,4
4130,17257,Sneha,Female,Books,6,1779.31,Card,Delivered,Chennai,4
3494,13538,Priya,Female,Books,6,852.21,Cash,Delivered,Bangalore,3
1700,11896,Anuja,Female,Electronics,1,2179.59,Cash,Pending,Chennai,4
1189,18787,Pooja,Other,Furniture,8,979.19,Net Banking,Delivered,Chennai,4
2519,10256,Anuja,Male,Furniture,3,4100.55,Cash,Pending,Chennai,3
4022,11406,Kiran,Female,Clothing,9,2954.04,Net Banking,Pending,Hyderabad,4
1901,11368,,Male,Grocery,8,2112.52,UPI,Delivered,Mumbai,4
2589,12810,Anuja,Male,Books,1,133.93,Net Banking,Delivered,Bangalore,5
1372,19001,Priya,Female,Grocery,4,753.59,Net Banking,Cancelled,,2
2781,12271,Amit,Female,Furniture,7,1962.32,Card,Cancelled,Pune,3
1520,11780,Sneha,Male,Grocery,5,2190.86,,Delivered,Mumbai,3
2821,10754,Amit,Female,Clothing,3,3996.67,Cash,Delivered,,4
2847,16823,Pooja,Male,Books,4,4345.62,Cash,Delivered,Bangalore,4
3606,17207,Priya,Male,Clothing,2,1361.98,UPI,Pending,Chennai,3
3635,18793,Priya,Male,Grocery,5,963.05,UPI,Delivered,Pune,4
4478,18370,Amit,Male,Clothing,2,825.38,Card,Delivered,Mumbai,4
1843,10500,Pooja,Female,Grocery,3,3428.03,,Delivered,Delhi,4
1901,11223,Ravi,Male,Clothing,4,,,Delivered,Hyderabad,5
1976,15543,Rahul,Male,Furniture,4,4283.84,UPI,Delivered,Chennai,4
4594,18168,Ravi,Male,Electronics,6,2028.14,Cash,Delivered,Pune,4
3551,15914,,Female,Furniture,6,3215.37,UPI,Delivered,Kolkata,4
1106,13253,Pooja,Female,Furniture,2,3338.17,Net Banking,Returned,Kolkata,2
2777,10543,Ravi,Male,Grocery,2,1891.7,Net Banking,Cancelled,Bangalore,2
2683,11278,Arjun,Other,Books,6,2043.7,Card,Delivered,Delhi,4
3163,10933,Amit,Male,Grocery,1,4621.34,UPI,Pending,Mumbai,3
4228,13641,Pooja,Female,Clothing,8,4745.79,UPI,Pending,Hyderabad,3
2134,11171,Pooja,Male,Clothing,2,1900.43,UPI,Delivered,Mumbai,4
1624,12665,Arjun,Other,Furniture,5,3059.69,Card,Delivered,Bangalore,4
1658,13957,,Female,Electronics,8,3089.61,Card,Delivered,Bangalore,4
4134,15132,Amit,Female,Books,3,193.28,Card,Delivered,Pune,4
2043,16513,Ravi,Female,Clothing,7,4771.85,Net Banking,Delivered,Delhi,4
4634,14638,Anuja,Male,Furniture,1,4752.56,UPI,Delivered,Kolkata,4
4668,16278,Neha,Male,Furniture,5,3817.93,Cash,Delivered,Bangalore,4
1730,14228,Priya,Female,Books,3,3086.84,Net Banking,Delivered,Pune,4
2037,11766,Neha,Male,Books,7,3865.38,Cash,Delivered,Kolkata,4
3046,13010,Sneha,Male,Clothing,5,385.43,Net Banking,Delivered,Hyderabad,4
3550,17789,Pooja,Male,Books,8,4375,Card,Delivered,Bangalore,4
1438,19578,Ravi,Male,Clothing,7,4173.57,UPI,Cancelled,Mumbai,3
1083,11842,Amit,Female,Grocery,6,1091.78,Card,Pending,Kolkata,3
4672,18724,Ravi,Female,Clothing,5,4224.08,Net Banking,Delivered,Mumbai,4
2819,18276,Sneha,Female,Electronics,8,195.09,Cash,Delivered,Kolkata,3
2800,12770,Anuja,Male,Furniture,1,2540.05,Net Banking,Delivered,Kolkata,5
2325,14833,Kiran,Male,Books,8,863.51,,Delivered,Hyderabad,4
2162,18992,Anuja,Male,Clothing,2,329.12,Card,Delivered,Mumbai,4
2710,14760,,Female,Books,2,4179.92,Card,Delivered,Hyderabad,4
1459,17084,Sneha,Male,Clothing,1,2922.18,Net Banking,Pending,,3
1549,12846,,Female,Grocery,8,2256.44,Card,Delivered,Hyderabad,4
3263,10348,Kiran,Female,Clothing,7,537.18,UPI,Cancelled,Mumbai,2
1492,17556,Pooja,Female,Electronics,2,1416.24,Cash,Delivered,Chennai,5
1153,11231,Ravi,Male,Books,5,1890.22,Cash,Cancelled,Chennai,1
1766,18720,Neha,Male,Clothing,8,4923.12,Card,Cancelled,Mumbai,3
4224,19350,Anuja,Male,Electronics,1,2171.75,Card,Delivered,Pune,5
2948,16572,Priya,Female,Books,7,4384.64,Card,Pending,Delhi,2
4278,19274,Rahul,Other,Books,5,1024.01,Cash,Cancelled,,1
3809,16906,Amit,Female,Furniture,7,2327.38,Card,Delivered,Pune,4
3547,18401,Ravi,Male,Grocery,9,3496.41,Card,Delivered,Bangalore,5
1672,15943,Kiran,Female,Books,9,4624.07,Cash,Delivered,,4
1616,12642,Amit,Female,Grocery,1,900.55,Cash,Cancelled,Hyderabad,2
1719,10815,Neha,Male,Furniture,7,2093.07,Net Banking,Delivered,Mumbai,5
2009,19950,Arjun,Male,Books,9,2443.44,UPI,Delivered,Chennai,4
3201,16403,Rahul,Male,Books,3,4413.76,Card,Pending,Chennai,3
2563,15434,Priya,Female,Clothing,7,3983.67,UPI,Pending,Chennai,4
3380,15265,Rahul,Male,Books,9,435.18,,Pending,Pune,3
1739,19445,Amit,Male,Furniture,3,3905.89,Net Banking,Delivered,Bangalore,4
1638,13883,Kiran,Female,Electronics,9,1156.56,UPI,Delivered,Kolkata,4
1935,16917,Anuja,Male,Clothing,3,761.35,UPI,Delivered,Mumbai,4
3394,19330,Pooja,Male,Grocery,7,1725.07,Net Banking,Delivered,Delhi,4
2633,14443,Ravi,Female,Electronics,7,2457.32,Cash,Returned,Kolkata,2
1556,17631,Priya,Female,Furniture,5,4326.34,Cash,Delivered,Hyderabad,4
1902,16007,Anuja,Male,Furniture,7,985.36,UPI,Delivered,Hyderabad,4
1784,10821,Amit,Male,Furniture,6,159.9,Net Banking,Delivered,Kolkata,4
4470,14782,Sneha,Other,Books,5,2098.58,Net Banking,Delivered,Hyderabad,3
4639,18340,Anuja,Male,Furniture,7,2534.62,Card,Pending,Bangalore,3
4198,19488,Amit,Other,Furniture,1,629.52,UPI,Delivered,Chennai,5
3892,16113,Pooja,Male,Grocery,6,3480.51,Card,Delivered,Hyderabad,4
1755,10160,Priya,Female,Electronics,4,4002.67,UPI,Delivered,Chennai,4
1847,16436,Kiran,Female,Furniture,9,711.32,Net Banking,Pending,Chennai,4
2081,14987,Ravi,Male,Clothing,9,1258.54,Card,Delivered,Chennai,4
4255,10840,Priya,Female,Grocery,7,2674.02,Card,Cancelled,Mumbai,2
4512,15907,Pooja,Male,Furniture,6,3560.58,Cash,Delivered,Bangalore,4
1437,10870,Sneha,Male,Electronics,8,3578.04,Net Banking,Pending,Pune,3
3672,19107,Amit,Female,Grocery,9,147.58,Card,Delivered,Delhi,4
1244,17540,Ravi,Male,Furniture,1,2338.73,Card,Delivered,Chennai,4
4031,18650,Neha,Female,Electronics,9,4844.64,Card,Cancelled,Kolkata,3
2567,11825,Priya,Male,Grocery,6,,Net Banking,Delivered,Chennai,3
1126,15524,Anuja,Male,Books,7,136.75,UPI,Delivered,Hyderabad,5
1502,12869,Arjun,Male,Grocery,9,2494.37,,Delivered,Delhi,5
1044,19047,Neha,Male,Electronics,5,605.57,Card,Delivered,Kolkata,3
4341,14378,Pooja,Male,Electronics,6,2911.81,,Delivered,Kolkata,4
3903,10095,Ravi,Male,Grocery,6,2781.41,Card,Delivered,Pune,5
3423,17813,Sneha,Female,Electronics,3,4484.26,Card,Pending,Chennai,3
1507,18675,Sneha,Female,Furniture,9,332.32,Card,Delivered,Pune,4
1477,18268,Arjun,Female,Books,7,1184.51,Card,Delivered,Hyderabad,5
3535,12010,Priya,Female,Grocery,2,1819.12,Net Banking,Pending,Kolkata,3
2955,17242,Amit,Male,Furniture,8,1786.33,Card,Cancelled,Kolkata,1
4237,15691,Rahul,Female,Furniture,3,,Card,Delivered,Pune,4
3459,17432,Anuja,Female,Furniture,9,3192.88,Cash,Delivered,Hyderabad,4
3259,16322,Arjun,Male,Clothing,1,1434.28,Cash,Returned,Pune,2
1206,13057,Arjun,Female,Furniture,9,4957.4,UPI,Delivered,Mumbai,4
3660,16960,Priya,Female,Electronics,7,316.96,Cash,Delivered,Delhi,4
3185,17670,Kiran,Male,Books,7,4000.87,Cash,Delivered,Pune,3
4757,14369,Arjun,Female,Books,1,4819.31,,Returned,Hyderabad,2
3032,11806,Rahul,Female,Grocery,3,1919.32,Card,Returned,Chennai,2
3161,19727,Anuja,Female,Clothing,6,4342.08,Net Banking,Delivered,Delhi,3
1479,12584,Priya,Male,Clothing,9,2000.5,Net Banking,Pending,Delhi,3
1782,17215,,Male,Electronics,3,377.86,Cash,Pending,Pune,4
1845,11883,Pooja,Female,Clothing,2,1372.5,Card,Returned,Delhi,3
2454,12780,Anuja,Male,Furniture,9,4795.18,Net Banking,Cancelled,Delhi,3
1057,18606,Amit,Male,Clothing,6,,Net Banking,Delivered,Mumbai,4
1899,19735,Ravi,Female,Furniture,7,395.26,Card,Cancelled,Kolkata,1
1657,12807,Rahul,Female,Furniture,5,4004.39,Cash,Delivered,Kolkata,5
3372,14661,Neha,Female,Books,5,2579.52,Card,Delivered,Chennai,4
1935,16189,Priya,Female,Grocery,3,4218.06,Cash,Delivered,Pune,4
4298,14421,Sneha,Female,Grocery,4,1193.29,Card,Returned,Pune,1
4847,15082,Priya,Other,Furniture,8,1718.06,UPI,Delivered,Kolkata,4
3300,15288,Priya,Female,Grocery,4,3305.81,Cash,Delivered,Bangalore,4
4714,16411,Arjun,Female,Books,9,4196.74,Card,Delivered,Mumbai,5
1709,15724,Rahul,Female,Clothing,7,1426.71,UPI,Delivered,Mumbai,3
2098,16060,Priya,Female,Electronics,3,4535.59,Net Banking,Delivered,Delhi,4
3857,18412,Priya,Female,Electronics,6,2228.94,UPI,Delivered,Bangalore,5
4509,10868,Priya,Female,Clothing,2,1357.84,UPI,Pending,Delhi,3
3725,10932,Amit,Male,Clothing,8,4903.37,Cash,Delivered,,4
1042,13133,Pooja,Male,Electronics,3,4966.95,Cash,Cancelled,Chennai,1
4363,12433,Arjun,Female,Clothing,6,3017.86,Net Banking,Delivered,Delhi,4
2051,13367,Rahul,Female,Furniture,7,188.29,UPI,Delivered,Chennai,4
2866,16320,Ravi,Male,Clothing,8,1410.52,Net Banking,Delivered,Delhi,4
3808,11999,Amit,Male,Books,4,1995.94,Cash,Delivered,Bangalore,5
1848,19850,Rahul,Male,Books,9,694.78,Card,Returned,Chennai,2
1923,11779,Priya,Male,Furniture,6,4298.59,Cash,Delivered,,4
2417,16724,Pooja,Male,Clothing,3,752.22,,Delivered,Bangalore,3
3576,11647,Amit,Male,Furniture,4,3637.66,Cash,Delivered,Hyderabad,4
4302,18736,Priya,Male,Books,8,1006.35,Net Banking,Delivered,Mumbai,5
4258,18498,Arjun,Male,Furniture,7,4639.73,Net Banking,Delivered,Chennai,4
3842,17961,Amit,Female,Clothing,2,3461.98,Cash,Delivered,Delhi,4
4735,15003,Amit,Female,Clothing,6,2568.52,UPI,Delivered,Delhi,4
1495,13685,Ravi,Female,Clothing,5,3268.07,Net Banking,Delivered,Chennai,4
2594,14240,Anuja,Female,Grocery,7,423.15,UPI,Delivered,Delhi,4
3396,16524,Amit,Female,Electronics,2,265.98,Cash,Pending,Pune,3
2487,15176,Ravi,Male,Clothing,9,4633.44,,Delivered,Pune,4
4809,13266,Pooja,Female,Electronics,4,2569.65,Cash,Cancelled,Hyderabad,2
2004,19433,Neha,Female,Electronics,3,4322.67,Cash,Delivered,Mumbai,4
4373,15828,Anuja,Female,Grocery,1,,UPI,Pending,Hyderabad,4
3043,14477,Pooja,Male,Electronics,4,2186.26,UPI,Delivered,Mumbai,4
3461,15775,Rahul,Male,Books,9,2178.55,UPI,Delivered,Hyderabad,4
1645,17001,Ravi,Male,Electronics,6,3520.73,Net Banking,Delivered,Delhi,4
2698,17264,Neha,Female,Clothing,2,4722.45,UPI,Returned,Pune,2
2357,14180,Neha,Male,Furniture,4,316.58,Cash,Returned,Bangalore,2
2784,13239,Kiran,Female,Clothing,1,1092.97,Cash,Delivered,Hyderabad,4
4173,16391,Priya,Male,Grocery,6,1361.49,Card,Cancelled,Mumbai,2
4545,18001,Sneha,Female,Grocery,1,724.81,Card,Delivered,Kolkata,4
2159,11415,Neha,Female,Furniture,6,1646.84,Net Banking,Pending,Bangalore,2
4293,17894,,Male,Furniture,9,3778.53,UPI,Delivered,Bangalore,4
1665,17519,Neha,Male,Furniture,2,586.13,Cash,Pending,Mumbai,3
4632,16922,,Female,Books,8,4007.83,Card,Delivered,Hyderabad,5
4847,17647,Amit,Male,Electronics,1,1141.75,Cash,Pending,Bangalore,3
2404,10362,Kiran,Female,Grocery,9,1923.83,Cash,Delivered,Chennai,5
1192,15064,Pooja,Male,Furniture,9,3523.26,UPI,Pending,Mumbai,3
2094,10244,Anuja,Male,Grocery,8,2467.72,Net Banking,Delivered,Kolkata,4
3112,10060,,Male,Electronics,6,3153.07,UPI,Delivered,Kolkata,3
4426,16626,Rahul,Female,Grocery,9,772.58,UPI,Delivered,Hyderabad,4
4953,12082,Ravi,Female,Grocery,2,1879.5,,Cancelled,Hyderabad,3
4458,13625,Neha,Male,Clothing,3,4787,Cash,Cancelled,Delhi,2
1116,11774,Sneha,Female,Clothing,1,839.9,UPI,Delivered,Hyderabad,3
3457,18585,Pooja,Male,Electronics,2,1121.08,Net Banking,Delivered,Delhi,4
1998,11589,Priya,Male,Furniture,7,3594.87,UPI,Delivered,Bangalore,4
4812,14675,Priya,Female,Grocery,5,4565.13,UPI,Delivered,Delhi,4
4836,17607,Neha,Male,Books,6,2565.53,Cash,Delivered,Kolkata,5
1335,18089,Arjun,Male,Clothing,5,3273.24,UPI,Delivered,Delhi,5
2955,12939,Sneha,Male,Clothing,1,4835.93,Net Banking,Pending,Delhi,3
1038,11465,Pooja,Female,Grocery,9,1057.78,Card,Pending,Pune,3
3933,18734,Amit,Male,Furniture,1,3854.02,Net Banking,Delivered,Pune,5
1069,11781,Ravi,Female,Furniture,1,1976.18,Net Banking,Returned,Hyderabad,1
2125,16487,Amit,Female,Furniture,4,2414.8,UPI,Pending,Delhi,3
3398,12722,Rahul,Male,Electronics,7,2339.87,Cash,Delivered,Hyderabad,4
4605,15269,Amit,Male,Grocery,3,2928.92,Card,Delivered,Delhi,4
3595,12364,Priya,Female,Clothing,1,889.87,Card,Returned,Chennai,3
4521,11129,Arjun,Male,Furniture,2,3077.44,Cash,Delivered,Hyderabad,4
4906,11740,Sneha,Male,Grocery,6,,Card,Cancelled,Pune,2
4559,14370,Kiran,Male,Furniture,2,107.45,UPI,Cancelled,Hyderabad,2
1959,17063,Sneha,Male,Furniture,6,558.35,Card,Delivered,Bangalore,4
3783,16213,Pooja,Male,Grocery,4,2569.75,Net Banking,Delivered,Delhi,4
1914,18384,Sneha,Male,Grocery,9,226.83,Cash,Delivered,Kolkata,4
2369,15851,Arjun,Female,Grocery,3,438.39,Card,Delivered,Hyderabad,4
1820,10219,Rahul,Other,Grocery,7,2698.36,Cash,Pending,Pune,3
4810,19481,Priya,Female,Clothing,1,1443.61,Net Banking,Delivered,Hyderabad,4
4976,12957,Neha,Male,Electronics,8,3012.73,UPI,Returned,Pune,3
1773,16351,Rahul,Female,Clothing,9,,Cash,Delivered,Chennai,5
2759,19296,Sneha,Female,Clothing,5,195.06,Net Banking,Delivered,Kolkata,4
2199,13758,Arjun,Male,Books,6,3150.76,UPI,Pending,Pune,3
3299,17250,Rahul,Male,Electronics,8,2350.77,UPI,Delivered,Delhi,5
1306,17939,Amit,Male,Books,2,3324,Card,Pending,Pune,3
3424,16853,Priya,Female,Electronics,3,2162.09,,Delivered,Kolkata,4
1092,10831,Sneha,Female,Electronics,5,,Card,Delivered,Kolkata,5
2784,12304,Arjun,Male,Clothing,9,477.45,UPI,Delivered,Delhi,4
2940,14999,Amit,Female,Electronics,3,1403.08,Card,Delivered,Pune,4
2170,16651,Neha,Female,Grocery,6,531.14,Net Banking,Cancelled,Hyderabad,1
2036,16695,Priya,Female,Clothing,4,2273.8,UPI,Cancelled,Delhi,2
1390,14726,Anuja,Male,Furniture,3,4258.71,Card,Pending,Chennai,3
3713,15993,Rahul,Male,Electronics,6,2353.75,UPI,Cancelled,Delhi,2
2689,12847,Amit,Female,Books,7,4513.23,Card,Pending,Delhi,3
1998,12073,Sneha,Male,Electronics,2,3357.96,Card,Delivered,Pune,3
1797,14822,Priya,Female,Books,3,4009.82,Card,Delivered,Mumbai,4
2531,18159,Rahul,Female,Electronics,5,1469.18,Net Banking,Pending,Bangalore,2
3745,14377,Pooja,Male,Books,8,1334.91,Net Banking,Delivered,Hyderabad,3
2926,10594,Kiran,Female,Clothing,5,4599.91,,Cancelled,,2
4212,13897,Arjun,Female,Books,1,1651.1,UPI,Delivered,Bangalore,4
2687,15088,Arjun,Female,Electronics,9,556.87,UPI,Delivered,Bangalore,4
1640,14681,Pooja,Female,Electronics,5,746.4,Card,Delivered,Bangalore,4
1425,11543,Arjun,Female,Clothing,9,4354.33,Cash,Delivered,Pune,4
1531,15289,,Female,Books,5,867.27,Net Banking,Cancelled,Bangalore,2
4118,19060,,Male,Clothing,6,3769.72,Card,Delivered,,3
3480,11787,Kiran,Male,Grocery,7,412.91,UPI,Delivered,Hyderabad,3
3209,13957,Sneha,Male,Grocery,9,1181.58,Card,Delivered,Pune,4
2167,17141,Neha,Female,Electronics,4,3392.76,Net Banking,Pending,Mumbai,2
2380,15506,Neha,Female,Grocery,6,3476.27,Net Banking,Delivered,Kolkata,4
1200,12538,Pooja,Female,Furniture,9,161.26,Net Banking,Delivered,Kolkata,4
3448,10453,Rahul,Female,Grocery,4,3879.68,Net Banking,Delivered,Kolkata,3
3585,10514,Amit,Female,Electronics,5,4997.85,Card,Delivered,Bangalore,4
1519,19745,Kiran,Female,Electronics,4,1174.88,UPI,Delivered,Mumbai,4
1075,17211,,Male,Clothing,1,1797.17,Card,Cancelled,Kolkata,2
2989,14491,,Female,Books,3,,Net Banking,Delivered,Pune,4
1777,11134,Ravi,Female,Furniture,7,773.77,UPI,Delivered,Delhi,5
2899,19705,Ravi,Male,Books,4,,Net Banking,Delivered,Mumbai,3
2723,16443,Amit,Female,Electronics,4,3064.4,Card,Delivered,Chennai,3
2974,19079,Neha,Male,Books,3,627.73,Card,Delivered,Chennai,4
4415,13272,Anuja,Male,Books,9,4336.92,Net Banking,Cancelled,Kolkata,2
2181,15438,Rahul,Male,Books,5,4111.68,Cash,Pending,Hyderabad,4
1998,10443,Neha,Other,Books,9,2461.59,Net Banking,Delivered,Bangalore,5
1941,13708,Neha,Male,Grocery,4,4694.3,UPI,Delivered,Bangalore,4
2668,14931,Ravi,Female,Books,4,4742.35,Net Banking,Delivered,Hyderabad,4
4259,12072,Neha,Female,Books,2,1603.72,Cash,Delivered,Mumbai,4
1182,17972,Kiran,Male,Furniture,3,,UPI,Delivered,Pune,3
1897,12606,Pooja,Male,Furniture,1,1526.94,Card,Delivered,Chennai,4
1273,19871,Kiran,Male,Books,5,2282.48,Cash,Pending,Pune,3
2701,12063,Anuja,Other,Books,5,2368.7,Card,Delivered,Hyderabad,4
3395,16986,Sneha,Female,Furniture,1,4933.96,Cash,Delivered,Kolkata,4
1495,11120,Anuja,Female,Electronics,1,1315.43,Net Banking,Pending,Hyderabad,4
4838,16472,Priya,Other,Grocery,4,4606.46,Card,Delivered,Chennai,4
3931,15480,Sneha,Male,Furniture,8,4623.2,Net Banking,Delivered,Hyderabad,5
2617,10120,Priya,Female,Furniture,4,1314.83,Net Banking,Delivered,Mumbai,3
4096,16704,Amit,Male,Furniture,3,,Net Banking,Delivered,Bangalore,5
2640,13407,Neha,Female,Grocery,4,160.21,UPI,Delivered,Bangalore,4
4828,17013,Pooja,Male,Furniture,2,3342.42,Card,Cancelled,Delhi,2
3809,18053,Pooja,Female,Clothing,8,1527.11,Cash,Pending,Bangalore,3
2521,11224,Neha,Female,Grocery,9,4988.79,Net Banking,Delivered,Kolkata,4
1608,11749,Amit,Other,Furniture,8,2894.57,Card,Cancelled,Kolkata,2
1573,14077,Pooja,Male,Clothing,2,2422.48,Net Banking,Delivered,Chennai,3
2120,15740,Rahul,Male,Furniture,4,1462.86,Net Banking,Delivered,Pune,4
2069,14741,Neha,Male,Furniture,6,2269.26,UPI,Returned,Chennai,2
4908,13358,Kiran,Other,Furniture,2,4810.3,Cash,Delivered,Pune,3
1418,10835,Amit,Female,Furniture,7,1810.59,Net Banking,Delivered,Mumbai,4
3910,19102,Priya,Female,Furniture,3,2796.19,UPI,Delivered,Delhi,4
3410,14835,Ravi,Female,Grocery,2,3562.36,Cash,Delivered,Delhi,4
4507,11973,Amit,Male,Furniture,4,3052.48,UPI,Returned,Hyderabad,2
4369,12452,Arjun,Female,Furniture,4,4054.59,UPI,Pending,Mumbai,2
1307,18848,Priya,Male,Grocery,6,4940.03,Cash,Pending,Pune,3
3504,10392,Anuja,Male,Grocery,8,4262.72,Cash,Delivered,Hyderabad,5
2492,19644,Arjun,Male,Grocery,3,1355.14,UPI,Delivered,Chennai,4
1269,17692,Kiran,Female,Furniture,2,4909.2,Cash,Delivered,Pune,3
4204,15599,Pooja,Male,Clothing,7,102.44,Net Banking,Delivered,Pune,4
4143,11400,Kiran,Female,Furniture,7,3175.2,Net Banking,Pending,Bangalore,2
2232,19230,Priya,Female,Furniture,7,1736.21,Card,Delivered,Pune,4
1993,14076,Arjun,Other,Clothing,8,2209.54,Net Banking,Returned,Hyderabad,3
3330,11643,Arjun,Male,Furniture,6,4581.18,UPI,Returned,Delhi,2
3132,16264,Rahul,Male,Books,7,4561.17,UPI,Pending,Kolkata,3
3801,16804,Kiran,Female,Books,6,2089.12,Card,Delivered,Bangalore,4
2329,12434,Sneha,Male,Electronics,3,1092.48,Card,Delivered,Mumbai,4
1377,17083,Rahul,Female,Grocery,2,2480.73,Net Banking,Delivered,Bangalore,4
1649,11935,Kiran,Female,Furniture,2,4924.24,Card,Delivered,Kolkata,4
1228,13285,,Female,Electronics,4,2383.09,Cash,Delivered,Mumbai,4
3323,15400,Ravi,Female,Furniture,4,4552.74,Net Banking,Pending,Delhi,3
3101,15612,Sneha,Male,Clothing,2,4444.01,Card,Delivered,Delhi,5
1147,10889,Priya,Male,Electronics,9,985.92,UPI,Pending,Mumbai,2
3188,10303,Kiran,Male,Electronics,2,1605.43,UPI,Delivered,Chennai,5
2252,16032,Arjun,Male,Clothing,1,3441.38,Cash,Delivered,Hyderabad,4
1285,15228,Kiran,Male,Grocery,5,2505.54,,Cancelled,Chennai,3
1383,17931,Amit,Female,Clothing,9,2794.81,Card,Delivered,Mumbai,4
1536,18130,Ravi,Male,Electronics,9,2803.4,Net Banking,Delivered,Kolkata,4
3983,15820,,Male,Grocery,8,3832.26,Card,Pending,Kolkata,3
